#
# A fatal error has been detected by the Java Runtime Environment:
#
#  Internal Error (utilities/concurrentHashTable.inline.hpp:680), pid=18100, tid=13464
#  fatal error: aux_index does not match even or odd indices
#
# JRE version: Java(TM) SE Runtime Environment (17.0.12+8) (build 17.0.12+8-LTS-286)
# Java VM: Java HotSpot(TM) 64-Bit Server VM (17.0.12+8-LTS-286, mixed mode, sharing, tiered, compressed oops, compressed class ptrs, g1 gc, windows-amd64)
# No core dump will be written. Minidumps are not enabled by default on client versions of Windows
#
# If you would like to submit a bug report, please visit:
#   https://bugreport.java.com/bugreport/crash.jsp
#

---------------  S U M M A R Y ------------

Command Line: --add-opens=java.base/java.lang=ALL-UNNAMED --add-opens=java.base/java.lang.invoke=ALL-UNNAMED --add-opens=java.base/java.util=ALL-UNNAMED --add-opens=java.prefs/java.util.prefs=ALL-UNNAMED --add-exports=jdk.compiler/com.sun.tools.javac.api=ALL-UNNAMED --add-exports=jdk.compiler/com.sun.tools.javac.util=ALL-UNNAMED --add-opens=java.base/java.util=ALL-UNNAMED --add-opens=java.prefs/java.util.prefs=ALL-UNNAMED --add-opens=java.base/java.nio.charset=ALL-UNNAMED --add-opens=java.base/java.net=ALL-UNNAMED --add-opens=java.base/java.util.concurrent.atomic=ALL-UNNAMED --add-opens=java.xml/javax.xml.namespace=ALL-UNNAMED -Xmx2048m -Dfile.encoding=UTF-8 -Duser.country=US -Duser.language=en -Duser.variant -javaagent:C:\Users\jirag\.gradle\wrapper\dists\gradle-8.13-bin\5xuhj0ry160q40clulazy9h7d\gradle-8.13\lib\agents\gradle-instrumentation-agent-8.13.jar org.gradle.launcher.daemon.bootstrap.GradleDaemon 8.13

Host: 12th Gen Intel(R) Core(TM) i5-1235U, 12 cores, 15G,  Windows 11 , 64 bit Build 26100 (10.0.26100.7920)
Time: Sat Apr 11 11:19:39 2026 India Standard Time elapsed time: 50.148623 seconds (0d 0h 0m 50s)

---------------  T H R E A D  ---------------

Current thread (0x000001906747ea60):  JavaThread "Service Thread" daemon [_thread_in_vm, id=13464, stack(0x0000007cf5400000,0x0000007cf5500000)]

Stack: [0x0000007cf5400000,0x0000007cf5500000]
Native frames: (J=compiled Java code, j=interpreted, Vv=VM code, C=native code)
V  [jvm.dll+0x67a04a]
V  [jvm.dll+0x7da4ed]
V  [jvm.dll+0x7dbe33]
V  [jvm.dll+0x244ddb]
V  [jvm.dll+0x74be4b]
V  [jvm.dll+0x74a8fa]
V  [jvm.dll+0x749ecb]
V  [jvm.dll+0x6de7f2]
V  [jvm.dll+0x79075c]
V  [jvm.dll+0x78abea]
V  [jvm.dll+0x678f35]
C  [ucrtbase.dll+0x37b0]
C  [KERNEL32.DLL+0x2e8d7]
C  [ntdll.dll+0x8c48c]


---------------  P R O C E S S  ---------------

Threads class SMR info:
_java_thread_list=0x0000019067721f50, length=199, elements={
0x0000019046db57d0, 0x000001906746ca00, 0x000001906746f0f0, 0x000001906747e0a0,
0x000001906747e580, 0x000001906747ea60, 0x000001906759c0c0, 0x000001906759cee0,
0x000001906759e410, 0x000001906759ed40, 0x00000190676ad2c0, 0x0000019067760980,
0x000001906d85ee60, 0x000001906dab6b30, 0x000001906d9b1700, 0x000001906db5efe0,
0x000001906db5ead0, 0x000001906db5dba0, 0x000001906db5e0b0, 0x000001906db5e5c0,
0x000001906db5d180, 0x000001906db5f4f0, 0x000001906db5ff10, 0x000001906db5d690,
0x000001906db60930, 0x000001906db60420, 0x000001906f722bd0, 0x000001906f7230e0,
0x000001906f724a30, 0x000001906f7226c0, 0x000001906f724520, 0x000001906f7235f0,
0x000001906f724010, 0x000001906f7286f0, 0x000001906f725e70, 0x000001906f7281e0,
0x000001906f726380, 0x000001906f726890, 0x000001906f728c00, 0x000001906f725450,
0x000001906f729110, 0x000001906f7277c0, 0x000001906f725960, 0x000001906f727cd0,
0x000001906f726da0, 0x000001906f7272b0, 0x000001906cc88da0, 0x000001906cc86f40,
0x000001906cc87e70, 0x000001906cc87960, 0x000001906cc892b0, 0x000001906cc87450,
0x000001906cc89cd0, 0x000001906cc8bb30, 0x000001906cc897c0, 0x000001906cc8b110,
0x000001906cc8a1e0, 0x000001906cc8a6f0, 0x000001906cc8ac00, 0x000001906cc88380,
0x000001906cc8c040, 0x000001906cc88890, 0x000001906cc8e3b0, 0x000001906cc8cf70,
0x000001906cc8d480, 0x000001906cc8d990, 0x000001906cc8e8c0, 0x0000019070011000,
0x0000019070011f30, 0x000001907000ec90, 0x000001907a7a4630, 0x000001907a7a3700,
0x000001907a7a31f0, 0x000001907a7a22c0, 0x000001907a7a2ce0, 0x000001907a7a1db0,
0x000001907a7a27d0, 0x000001907a7a4120, 0x000001907a7a4b40, 0x000001907a7a5050,
0x000001907a7a18a0, 0x000001907a7a5560, 0x000001907a7a6490, 0x000001907a7a69a0,
0x000001907a7a6eb0, 0x000001907a7a5f80, 0x000001907a7a5a70, 0x000001907a7a73c0,
0x000001907a7a3c10, 0x000001907a7a78d0, 0x000001907a7a8d10, 0x000001907a7a7de0,
0x000001907a7a82f0, 0x000001907a7a8800, 0x000001907a7a9220, 0x000001906f441570,
0x000001906f4429b0, 0x000001906f444300, 0x000001906f444810, 0x000001906f441060,
0x000001906f444d20, 0x000001906f441f90, 0x000001906f443df0, 0x000001906f441a80,
0x000001906f442ec0, 0x000001906f445230, 0x000001906f445740, 0x000001906f445c50,
0x000001906f4433d0, 0x000001906f4424a0, 0x000001906f447090, 0x000001906f446160,
0x000001906f446b80, 0x000001906f446670, 0x000001906f4438e0, 0x000001906f4475a0,
0x000001906f447ab0, 0x000001906f4484d0, 0x000001906f4489e0, 0x000001906dc777a0,
0x000001906dc76870, 0x000001906dc78be0, 0x000001906dc77cb0, 0x000001906dc786d0,
0x000001906dc75430, 0x000001906dc781c0, 0x000001906dc790f0, 0x000001906dc75e50,
0x000001906dc76360, 0x000001906dc79b10, 0x000001906dc7a020, 0x000001906dc7a530,
0x000001906dc76d80, 0x000001906dc7aa40, 0x000001906dc77290, 0x000001906dc7be80,
0x000001906dc7cdb0, 0x000001906dc7c390, 0x000001906dc7af50, 0x000001906dc7b970,
0x000001906dc7c8a0, 0x0000019072e54930, 0x0000019072e54e40, 0x0000019072e55350,
0x0000019072e534f0, 0x0000019072e55860, 0x0000019072e525c0, 0x0000019072e52ad0,
0x0000019072e52fe0, 0x0000019072e53a00, 0x0000019072e520b0, 0x0000019072e55d70,
0x0000019072e53f10, 0x0000019072e56280, 0x0000019072e56790, 0x0000019072e54420,
0x0000019072e59520, 0x0000019072e59a30, 0x0000019072e58b00, 0x0000019072e56ca0,
0x0000019072e580e0, 0x0000019072e59010, 0x0000019072e571b0, 0x0000019072e576c0,
0x0000019072e57bd0, 0x0000019072e585f0, 0x0000019072a372e0, 0x0000019072a37d00,
0x0000019072a377f0, 0x0000019072a38210, 0x0000019072a38720, 0x0000019072a38c30,
0x0000019072a368c0, 0x0000019072a363b0, 0x0000019072a3a070, 0x0000019072a3ce00,
0x0000019072a3bed0, 0x0000019072a3afa0, 0x0000019072a3aa90, 0x0000019072a3b9c0,
0x000001906f7221b0, 0x00000190713fdef0, 0x000001906c015a80, 0x000001906c015570,
0x000001906c015060, 0x000001906c013c20, 0x000001906c014640, 0x000001906c015f90,
0x000001906c014b50, 0x000001906c016ec0, 0x000001907a7cc680, 0x000001907a7cb240,
0x000001907a7cd0a0, 0x000001907a7c9e00, 0x000001907a7ca310, 0x000001907a7cc170,
0x000001907a7ccb90, 0x000001907a7c98f0, 0x000001907a7cbc60
}

Java Threads: ( => current thread )
  0x0000019046db57d0 JavaThread "main" [_thread_blocked, id=14420, stack(0x0000007cf4900000,0x0000007cf4a00000)]
  0x000001906746ca00 JavaThread "Reference Handler" daemon [_thread_blocked, id=13468, stack(0x0000007cf5000000,0x0000007cf5100000)]
  0x000001906746f0f0 JavaThread "Finalizer" daemon [_thread_blocked, id=6476, stack(0x0000007cf5100000,0x0000007cf5200000)]
  0x000001906747e0a0 JavaThread "Signal Dispatcher" daemon [_thread_blocked, id=12088, stack(0x0000007cf5200000,0x0000007cf5300000)]
  0x000001906747e580 JavaThread "Attach Listener" daemon [_thread_blocked, id=1872, stack(0x0000007cf5300000,0x0000007cf5400000)]
=>0x000001906747ea60 JavaThread "Service Thread" daemon [_thread_in_vm, id=13464, stack(0x0000007cf5400000,0x0000007cf5500000)]
  0x000001906759c0c0 JavaThread "Monitor Deflation Thread" daemon [_thread_blocked, id=12176, stack(0x0000007cf5500000,0x0000007cf5600000)]
  0x000001906759cee0 JavaThread "C2 CompilerThread0" daemon [_thread_blocked, id=3952, stack(0x0000007cf5600000,0x0000007cf5700000)]
  0x000001906759e410 JavaThread "C1 CompilerThread0" daemon [_thread_blocked, id=7556, stack(0x0000007cf5700000,0x0000007cf5800000)]
  0x000001906759ed40 JavaThread "Sweeper thread" daemon [_thread_blocked, id=16684, stack(0x0000007cf5800000,0x0000007cf5900000)]
  0x00000190676ad2c0 JavaThread "Common-Cleaner" daemon [_thread_blocked, id=19880, stack(0x0000007cf5900000,0x0000007cf5a00000)]
  0x0000019067760980 JavaThread "Notification Thread" daemon [_thread_blocked, id=1340, stack(0x0000007cf5b00000,0x0000007cf5c00000)]
  0x000001906d85ee60 JavaThread "Daemon health stats" [_thread_blocked, id=7788, stack(0x0000007cf5d00000,0x0000007cf5e00000)]
  0x000001906dab6b30 JavaThread "Incoming local TCP Connector on port 56897" [_thread_in_native, id=18356, stack(0x0000007cf6300000,0x0000007cf6400000)]
  0x000001906d9b1700 JavaThread "Daemon periodic checks" [_thread_blocked, id=17156, stack(0x0000007cf6400000,0x0000007cf6500000)]
  0x000001906db5efe0 JavaThread "Daemon" [_thread_blocked, id=4760, stack(0x0000007cf6500000,0x0000007cf6600000)]
  0x000001906db5ead0 JavaThread "Handler for socket connection from /127.0.0.1:56897 to /127.0.0.1:56898" [_thread_in_native, id=16044, stack(0x0000007cf6600000,0x0000007cf6700000)]
  0x000001906db5dba0 JavaThread "Cancel handler" [_thread_blocked, id=7884, stack(0x0000007cf6700000,0x0000007cf6800000)]
  0x000001906db5e0b0 JavaThread "Daemon worker" [_thread_blocked, id=17548, stack(0x0000007cf6800000,0x0000007cf6900000)]
  0x000001906db5e5c0 JavaThread "Asynchronous log dispatcher for DefaultDaemonConnection: socket connection from /127.0.0.1:56897 to /127.0.0.1:56898" [_thread_blocked, id=20852, stack(0x0000007cf6900000,0x0000007cf6a00000)]
  0x000001906db5d180 JavaThread "Stdin handler" [_thread_blocked, id=10436, stack(0x0000007cf6a00000,0x0000007cf6b00000)]
  0x000001906db5f4f0 JavaThread "Daemon client event forwarder" [_thread_blocked, id=11960, stack(0x0000007cf6b00000,0x0000007cf6c00000)]
  0x000001906db5ff10 JavaThread "Cache worker for journal cache (C:\Users\jirag\.gradle\caches\journal-1)" [_thread_blocked, id=16116, stack(0x0000007cf6c00000,0x0000007cf6d00000)]
  0x000001906db5d690 JavaThread "File lock request listener" [_thread_in_native, id=9796, stack(0x0000007cf6d00000,0x0000007cf6e00000)]
  0x000001906db60930 JavaThread "Cache worker for file hash cache (C:\Users\jirag\.gradle\caches\8.13\fileHashes)" [_thread_blocked, id=17600, stack(0x0000007cf6e00000,0x0000007cf6f00000)]
  0x000001906db60420 JavaThread "Cache worker for file hash cache (C:\Users\jirag\AndroidStudioProjects\MedQueue\.gradle\8.13\fileHashes)" [_thread_blocked, id=9928, stack(0x0000007cf6f00000,0x0000007cf7000000)]
  0x000001906f722bd0 JavaThread "Cache worker for Build Output Cleanup Cache (C:\Users\jirag\AndroidStudioProjects\MedQueue\.gradle\buildOutputCleanup)" [_thread_blocked, id=20156, stack(0x0000007cf7000000,0x0000007cf7100000)]
  0x000001906f7230e0 JavaThread "File watcher server" daemon [_thread_in_native, id=15688, stack(0x0000007cf7700000,0x0000007cf7800000)]
  0x000001906f724a30 JavaThread "File watcher consumer" daemon [_thread_blocked, id=18112, stack(0x0000007cf7800000,0x0000007cf7900000)]
  0x000001906f7226c0 JavaThread "Cache worker for checksums cache (C:\Users\jirag\AndroidStudioProjects\MedQueue\.gradle\8.13\checksums)" [_thread_blocked, id=17620, stack(0x0000007cf7a00000,0x0000007cf7b00000)]
  0x000001906f724520 JavaThread "Cache worker for file content cache (C:\Users\jirag\.gradle\caches\8.13\fileContent)" [_thread_blocked, id=15184, stack(0x0000007cf7b00000,0x0000007cf7c00000)]
  0x000001906f7235f0 JavaThread "Cache worker for cache directory md-supplier (C:\Users\jirag\.gradle\caches\8.13\md-supplier)" [_thread_blocked, id=10268, stack(0x0000007cf7c00000,0x0000007cf7d00000)]
  0x000001906f724010 JavaThread "Cache worker for cache directory md-rule (C:\Users\jirag\.gradle\caches\8.13\md-rule)" [_thread_blocked, id=14988, stack(0x0000007cf7d00000,0x0000007cf7e00000)]
  0x000001906f7286f0 JavaThread "Unconstrained build operations" [_thread_blocked, id=4304, stack(0x0000007cf5a00000,0x0000007cf5b00000)]
  0x000001906f725e70 JavaThread "Unconstrained build operations Thread 2" [_thread_blocked, id=13412, stack(0x0000007cf7900000,0x0000007cf7a00000)]
  0x000001906f7281e0 JavaThread "Unconstrained build operations Thread 3" [_thread_blocked, id=15840, stack(0x0000007cf7e00000,0x0000007cf7f00000)]
  0x000001906f726380 JavaThread "Unconstrained build operations Thread 4" [_thread_blocked, id=5052, stack(0x0000007cf7f00000,0x0000007cf8000000)]
  0x000001906f726890 JavaThread "Unconstrained build operations Thread 5" [_thread_blocked, id=16944, stack(0x0000007cf8000000,0x0000007cf8100000)]
  0x000001906f728c00 JavaThread "Unconstrained build operations Thread 6" [_thread_blocked, id=1620, stack(0x0000007cf8100000,0x0000007cf8200000)]
  0x000001906f725450 JavaThread "Unconstrained build operations Thread 7" [_thread_blocked, id=19264, stack(0x0000007cf8200000,0x0000007cf8300000)]
  0x000001906f729110 JavaThread "Unconstrained build operations Thread 8" [_thread_blocked, id=9988, stack(0x0000007cf8300000,0x0000007cf8400000)]
  0x000001906f7277c0 JavaThread "Unconstrained build operations Thread 9" [_thread_blocked, id=18600, stack(0x0000007cf8400000,0x0000007cf8500000)]
  0x000001906f725960 JavaThread "Unconstrained build operations Thread 10" [_thread_blocked, id=20244, stack(0x0000007cf8500000,0x0000007cf8600000)]
  0x000001906f727cd0 JavaThread "Unconstrained build operations Thread 11" [_thread_blocked, id=17972, stack(0x0000007cf8600000,0x0000007cf8700000)]
  0x000001906f726da0 JavaThread "Unconstrained build operations Thread 12" [_thread_blocked, id=17340, stack(0x0000007cf8900000,0x0000007cf8a00000)]
  0x000001906f7272b0 JavaThread "Unconstrained build operations Thread 13" [_thread_blocked, id=9040, stack(0x0000007cf8a00000,0x0000007cf8b00000)]
  0x000001906cc88da0 JavaThread "Unconstrained build operations Thread 14" [_thread_blocked, id=15208, stack(0x0000007cf8b00000,0x0000007cf8c00000)]
  0x000001906cc86f40 JavaThread "Unconstrained build operations Thread 15" [_thread_blocked, id=9736, stack(0x0000007cf8c00000,0x0000007cf8d00000)]
  0x000001906cc87e70 JavaThread "Unconstrained build operations Thread 16" [_thread_blocked, id=14680, stack(0x0000007cf8d00000,0x0000007cf8e00000)]
  0x000001906cc87960 JavaThread "Unconstrained build operations Thread 17" [_thread_blocked, id=8908, stack(0x0000007cf8e00000,0x0000007cf8f00000)]
  0x000001906cc892b0 JavaThread "Unconstrained build operations Thread 18" [_thread_blocked, id=6892, stack(0x0000007cf8f00000,0x0000007cf9000000)]
  0x000001906cc87450 JavaThread "Unconstrained build operations Thread 19" [_thread_blocked, id=5872, stack(0x0000007cf9000000,0x0000007cf9100000)]
  0x000001906cc89cd0 JavaThread "Unconstrained build operations Thread 20" [_thread_blocked, id=18412, stack(0x0000007cf9100000,0x0000007cf9200000)]
  0x000001906cc8bb30 JavaThread "Unconstrained build operations Thread 21" [_thread_blocked, id=8436, stack(0x0000007cf9200000,0x0000007cf9300000)]
  0x000001906cc897c0 JavaThread "Unconstrained build operations Thread 22" [_thread_blocked, id=1716, stack(0x0000007cf9300000,0x0000007cf9400000)]
  0x000001906cc8b110 JavaThread "Unconstrained build operations Thread 23" [_thread_blocked, id=17124, stack(0x0000007cf9400000,0x0000007cf9500000)]
  0x000001906cc8a1e0 JavaThread "Unconstrained build operations Thread 24" [_thread_blocked, id=4536, stack(0x0000007cf9500000,0x0000007cf9600000)]
  0x000001906cc8a6f0 JavaThread "Unconstrained build operations Thread 25" [_thread_blocked, id=20500, stack(0x0000007cf9600000,0x0000007cf9700000)]
  0x000001906cc8ac00 JavaThread "Unconstrained build operations Thread 26" [_thread_blocked, id=12732, stack(0x0000007cf9700000,0x0000007cf9800000)]
  0x000001906cc88380 JavaThread "Unconstrained build operations Thread 27" [_thread_blocked, id=17212, stack(0x0000007cf9800000,0x0000007cf9900000)]
  0x000001906cc8c040 JavaThread "Unconstrained build operations Thread 28" [_thread_blocked, id=17572, stack(0x0000007cf9900000,0x0000007cf9a00000)]
  0x000001906cc88890 JavaThread "Unconstrained build operations Thread 29" [_thread_blocked, id=20436, stack(0x0000007cf9a00000,0x0000007cf9b00000)]
  0x000001906cc8e3b0 JavaThread "Unconstrained build operations Thread 30" [_thread_blocked, id=20544, stack(0x0000007cf9b00000,0x0000007cf9c00000)]
  0x000001906cc8cf70 JavaThread "Unconstrained build operations Thread 31" [_thread_blocked, id=15484, stack(0x0000007cf9c00000,0x0000007cf9d00000)]
  0x000001906cc8d480 JavaThread "Unconstrained build operations Thread 32" [_thread_blocked, id=17188, stack(0x0000007cf9d00000,0x0000007cf9e00000)]
  0x000001906cc8d990 JavaThread "Unconstrained build operations Thread 33" [_thread_blocked, id=11568, stack(0x0000007cf9e00000,0x0000007cf9f00000)]
  0x000001906cc8e8c0 JavaThread "Memory manager" [_thread_blocked, id=11616, stack(0x0000007cf8800000,0x0000007cf8900000)]
  0x0000019070011000 JavaThread "build event listener" [_thread_blocked, id=15928, stack(0x0000007cf9f00000,0x0000007cfa000000)]
  0x0000019070011f30 JavaThread "included builds" [_thread_blocked, id=20160, stack(0x0000007cfa100000,0x0000007cfa200000)]
  0x000001907000ec90 JavaThread "Execution worker" [_thread_blocked, id=15420, stack(0x0000007cfa200000,0x0000007cfa300000)]
  0x000001907a7a4630 JavaThread "Execution worker Thread 2" [_thread_blocked, id=19496, stack(0x0000007cfa300000,0x0000007cfa400000)]
  0x000001907a7a3700 JavaThread "Execution worker Thread 3" [_thread_blocked, id=20232, stack(0x0000007cfa400000,0x0000007cfa500000)]
  0x000001907a7a31f0 JavaThread "Execution worker Thread 4" [_thread_blocked, id=15288, stack(0x0000007cfa500000,0x0000007cfa600000)]
  0x000001907a7a22c0 JavaThread "Execution worker Thread 5" [_thread_blocked, id=10152, stack(0x0000007cfa600000,0x0000007cfa700000)]
  0x000001907a7a2ce0 JavaThread "Execution worker Thread 6" [_thread_blocked, id=1132, stack(0x0000007cfa700000,0x0000007cfa800000)]
  0x000001907a7a1db0 JavaThread "Execution worker Thread 7" [_thread_blocked, id=19740, stack(0x0000007cfa800000,0x0000007cfa900000)]
  0x000001907a7a27d0 JavaThread "Execution worker Thread 8" [_thread_blocked, id=1788, stack(0x0000007cfa900000,0x0000007cfaa00000)]
  0x000001907a7a4120 JavaThread "Execution worker Thread 9" [_thread_blocked, id=5172, stack(0x0000007cfaa00000,0x0000007cfab00000)]
  0x000001907a7a4b40 JavaThread "Execution worker Thread 10" [_thread_blocked, id=17580, stack(0x0000007cfab00000,0x0000007cfac00000)]
  0x000001907a7a5050 JavaThread "Execution worker Thread 11" [_thread_blocked, id=13220, stack(0x0000007cfac00000,0x0000007cfad00000)]
  0x000001907a7a18a0 JavaThread "Cache worker for execution history cache (C:\Users\jirag\AndroidStudioProjects\MedQueue\.gradle\8.13\executionHistory)" [_thread_blocked, id=9824, stack(0x0000007cfad00000,0x0000007cfae00000)]
  0x000001907a7a5560 JavaThread "Unconstrained build operations Thread 34" [_thread_blocked, id=2172, stack(0x0000007cfae00000,0x0000007cfaf00000)]
  0x000001907a7a6490 JavaThread "Unconstrained build operations Thread 35" [_thread_blocked, id=428, stack(0x0000007cfaf00000,0x0000007cfb000000)]
  0x000001907a7a69a0 JavaThread "Unconstrained build operations Thread 36" [_thread_blocked, id=15636, stack(0x0000007cfb000000,0x0000007cfb100000)]
  0x000001907a7a6eb0 JavaThread "Unconstrained build operations Thread 37" [_thread_blocked, id=15900, stack(0x0000007cfb100000,0x0000007cfb200000)]
  0x000001907a7a5f80 JavaThread "Unconstrained build operations Thread 38" [_thread_blocked, id=2184, stack(0x0000007cfb200000,0x0000007cfb300000)]
  0x000001907a7a5a70 JavaThread "Unconstrained build operations Thread 39" [_thread_blocked, id=9852, stack(0x0000007cfb300000,0x0000007cfb400000)]
  0x000001907a7a73c0 JavaThread "Unconstrained build operations Thread 40" [_thread_blocked, id=6240, stack(0x0000007cfb400000,0x0000007cfb500000)]
  0x000001907a7a3c10 JavaThread "Unconstrained build operations Thread 41" [_thread_blocked, id=20176, stack(0x0000007cfb500000,0x0000007cfb600000)]
  0x000001907a7a78d0 JavaThread "Unconstrained build operations Thread 42" [_thread_blocked, id=12216, stack(0x0000007cfb600000,0x0000007cfb700000)]
  0x000001907a7a8d10 JavaThread "Unconstrained build operations Thread 43" [_thread_blocked, id=16024, stack(0x0000007cfb700000,0x0000007cfb800000)]
  0x000001907a7a7de0 JavaThread "Unconstrained build operations Thread 44" [_thread_blocked, id=21080, stack(0x0000007cfb800000,0x0000007cfb900000)]
  0x000001907a7a82f0 JavaThread "Unconstrained build operations Thread 45" [_thread_blocked, id=2776, stack(0x0000007cfb900000,0x0000007cfba00000)]
  0x000001907a7a8800 JavaThread "Unconstrained build operations Thread 46" [_thread_blocked, id=16940, stack(0x0000007cfba00000,0x0000007cfbb00000)]
  0x000001907a7a9220 JavaThread "Unconstrained build operations Thread 47" [_thread_blocked, id=19660, stack(0x0000007cfbb00000,0x0000007cfbc00000)]
  0x000001906f441570 JavaThread "Unconstrained build operations Thread 48" [_thread_blocked, id=20496, stack(0x0000007cfbc00000,0x0000007cfbd00000)]
  0x000001906f4429b0 JavaThread "Unconstrained build operations Thread 49" [_thread_blocked, id=14348, stack(0x0000007cfbd00000,0x0000007cfbe00000)]
  0x000001906f444300 JavaThread "Unconstrained build operations Thread 50" [_thread_blocked, id=19096, stack(0x0000007cfbe00000,0x0000007cfbf00000)]
  0x000001906f444810 JavaThread "Unconstrained build operations Thread 51" [_thread_blocked, id=14432, stack(0x0000007cfbf00000,0x0000007cfc000000)]
  0x000001906f441060 JavaThread "Unconstrained build operations Thread 52" [_thread_blocked, id=6048, stack(0x0000007cfc000000,0x0000007cfc100000)]
  0x000001906f444d20 JavaThread "Unconstrained build operations Thread 53" [_thread_blocked, id=5584, stack(0x0000007cfc100000,0x0000007cfc200000)]
  0x000001906f441f90 JavaThread "Unconstrained build operations Thread 54" [_thread_blocked, id=13944, stack(0x0000007cfc200000,0x0000007cfc300000)]
  0x000001906f443df0 JavaThread "Unconstrained build operations Thread 55" [_thread_blocked, id=18952, stack(0x0000007cfc300000,0x0000007cfc400000)]
  0x000001906f441a80 JavaThread "Unconstrained build operations Thread 56" [_thread_blocked, id=3244, stack(0x0000007cfc400000,0x0000007cfc500000)]
  0x000001906f442ec0 JavaThread "Unconstrained build operations Thread 57" [_thread_blocked, id=20828, stack(0x0000007cfc500000,0x0000007cfc600000)]
  0x000001906f445230 JavaThread "Unconstrained build operations Thread 58" [_thread_blocked, id=13448, stack(0x0000007cfc600000,0x0000007cfc700000)]
  0x000001906f445740 JavaThread "Unconstrained build operations Thread 59" [_thread_blocked, id=10584, stack(0x0000007cfc700000,0x0000007cfc800000)]
  0x000001906f445c50 JavaThread "Unconstrained build operations Thread 60" [_thread_blocked, id=15024, stack(0x0000007cfc800000,0x0000007cfc900000)]
  0x000001906f4433d0 JavaThread "Unconstrained build operations Thread 61" [_thread_blocked, id=16496, stack(0x0000007cfc900000,0x0000007cfca00000)]
  0x000001906f4424a0 JavaThread "Unconstrained build operations Thread 62" [_thread_blocked, id=10252, stack(0x0000007cfca00000,0x0000007cfcb00000)]
  0x000001906f447090 JavaThread "Unconstrained build operations Thread 63" [_thread_blocked, id=4036, stack(0x0000007cfcb00000,0x0000007cfcc00000)]
  0x000001906f446160 JavaThread "Unconstrained build operations Thread 64" [_thread_blocked, id=9792, stack(0x0000007cfcc00000,0x0000007cfcd00000)]
  0x000001906f446b80 JavaThread "Unconstrained build operations Thread 65" [_thread_blocked, id=19904, stack(0x0000007cfcd00000,0x0000007cfce00000)]
  0x000001906f446670 JavaThread "Unconstrained build operations Thread 66" [_thread_blocked, id=17504, stack(0x0000007cfce00000,0x0000007cfcf00000)]
  0x000001906f4438e0 JavaThread "Unconstrained build operations Thread 67" [_thread_blocked, id=15640, stack(0x0000007cfcf00000,0x0000007cfd000000)]
  0x000001906f4475a0 JavaThread "Unconstrained build operations Thread 68" [_thread_blocked, id=4940, stack(0x0000007cfd000000,0x0000007cfd100000)]
  0x000001906f447ab0 JavaThread "Unconstrained build operations Thread 69" [_thread_blocked, id=18440, stack(0x0000007cfd100000,0x0000007cfd200000)]
  0x000001906f4484d0 JavaThread "Unconstrained build operations Thread 70" [_thread_blocked, id=8812, stack(0x0000007cfd200000,0x0000007cfd300000)]
  0x000001906f4489e0 JavaThread "Unconstrained build operations Thread 71" [_thread_blocked, id=5616, stack(0x0000007cfd300000,0x0000007cfd400000)]
  0x000001906dc777a0 JavaThread "Unconstrained build operations Thread 72" [_thread_blocked, id=18184, stack(0x0000007cfd400000,0x0000007cfd500000)]
  0x000001906dc76870 JavaThread "Unconstrained build operations Thread 73" [_thread_blocked, id=14700, stack(0x0000007cfd500000,0x0000007cfd600000)]
  0x000001906dc78be0 JavaThread "Unconstrained build operations Thread 74" [_thread_blocked, id=2040, stack(0x0000007cfd600000,0x0000007cfd700000)]
  0x000001906dc77cb0 JavaThread "Unconstrained build operations Thread 75" [_thread_blocked, id=18524, stack(0x0000007cfd700000,0x0000007cfd800000)]
  0x000001906dc786d0 JavaThread "Unconstrained build operations Thread 76" [_thread_blocked, id=18792, stack(0x0000007cfd800000,0x0000007cfd900000)]
  0x000001906dc75430 JavaThread "Unconstrained build operations Thread 77" [_thread_blocked, id=18260, stack(0x0000007cfd900000,0x0000007cfda00000)]
  0x000001906dc781c0 JavaThread "Unconstrained build operations Thread 78" [_thread_blocked, id=11660, stack(0x0000007cfda00000,0x0000007cfdb00000)]
  0x000001906dc790f0 JavaThread "Unconstrained build operations Thread 79" [_thread_blocked, id=3764, stack(0x0000007cfdb00000,0x0000007cfdc00000)]
  0x000001906dc75e50 JavaThread "Unconstrained build operations Thread 80" [_thread_blocked, id=13108, stack(0x0000007cfdc00000,0x0000007cfdd00000)]
  0x000001906dc76360 JavaThread "WorkerExecutor Queue" [_thread_blocked, id=11276, stack(0x0000007cfa000000,0x0000007cfa100000)]
  0x000001906dc79b10 JavaThread "Unconstrained build operations Thread 81" [_thread_blocked, id=20300, stack(0x0000007cfde00000,0x0000007cfdf00000)]
  0x000001906dc7a020 JavaThread "Unconstrained build operations Thread 82" [_thread_blocked, id=2100, stack(0x0000007cfdf00000,0x0000007cfe000000)]
  0x000001906dc7a530 JavaThread "Unconstrained build operations Thread 83" [_thread_blocked, id=5960, stack(0x0000007cfe000000,0x0000007cfe100000)]
  0x000001906dc76d80 JavaThread "Unconstrained build operations Thread 84" [_thread_blocked, id=18680, stack(0x0000007cfe100000,0x0000007cfe200000)]
  0x000001906dc7aa40 JavaThread "Unconstrained build operations Thread 85" [_thread_blocked, id=19616, stack(0x0000007cfe200000,0x0000007cfe300000)]
  0x000001906dc77290 JavaThread "Unconstrained build operations Thread 86" [_thread_blocked, id=16524, stack(0x0000007cfe300000,0x0000007cfe400000)]
  0x000001906dc7be80 JavaThread "Unconstrained build operations Thread 87" [_thread_blocked, id=3056, stack(0x0000007cfe400000,0x0000007cfe500000)]
  0x000001906dc7cdb0 JavaThread "Unconstrained build operations Thread 88" [_thread_blocked, id=1240, stack(0x0000007cfe500000,0x0000007cfe600000)]
  0x000001906dc7c390 JavaThread "Unconstrained build operations Thread 89" [_thread_blocked, id=2852, stack(0x0000007cfe600000,0x0000007cfe700000)]
  0x000001906dc7af50 JavaThread "Unconstrained build operations Thread 90" [_thread_blocked, id=17488, stack(0x0000007cfe700000,0x0000007cfe800000)]
  0x000001906dc7b970 JavaThread "Unconstrained build operations Thread 91" [_thread_blocked, id=752, stack(0x0000007cfe800000,0x0000007cfe900000)]
  0x000001906dc7c8a0 JavaThread "Unconstrained build operations Thread 92" [_thread_blocked, id=6816, stack(0x0000007cfe900000,0x0000007cfea00000)]
  0x0000019072e54930 JavaThread "Unconstrained build operations Thread 93" [_thread_blocked, id=16476, stack(0x0000007cfea00000,0x0000007cfeb00000)]
  0x0000019072e54e40 JavaThread "Unconstrained build operations Thread 94" [_thread_blocked, id=11056, stack(0x0000007cfeb00000,0x0000007cfec00000)]
  0x0000019072e55350 JavaThread "Unconstrained build operations Thread 95" [_thread_blocked, id=19764, stack(0x0000007cfec00000,0x0000007cfed00000)]
  0x0000019072e534f0 JavaThread "Unconstrained build operations Thread 96" [_thread_blocked, id=21108, stack(0x0000007cfed00000,0x0000007cfee00000)]
  0x0000019072e55860 JavaThread "Unconstrained build operations Thread 97" [_thread_blocked, id=13124, stack(0x0000007cfee00000,0x0000007cfef00000)]
  0x0000019072e525c0 JavaThread "Unconstrained build operations Thread 98" [_thread_blocked, id=19544, stack(0x0000007cfef00000,0x0000007cff000000)]
  0x0000019072e52ad0 JavaThread "Unconstrained build operations Thread 99" [_thread_blocked, id=3136, stack(0x0000007cff000000,0x0000007cff100000)]
  0x0000019072e52fe0 JavaThread "Unconstrained build operations Thread 100" [_thread_blocked, id=7212, stack(0x0000007cff100000,0x0000007cff200000)]
  0x0000019072e53a00 JavaThread "Unconstrained build operations Thread 101" [_thread_blocked, id=2084, stack(0x0000007cff200000,0x0000007cff300000)]
  0x0000019072e520b0 JavaThread "Unconstrained build operations Thread 102" [_thread_blocked, id=20288, stack(0x0000007cff300000,0x0000007cff400000)]
  0x0000019072e55d70 JavaThread "Unconstrained build operations Thread 103" [_thread_blocked, id=16288, stack(0x0000007cff400000,0x0000007cff500000)]
  0x0000019072e53f10 JavaThread "Unconstrained build operations Thread 104" [_thread_blocked, id=16004, stack(0x0000007cff500000,0x0000007cff600000)]
  0x0000019072e56280 JavaThread "Unconstrained build operations Thread 105" [_thread_blocked, id=18256, stack(0x0000007cff600000,0x0000007cff700000)]
  0x0000019072e56790 JavaThread "Unconstrained build operations Thread 106" [_thread_blocked, id=3264, stack(0x0000007cff700000,0x0000007cff800000)]
  0x0000019072e54420 JavaThread "Unconstrained build operations Thread 107" [_thread_blocked, id=1144, stack(0x0000007cff800000,0x0000007cff900000)]
  0x0000019072e59520 JavaThread "Unconstrained build operations Thread 108" [_thread_blocked, id=3776, stack(0x0000007cff900000,0x0000007cffa00000)]
  0x0000019072e59a30 JavaThread "Unconstrained build operations Thread 109" [_thread_blocked, id=13364, stack(0x0000007cffa00000,0x0000007cffb00000)]
  0x0000019072e58b00 JavaThread "Unconstrained build operations Thread 110" [_thread_blocked, id=9620, stack(0x0000007cffb00000,0x0000007cffc00000)]
  0x0000019072e56ca0 JavaThread "Unconstrained build operations Thread 111" [_thread_blocked, id=16328, stack(0x0000007cffc00000,0x0000007cffd00000)]
  0x0000019072e580e0 JavaThread "Unconstrained build operations Thread 112" [_thread_blocked, id=16188, stack(0x0000007cffd00000,0x0000007cffe00000)]
  0x0000019072e59010 JavaThread "Unconstrained build operations Thread 113" [_thread_blocked, id=21356, stack(0x0000007cffe00000,0x0000007cfff00000)]
  0x0000019072e571b0 JavaThread "Unconstrained build operations Thread 114" [_thread_blocked, id=5456, stack(0x0000007cfff00000,0x0000007d00000000)]
  0x0000019072e576c0 JavaThread "Unconstrained build operations Thread 115" [_thread_blocked, id=4092, stack(0x0000007c80000000,0x0000007c80100000)]
  0x0000019072e57bd0 JavaThread "Unconstrained build operations Thread 116" [_thread_blocked, id=9652, stack(0x0000007c80100000,0x0000007c80200000)]
  0x0000019072e585f0 JavaThread "Unconstrained build operations Thread 117" [_thread_blocked, id=11512, stack(0x0000007c80200000,0x0000007c80300000)]
  0x0000019072a372e0 JavaThread "Unconstrained build operations Thread 118" [_thread_blocked, id=8820, stack(0x0000007c80300000,0x0000007c80400000)]
  0x0000019072a37d00 JavaThread "Unconstrained build operations Thread 119" [_thread_blocked, id=2632, stack(0x0000007c80400000,0x0000007c80500000)]
  0x0000019072a377f0 JavaThread "Unconstrained build operations Thread 120" [_thread_blocked, id=11756, stack(0x0000007c80500000,0x0000007c80600000)]
  0x0000019072a38210 JavaThread "WorkerExecutor Queue Thread 2" [_thread_blocked, id=6108, stack(0x0000007c80600000,0x0000007c80700000)]
  0x0000019072a38720 JavaThread "pool-3-thread-1" [_thread_blocked, id=612, stack(0x0000007c80700000,0x0000007c80800000)]
  0x0000019072a38c30 JavaThread "stderr" [_thread_in_native, id=17768, stack(0x0000007c80800000,0x0000007c80900000)]
  0x0000019072a368c0 JavaThread "stdout" [_thread_in_native, id=5276, stack(0x0000007c80900000,0x0000007c80a00000)]
  0x0000019072a363b0 JavaThread "WorkerExecutor Queue Thread 3" [_thread_blocked, id=3692, stack(0x0000007c81700000,0x0000007c81800000)]
  0x0000019072a3a070 JavaThread "RMI Scheduler(0)" daemon [_thread_blocked, id=13556, stack(0x0000007c81800000,0x0000007c81900000)]
  0x0000019072a3ce00 JavaThread "RMI GC Daemon" daemon [_thread_blocked, id=16448, stack(0x0000007c81a00000,0x0000007c81b00000)]
  0x0000019072a3bed0 JavaThread "RMI TCP Accept-0" daemon [_thread_in_native, id=14828, stack(0x0000007c81b00000,0x0000007c81c00000)]
  0x0000019072a3afa0 JavaThread "RMI Reaper" [_thread_blocked, id=21460, stack(0x0000007c81c00000,0x0000007c81d00000)]
  0x0000019072a3aa90 JavaThread "RMI TCP Connection(1)-127.0.0.1" daemon [_thread_in_native, id=2716, stack(0x0000007c81d00000,0x0000007c81e00000)]
  0x0000019072a3b9c0 JavaThread "WorkerExecutor Queue Thread 4" [_thread_blocked, id=21024, stack(0x0000007c81e00000,0x0000007c81f00000)]
  0x000001906f7221b0 JavaThread "RMI TCP Connection(2)-127.0.0.1" daemon [_thread_in_native, id=18120, stack(0x0000007c82000000,0x0000007c82100000)]
  0x00000190713fdef0 JavaThread "C2 CompilerThread1" daemon [_thread_blocked, id=8744, stack(0x0000007c80a00000,0x0000007c80b00000)]
  0x000001906c015a80 JavaThread "WorkerExecutor Queue Thread 5" [_thread_blocked, id=19220, stack(0x0000007c82100000,0x0000007c82200000)]
  0x000001906c015570 JavaThread "WorkerExecutor Queue Thread 6" [_thread_blocked, id=11092, stack(0x0000007c82200000,0x0000007c82300000)]
  0x000001906c015060 JavaThread "WorkerExecutor Queue Thread 7" [_thread_blocked, id=3488, stack(0x0000007c82300000,0x0000007c82400000)]
  0x000001906c013c20 JavaThread "WorkerExecutor Queue Thread 8" [_thread_blocked, id=19272, stack(0x0000007c82400000,0x0000007c82500000)]
  0x000001906c014640 JavaThread "WorkerExecutor Queue Thread 9" [_thread_blocked, id=3744, stack(0x0000007c82500000,0x0000007c82600000)]
  0x000001906c015f90 JavaThread "WorkerExecutor Queue Thread 10" [_thread_blocked, id=13084, stack(0x0000007c82600000,0x0000007c82700000)]
  0x000001906c014b50 JavaThread "WorkerExecutor Queue Thread 11" [_thread_blocked, id=19028, stack(0x0000007c82700000,0x0000007c82800000)]
  0x000001906c016ec0 JavaThread "WorkerExecutor Queue Thread 12" [_thread_blocked, id=2388, stack(0x0000007c82800000,0x0000007c82900000)]
  0x000001907a7cc680 JavaThread "ForkJoinPool.commonPool-worker-1" daemon [_thread_blocked, id=19528, stack(0x0000007c81900000,0x0000007c81a00000)]
  0x000001907a7cb240 JavaThread "ForkJoinPool.commonPool-worker-2" daemon [_thread_blocked, id=4196, stack(0x0000007c81f00000,0x0000007c82000000)]
  0x000001907a7cd0a0 JavaThread "ForkJoinPool.commonPool-worker-3" daemon [_thread_in_native, id=11984, stack(0x0000007c82900000,0x0000007c82a00000)]
  0x000001907a7c9e00 JavaThread "ForkJoinPool.commonPool-worker-4" daemon [_thread_blocked, id=9032, stack(0x0000007c82a00000,0x0000007c82b00000)]
  0x000001907a7ca310 JavaThread "ForkJoinPool.commonPool-worker-5" daemon [_thread_blocked, id=5280, stack(0x0000007c82b00000,0x0000007c82c00000)]
  0x000001907a7cc170 JavaThread "ForkJoinPool.commonPool-worker-6" daemon [_thread_in_native, id=7624, stack(0x0000007c82c00000,0x0000007c82d00000)]
  0x000001907a7ccb90 JavaThread "ForkJoinPool.commonPool-worker-7" daemon [_thread_blocked, id=18196, stack(0x0000007c82d00000,0x0000007c82e00000)]
  0x000001907a7c98f0 JavaThread "ForkJoinPool.commonPool-worker-8" daemon [_thread_blocked, id=18168, stack(0x0000007c82e00000,0x0000007c82f00000)]
  0x000001907a7cbc60 JavaThread "ForkJoinPool.commonPool-worker-9" daemon [_thread_blocked, id=20116, stack(0x0000007c82f00000,0x0000007c83000000)]

Other Threads:
  0x00000190674693b0 VMThread "VM Thread" [stack: 0x0000007cf4f00000,0x0000007cf5000000] [id=18016]
  0x0000019046e3ed50 WatcherThread [stack: 0x0000007cf5c00000,0x0000007cf5d00000] [id=20248]
  0x0000019046e12870 GCTaskThread "GC Thread#0" [stack: 0x0000007cf4a00000,0x0000007cf4b00000] [id=3960]
  0x000001906c1ebab0 GCTaskThread "GC Thread#1" [stack: 0x0000007cf5e00000,0x0000007cf5f00000] [id=7960]
  0x000001906c2cd6f0 GCTaskThread "GC Thread#2" [stack: 0x0000007cf5f00000,0x0000007cf6000000] [id=9104]
  0x000001906c2d6200 GCTaskThread "GC Thread#3" [stack: 0x0000007cf6000000,0x0000007cf6100000] [id=8872]
  0x000001906c536420 GCTaskThread "GC Thread#4" [stack: 0x0000007cf6100000,0x0000007cf6200000] [id=6140]
  0x000001906c4ec7a0 GCTaskThread "GC Thread#5" [stack: 0x0000007cf6200000,0x0000007cf6300000] [id=21304]
  0x000001906c9bae20 GCTaskThread "GC Thread#6" [stack: 0x0000007cf7100000,0x0000007cf7200000] [id=1628]
  0x000001906c9bb3a0 GCTaskThread "GC Thread#7" [stack: 0x0000007cf7200000,0x0000007cf7300000] [id=10384]
  0x000001906c9bb920 GCTaskThread "GC Thread#8" [stack: 0x0000007cf7300000,0x0000007cf7400000] [id=19428]
  0x000001906c9bbea0 GCTaskThread "GC Thread#9" [stack: 0x0000007cf7400000,0x0000007cf7500000] [id=21368]
  0x0000019046e23830 ConcurrentGCThread "G1 Main Marker" [stack: 0x0000007cf4b00000,0x0000007cf4c00000] [id=11956]
  0x0000019046e25b70 ConcurrentGCThread "G1 Conc#0" [stack: 0x0000007cf4c00000,0x0000007cf4d00000] [id=16088]
  0x000001906c9bbbe0 ConcurrentGCThread "G1 Conc#1" [stack: 0x0000007cf7500000,0x0000007cf7600000] [id=15628]
  0x000001906c9bc160 ConcurrentGCThread "G1 Conc#2" [stack: 0x0000007cf7600000,0x0000007cf7700000] [id=19488]
  0x0000019046e7e6f0 ConcurrentGCThread "G1 Refine#0" [stack: 0x0000007cf4d00000,0x0000007cf4e00000] [id=18284]
  0x000001906cc84aa0 ConcurrentGCThread "G1 Refine#1" [stack: 0x0000007c80e00000,0x0000007c80f00000] [id=13896]
  0x000001907814cd50 ConcurrentGCThread "G1 Refine#2" [stack: 0x0000007c80f00000,0x0000007c81000000] [id=18228]
  0x000001906e4be4d0 ConcurrentGCThread "G1 Refine#3" [stack: 0x0000007c81000000,0x0000007c81100000] [id=20456]
  0x0000019079880040 ConcurrentGCThread "G1 Refine#4" [stack: 0x0000007c81100000,0x0000007c81200000] [id=10280]
  0x000001907987f610 ConcurrentGCThread "G1 Refine#5" [stack: 0x0000007c81200000,0x0000007c81300000] [id=21012]
  0x000001907814c480 ConcurrentGCThread "G1 Refine#6" [stack: 0x0000007c81300000,0x0000007c81400000] [id=10720]
  0x000001906e4beab0 ConcurrentGCThread "G1 Refine#7" [stack: 0x0000007c81400000,0x0000007c81500000] [id=10388]
  0x000001907987ed40 ConcurrentGCThread "G1 Refine#8" [stack: 0x0000007c81500000,0x0000007c81600000] [id=20132]
  0x000001906e1a6490 ConcurrentGCThread "G1 Refine#9" [stack: 0x0000007c81600000,0x0000007c81700000] [id=4060]
  0x0000019046e7eae0 ConcurrentGCThread "G1 Service" [stack: 0x0000007cf4e00000,0x0000007cf4f00000] [id=15488]

Threads with active compile tasks:

VM state: not at safepoint (normal execution)

VM Mutex/Monitor currently owned by a thread: None

Heap address: 0x0000000080000000, size: 2048 MB, Compressed Oops mode: 32-bit

CDS archive(s) mapped at: [0x0000019000000000-0x0000019000bd0000-0x0000019000bd0000), size 12386304, SharedBaseAddress: 0x0000019000000000, ArchiveRelocationMode: 1.
Compressed class space mapped at: 0x0000019001000000-0x0000019041000000, reserved size: 1073741824
Narrow klass base: 0x0000019000000000, Narrow klass shift: 0, Narrow klass range: 0x100000000

GC Precious Log:
 CPUs: 12 total, 12 available
 Memory: 16077M
 Large Page Support: Disabled
 NUMA Support: Disabled
 Compressed Oops: Enabled (32-bit)
 Heap Region Size: 1M
 Heap Min Capacity: 8M
 Heap Initial Capacity: 252M
 Heap Max Capacity: 2G
 Pre-touch: Disabled
 Parallel Workers: 10
 Concurrent Workers: 3
 Concurrent Refinement Workers: 10
 Periodic GC: Disabled

Heap:
 garbage-first heap   total 331776K, used 196270K [0x0000000080000000, 0x0000000100000000)
  region size 1024K, 5 young (5120K), 4 survivors (4096K)
 Metaspace       used 130673K, committed 131904K, reserved 1179648K
  class space    used 19176K, committed 19776K, reserved 1048576K

Heap Regions: E=young(eden), S=young(survivor), O=old, HS=humongous(starts), HC=humongous(continues), CS=collection set, F=free, OA=open archive, CA=closed archive, TAMS=top-at-mark-start (previous, next)
|   0|0x0000000080000000, 0x0000000080100000, 0x0000000080100000|100%|HS|  |TAMS 0x0000000080100000, 0x0000000080000000| Complete 
|   1|0x0000000080100000, 0x0000000080200000, 0x0000000080200000|100%|HC|  |TAMS 0x0000000080200000, 0x0000000080100000| Complete 
|   2|0x0000000080200000, 0x0000000080300000, 0x0000000080300000|100%|HC|  |TAMS 0x0000000080300000, 0x0000000080200000| Complete 
|   3|0x0000000080300000, 0x0000000080400000, 0x0000000080400000|100%| O|  |TAMS 0x0000000080400000, 0x0000000080300000| Untracked 
|   4|0x0000000080400000, 0x0000000080500000, 0x0000000080500000|100%| O|  |TAMS 0x0000000080500000, 0x0000000080400000| Untracked 
|   5|0x0000000080500000, 0x0000000080600000, 0x0000000080600000|100%| O|  |TAMS 0x0000000080600000, 0x0000000080500000| Untracked 
|   6|0x0000000080600000, 0x0000000080700000, 0x0000000080700000|100%|HS|  |TAMS 0x0000000080700000, 0x0000000080600000| Complete 
|   7|0x0000000080700000, 0x0000000080800000, 0x0000000080800000|100%| O|  |TAMS 0x0000000080800000, 0x0000000080700000| Untracked 
|   8|0x0000000080800000, 0x0000000080900000, 0x0000000080900000|100%| O|  |TAMS 0x0000000080900000, 0x0000000080800000| Untracked 
|   9|0x0000000080900000, 0x0000000080a00000, 0x0000000080a00000|100%| O|  |TAMS 0x0000000080a00000, 0x0000000080900000| Untracked 
|  10|0x0000000080a00000, 0x0000000080b00000, 0x0000000080b00000|100%| O|  |TAMS 0x0000000080b00000, 0x0000000080a00000| Untracked 
|  11|0x0000000080b00000, 0x0000000080c00000, 0x0000000080c00000|100%| O|  |TAMS 0x0000000080c00000, 0x0000000080b00000| Untracked 
|  12|0x0000000080c00000, 0x0000000080d00000, 0x0000000080d00000|100%| O|  |TAMS 0x0000000080d00000, 0x0000000080c00000| Untracked 
|  13|0x0000000080d00000, 0x0000000080e00000, 0x0000000080e00000|100%| O|  |TAMS 0x0000000080e00000, 0x0000000080d00000| Untracked 
|  14|0x0000000080e00000, 0x0000000080f00000, 0x0000000080f00000|100%| O|  |TAMS 0x0000000080f00000, 0x0000000080e00000| Untracked 
|  15|0x0000000080f00000, 0x0000000081000000, 0x0000000081000000|100%| O|  |TAMS 0x0000000081000000, 0x0000000080f00000| Untracked 
|  16|0x0000000081000000, 0x0000000081100000, 0x0000000081100000|100%| O|  |TAMS 0x0000000081100000, 0x0000000081000000| Untracked 
|  17|0x0000000081100000, 0x0000000081200000, 0x0000000081200000|100%| O|  |TAMS 0x0000000081200000, 0x0000000081100000| Untracked 
|  18|0x0000000081200000, 0x0000000081300000, 0x0000000081300000|100%| O|  |TAMS 0x0000000081300000, 0x0000000081200000| Untracked 
|  19|0x0000000081300000, 0x0000000081400000, 0x0000000081400000|100%| O|  |TAMS 0x0000000081400000, 0x0000000081300000| Untracked 
|  20|0x0000000081400000, 0x0000000081500000, 0x0000000081500000|100%| O|  |TAMS 0x0000000081500000, 0x0000000081400000| Untracked 
|  21|0x0000000081500000, 0x0000000081600000, 0x0000000081600000|100%| O|  |TAMS 0x0000000081600000, 0x0000000081500000| Untracked 
|  22|0x0000000081600000, 0x0000000081700000, 0x0000000081700000|100%| O|  |TAMS 0x0000000081700000, 0x0000000081600000| Untracked 
|  23|0x0000000081700000, 0x0000000081800000, 0x0000000081800000|100%| O|  |TAMS 0x0000000081800000, 0x0000000081700000| Untracked 
|  24|0x0000000081800000, 0x0000000081900000, 0x0000000081900000|100%| O|  |TAMS 0x0000000081900000, 0x0000000081800000| Untracked 
|  25|0x0000000081900000, 0x0000000081a00000, 0x0000000081a00000|100%| O|  |TAMS 0x0000000081a00000, 0x0000000081900000| Untracked 
|  26|0x0000000081a00000, 0x0000000081b00000, 0x0000000081b00000|100%| O|  |TAMS 0x0000000081b00000, 0x0000000081a00000| Untracked 
|  27|0x0000000081b00000, 0x0000000081c00000, 0x0000000081c00000|100%| O|  |TAMS 0x0000000081c00000, 0x0000000081b00000| Untracked 
|  28|0x0000000081c00000, 0x0000000081d00000, 0x0000000081d00000|100%| O|  |TAMS 0x0000000081d00000, 0x0000000081c00000| Untracked 
|  29|0x0000000081d00000, 0x0000000081e00000, 0x0000000081e00000|100%| O|  |TAMS 0x0000000081e00000, 0x0000000081d00000| Untracked 
|  30|0x0000000081e00000, 0x0000000081f00000, 0x0000000081f00000|100%| O|  |TAMS 0x0000000081f00000, 0x0000000081e00000| Untracked 
|  31|0x0000000081f00000, 0x0000000082000000, 0x0000000082000000|100%| O|  |TAMS 0x0000000082000000, 0x0000000081f00000| Untracked 
|  32|0x0000000082000000, 0x0000000082100000, 0x0000000082100000|100%| O|  |TAMS 0x0000000082100000, 0x0000000082000000| Untracked 
|  33|0x0000000082100000, 0x0000000082200000, 0x0000000082200000|100%| O|  |TAMS 0x0000000082200000, 0x0000000082100000| Untracked 
|  34|0x0000000082200000, 0x0000000082300000, 0x0000000082300000|100%| O|  |TAMS 0x0000000082300000, 0x0000000082200000| Untracked 
|  35|0x0000000082300000, 0x0000000082400000, 0x0000000082400000|100%| O|  |TAMS 0x0000000082400000, 0x0000000082300000| Untracked 
|  36|0x0000000082400000, 0x0000000082500000, 0x0000000082500000|100%| O|  |TAMS 0x0000000082500000, 0x0000000082400000| Untracked 
|  37|0x0000000082500000, 0x0000000082600000, 0x0000000082600000|100%| O|  |TAMS 0x0000000082600000, 0x0000000082500000| Untracked 
|  38|0x0000000082600000, 0x0000000082700000, 0x0000000082700000|100%| O|  |TAMS 0x0000000082700000, 0x0000000082600000| Untracked 
|  39|0x0000000082700000, 0x0000000082800000, 0x0000000082800000|100%| O|  |TAMS 0x0000000082800000, 0x0000000082700000| Untracked 
|  40|0x0000000082800000, 0x0000000082900000, 0x0000000082900000|100%|HS|  |TAMS 0x0000000082900000, 0x0000000082800000| Complete 
|  41|0x0000000082900000, 0x0000000082a00000, 0x0000000082a00000|100%|HS|  |TAMS 0x0000000082a00000, 0x0000000082900000| Complete 
|  42|0x0000000082a00000, 0x0000000082b00000, 0x0000000082b00000|100%|HS|  |TAMS 0x0000000082b00000, 0x0000000082a00000| Complete 
|  43|0x0000000082b00000, 0x0000000082c00000, 0x0000000082c00000|100%|HC|  |TAMS 0x0000000082c00000, 0x0000000082b00000| Complete 
|  44|0x0000000082c00000, 0x0000000082d00000, 0x0000000082d00000|100%|HS|  |TAMS 0x0000000082d00000, 0x0000000082c00000| Complete 
|  45|0x0000000082d00000, 0x0000000082e00000, 0x0000000082e00000|100%|HC|  |TAMS 0x0000000082e00000, 0x0000000082d00000| Complete 
|  46|0x0000000082e00000, 0x0000000082f00000, 0x0000000082f00000|100%|HS|  |TAMS 0x0000000082f00000, 0x0000000082e00000| Complete 
|  47|0x0000000082f00000, 0x0000000083000000, 0x0000000083000000|100%|HS|  |TAMS 0x0000000083000000, 0x0000000082f00000| Complete 
|  48|0x0000000083000000, 0x0000000083100000, 0x0000000083100000|100%|HC|  |TAMS 0x0000000083100000, 0x0000000083000000| Complete 
|  49|0x0000000083100000, 0x0000000083200000, 0x0000000083200000|100%|HC|  |TAMS 0x0000000083200000, 0x0000000083100000| Complete 
|  50|0x0000000083200000, 0x0000000083300000, 0x0000000083300000|100%|HS|  |TAMS 0x0000000083300000, 0x0000000083200000| Complete 
|  51|0x0000000083300000, 0x0000000083400000, 0x0000000083400000|100%| O|  |TAMS 0x0000000083400000, 0x0000000083300000| Untracked 
|  52|0x0000000083400000, 0x0000000083500000, 0x0000000083500000|100%|HS|  |TAMS 0x0000000083500000, 0x0000000083400000| Complete 
|  53|0x0000000083500000, 0x0000000083600000, 0x0000000083600000|100%|HS|  |TAMS 0x0000000083600000, 0x0000000083500000| Complete 
|  54|0x0000000083600000, 0x0000000083700000, 0x0000000083700000|100%| O|  |TAMS 0x0000000083700000, 0x0000000083600000| Untracked 
|  55|0x0000000083700000, 0x0000000083800000, 0x0000000083800000|100%| O|  |TAMS 0x0000000083800000, 0x0000000083700000| Untracked 
|  56|0x0000000083800000, 0x0000000083900000, 0x0000000083900000|100%| O|  |TAMS 0x0000000083900000, 0x0000000083800000| Untracked 
|  57|0x0000000083900000, 0x0000000083a00000, 0x0000000083a00000|100%| O|  |TAMS 0x0000000083a00000, 0x0000000083900000| Untracked 
|  58|0x0000000083a00000, 0x0000000083b00000, 0x0000000083b00000|100%| O|  |TAMS 0x0000000083b00000, 0x0000000083a00000| Untracked 
|  59|0x0000000083b00000, 0x0000000083c00000, 0x0000000083c00000|100%| O|  |TAMS 0x0000000083c00000, 0x0000000083b00000| Untracked 
|  60|0x0000000083c00000, 0x0000000083d00000, 0x0000000083d00000|100%| O|  |TAMS 0x0000000083d00000, 0x0000000083c00000| Untracked 
|  61|0x0000000083d00000, 0x0000000083e00000, 0x0000000083e00000|100%| O|  |TAMS 0x0000000083e00000, 0x0000000083d00000| Untracked 
|  62|0x0000000083e00000, 0x0000000083f00000, 0x0000000083f00000|100%| O|  |TAMS 0x0000000083f00000, 0x0000000083e00000| Untracked 
|  63|0x0000000083f00000, 0x0000000084000000, 0x0000000084000000|100%|HS|  |TAMS 0x0000000084000000, 0x0000000083f00000| Complete 
|  64|0x0000000084000000, 0x0000000084100000, 0x0000000084100000|100%| O|  |TAMS 0x0000000084100000, 0x0000000084000000| Untracked 
|  65|0x0000000084100000, 0x0000000084200000, 0x0000000084200000|100%| O|  |TAMS 0x0000000084200000, 0x0000000084100000| Untracked 
|  66|0x0000000084200000, 0x0000000084300000, 0x0000000084300000|100%| O|  |TAMS 0x0000000084300000, 0x0000000084200000| Untracked 
|  67|0x0000000084300000, 0x0000000084400000, 0x0000000084400000|100%| O|  |TAMS 0x0000000084400000, 0x0000000084300000| Untracked 
|  68|0x0000000084400000, 0x0000000084500000, 0x0000000084500000|100%| O|  |TAMS 0x0000000084500000, 0x0000000084400000| Untracked 
|  69|0x0000000084500000, 0x0000000084600000, 0x0000000084600000|100%| O|  |TAMS 0x0000000084600000, 0x0000000084500000| Untracked 
|  70|0x0000000084600000, 0x0000000084700000, 0x0000000084700000|100%| O|  |TAMS 0x0000000084700000, 0x0000000084600000| Untracked 
|  71|0x0000000084700000, 0x0000000084800000, 0x0000000084800000|100%| O|  |TAMS 0x0000000084800000, 0x0000000084700000| Untracked 
|  72|0x0000000084800000, 0x0000000084900000, 0x0000000084900000|100%| O|  |TAMS 0x0000000084900000, 0x0000000084800000| Untracked 
|  73|0x0000000084900000, 0x0000000084a00000, 0x0000000084a00000|100%| O|  |TAMS 0x0000000084a00000, 0x0000000084900000| Untracked 
|  74|0x0000000084a00000, 0x0000000084b00000, 0x0000000084b00000|100%| O|  |TAMS 0x0000000084b00000, 0x0000000084a00000| Untracked 
|  75|0x0000000084b00000, 0x0000000084c00000, 0x0000000084c00000|100%|HS|  |TAMS 0x0000000084c00000, 0x0000000084b00000| Complete 
|  76|0x0000000084c00000, 0x0000000084d00000, 0x0000000084d00000|100%|HC|  |TAMS 0x0000000084d00000, 0x0000000084c00000| Complete 
|  77|0x0000000084d00000, 0x0000000084e00000, 0x0000000084e00000|100%|HC|  |TAMS 0x0000000084e00000, 0x0000000084d00000| Complete 
|  78|0x0000000084e00000, 0x0000000084f00000, 0x0000000084f00000|100%| O|  |TAMS 0x0000000084f00000, 0x0000000084e00000| Untracked 
|  79|0x0000000084f00000, 0x0000000085000000, 0x0000000085000000|100%| O|  |TAMS 0x0000000085000000, 0x0000000084f00000| Untracked 
|  80|0x0000000085000000, 0x0000000085100000, 0x0000000085100000|100%| O|  |TAMS 0x0000000085100000, 0x0000000085000000| Untracked 
|  81|0x0000000085100000, 0x0000000085200000, 0x0000000085200000|100%| O|  |TAMS 0x0000000085200000, 0x0000000085100000| Untracked 
|  82|0x0000000085200000, 0x0000000085300000, 0x0000000085300000|100%| O|  |TAMS 0x0000000085300000, 0x0000000085200000| Untracked 
|  83|0x0000000085300000, 0x0000000085400000, 0x0000000085400000|100%| O|  |TAMS 0x0000000085400000, 0x0000000085300000| Untracked 
|  84|0x0000000085400000, 0x0000000085500000, 0x0000000085500000|100%| O|  |TAMS 0x0000000085500000, 0x0000000085400000| Untracked 
|  85|0x0000000085500000, 0x0000000085600000, 0x0000000085600000|100%| O|  |TAMS 0x0000000085600000, 0x0000000085500000| Untracked 
|  86|0x0000000085600000, 0x0000000085700000, 0x0000000085700000|100%| O|  |TAMS 0x0000000085700000, 0x0000000085600000| Untracked 
|  87|0x0000000085700000, 0x0000000085800000, 0x0000000085800000|100%| O|  |TAMS 0x0000000085800000, 0x0000000085700000| Untracked 
|  88|0x0000000085800000, 0x0000000085900000, 0x0000000085900000|100%| O|  |TAMS 0x0000000085900000, 0x0000000085800000| Untracked 
|  89|0x0000000085900000, 0x0000000085a00000, 0x0000000085a00000|100%| O|  |TAMS 0x0000000085a00000, 0x0000000085900000| Untracked 
|  90|0x0000000085a00000, 0x0000000085b00000, 0x0000000085b00000|100%| O|  |TAMS 0x0000000085b00000, 0x0000000085a00000| Untracked 
|  91|0x0000000085b00000, 0x0000000085c00000, 0x0000000085c00000|100%| O|  |TAMS 0x0000000085c00000, 0x0000000085b00000| Untracked 
|  92|0x0000000085c00000, 0x0000000085d00000, 0x0000000085d00000|100%| O|  |TAMS 0x0000000085d00000, 0x0000000085c00000| Untracked 
|  93|0x0000000085d00000, 0x0000000085e00000, 0x0000000085e00000|100%| O|  |TAMS 0x0000000085e00000, 0x0000000085d00000| Untracked 
|  94|0x0000000085e00000, 0x0000000085f00000, 0x0000000085f00000|100%| O|  |TAMS 0x0000000085f00000, 0x0000000085e00000| Untracked 
|  95|0x0000000085f00000, 0x0000000086000000, 0x0000000086000000|100%| O|  |TAMS 0x0000000086000000, 0x0000000085f00000| Untracked 
|  96|0x0000000086000000, 0x0000000086100000, 0x0000000086100000|100%| O|  |TAMS 0x0000000086100000, 0x0000000086000000| Untracked 
|  97|0x0000000086100000, 0x0000000086200000, 0x0000000086200000|100%| O|  |TAMS 0x0000000086200000, 0x0000000086100000| Untracked 
|  98|0x0000000086200000, 0x0000000086300000, 0x0000000086300000|100%| O|  |TAMS 0x0000000086300000, 0x0000000086200000| Untracked 
|  99|0x0000000086300000, 0x0000000086400000, 0x0000000086400000|100%| O|  |TAMS 0x0000000086400000, 0x0000000086300000| Untracked 
| 100|0x0000000086400000, 0x0000000086500000, 0x0000000086500000|100%| O|  |TAMS 0x0000000086500000, 0x0000000086400000| Untracked 
| 101|0x0000000086500000, 0x0000000086600000, 0x0000000086600000|100%| O|  |TAMS 0x0000000086600000, 0x0000000086500000| Untracked 
| 102|0x0000000086600000, 0x0000000086700000, 0x0000000086700000|100%| O|  |TAMS 0x0000000086700000, 0x0000000086600000| Untracked 
| 103|0x0000000086700000, 0x0000000086800000, 0x0000000086800000|100%| O|  |TAMS 0x0000000086800000, 0x0000000086700000| Untracked 
| 104|0x0000000086800000, 0x0000000086900000, 0x0000000086900000|100%| O|  |TAMS 0x0000000086900000, 0x0000000086800000| Untracked 
| 105|0x0000000086900000, 0x0000000086a00000, 0x0000000086a00000|100%| O|  |TAMS 0x0000000086a00000, 0x0000000086900000| Untracked 
| 106|0x0000000086a00000, 0x0000000086b00000, 0x0000000086b00000|100%| O|  |TAMS 0x0000000086b00000, 0x0000000086a00000| Untracked 
| 107|0x0000000086b00000, 0x0000000086c00000, 0x0000000086c00000|100%| O|  |TAMS 0x0000000086c00000, 0x0000000086b00000| Untracked 
| 108|0x0000000086c00000, 0x0000000086d00000, 0x0000000086d00000|100%| O|  |TAMS 0x0000000086d00000, 0x0000000086c00000| Untracked 
| 109|0x0000000086d00000, 0x0000000086e00000, 0x0000000086e00000|100%| O|  |TAMS 0x0000000086e00000, 0x0000000086d00000| Untracked 
| 110|0x0000000086e00000, 0x0000000086f00000, 0x0000000086f00000|100%| O|  |TAMS 0x0000000086f00000, 0x0000000086e00000| Untracked 
| 111|0x0000000086f00000, 0x0000000087000000, 0x0000000087000000|100%| O|  |TAMS 0x0000000087000000, 0x0000000086f00000| Untracked 
| 112|0x0000000087000000, 0x0000000087100000, 0x0000000087100000|100%| O|  |TAMS 0x0000000087100000, 0x0000000087000000| Untracked 
| 113|0x0000000087100000, 0x0000000087200000, 0x0000000087200000|100%| O|  |TAMS 0x0000000087200000, 0x0000000087100000| Untracked 
| 114|0x0000000087200000, 0x0000000087300000, 0x0000000087300000|100%| O|  |TAMS 0x0000000087300000, 0x0000000087200000| Complete 
| 115|0x0000000087300000, 0x0000000087400000, 0x0000000087400000|100%| O|  |TAMS 0x0000000087400000, 0x0000000087300000| Untracked 
| 116|0x0000000087400000, 0x0000000087400000, 0x0000000087500000|  0%| F|  |TAMS 0x0000000087400000, 0x0000000087400000| Untracked 
| 117|0x0000000087500000, 0x0000000087500000, 0x0000000087600000|  0%| F|  |TAMS 0x0000000087500000, 0x0000000087500000| Untracked 
| 118|0x0000000087600000, 0x0000000087600000, 0x0000000087700000|  0%| F|  |TAMS 0x0000000087600000, 0x0000000087600000| Untracked 
| 119|0x0000000087700000, 0x0000000087700000, 0x0000000087800000|  0%| F|  |TAMS 0x0000000087700000, 0x0000000087700000| Untracked 
| 120|0x0000000087800000, 0x0000000087800000, 0x0000000087900000|  0%| F|  |TAMS 0x0000000087800000, 0x0000000087800000| Untracked 
| 121|0x0000000087900000, 0x0000000087900000, 0x0000000087a00000|  0%| F|  |TAMS 0x0000000087900000, 0x0000000087900000| Untracked 
| 122|0x0000000087a00000, 0x0000000087b00000, 0x0000000087b00000|100%| O|  |TAMS 0x0000000087b00000, 0x0000000087a00000| Untracked 
| 123|0x0000000087b00000, 0x0000000087c00000, 0x0000000087c00000|100%| O|  |TAMS 0x0000000087c00000, 0x0000000087b00000| Untracked 
| 124|0x0000000087c00000, 0x0000000087d00000, 0x0000000087d00000|100%| O|  |TAMS 0x0000000087d00000, 0x0000000087c00000| Untracked 
| 125|0x0000000087d00000, 0x0000000087e00000, 0x0000000087e00000|100%| O|  |TAMS 0x0000000087e00000, 0x0000000087d00000| Untracked 
| 126|0x0000000087e00000, 0x0000000087f00000, 0x0000000087f00000|100%| O|  |TAMS 0x0000000087f00000, 0x0000000087e00000| Untracked 
| 127|0x0000000087f00000, 0x0000000088000000, 0x0000000088000000|100%| O|  |TAMS 0x0000000088000000, 0x0000000087f00000| Untracked 
| 128|0x0000000088000000, 0x0000000088100000, 0x0000000088100000|100%| O|  |TAMS 0x0000000088100000, 0x0000000088000000| Untracked 
| 129|0x0000000088100000, 0x0000000088200000, 0x0000000088200000|100%| O|  |TAMS 0x0000000088200000, 0x0000000088100000| Untracked 
| 130|0x0000000088200000, 0x0000000088300000, 0x0000000088300000|100%| O|  |TAMS 0x0000000088300000, 0x0000000088200000| Untracked 
| 131|0x0000000088300000, 0x0000000088400000, 0x0000000088400000|100%| O|  |TAMS 0x0000000088400000, 0x0000000088300000| Untracked 
| 132|0x0000000088400000, 0x0000000088500000, 0x0000000088500000|100%| O|  |TAMS 0x0000000088500000, 0x0000000088400000| Untracked 
| 133|0x0000000088500000, 0x0000000088600000, 0x0000000088600000|100%| O|  |TAMS 0x0000000088600000, 0x0000000088500000| Untracked 
| 134|0x0000000088600000, 0x0000000088700000, 0x0000000088700000|100%| O|  |TAMS 0x0000000088700000, 0x0000000088600000| Complete 
| 135|0x0000000088700000, 0x0000000088800000, 0x0000000088800000|100%| O|  |TAMS 0x0000000088800000, 0x0000000088700000| Complete 
| 136|0x0000000088800000, 0x0000000088900000, 0x0000000088900000|100%| O|  |TAMS 0x0000000088900000, 0x0000000088800000| Untracked 
| 137|0x0000000088900000, 0x0000000088a00000, 0x0000000088a00000|100%| O|  |TAMS 0x0000000088a00000, 0x0000000088900000| Untracked 
| 138|0x0000000088a00000, 0x0000000088a27600, 0x0000000088b00000| 15%| O|  |TAMS 0x0000000088a27600, 0x0000000088a00000| Untracked 
| 139|0x0000000088b00000, 0x0000000088b00000, 0x0000000088c00000|  0%| F|  |TAMS 0x0000000088b00000, 0x0000000088b00000| Untracked 
| 140|0x0000000088c00000, 0x0000000088c00000, 0x0000000088d00000|  0%| F|  |TAMS 0x0000000088c00000, 0x0000000088c00000| Untracked 
| 141|0x0000000088d00000, 0x0000000088e00000, 0x0000000088e00000|100%| O|  |TAMS 0x0000000088e00000, 0x0000000088d00000| Complete 
| 142|0x0000000088e00000, 0x0000000088f00000, 0x0000000088f00000|100%| O|  |TAMS 0x0000000088f00000, 0x0000000088e00000| Untracked 
| 143|0x0000000088f00000, 0x0000000089000000, 0x0000000089000000|100%|HS|  |TAMS 0x0000000089000000, 0x0000000088f00000| Complete 
| 144|0x0000000089000000, 0x0000000089100000, 0x0000000089100000|100%|HC|  |TAMS 0x0000000089100000, 0x0000000089000000| Complete 
| 145|0x0000000089100000, 0x0000000089200000, 0x0000000089200000|100%|HC|  |TAMS 0x0000000089200000, 0x0000000089100000| Complete 
| 146|0x0000000089200000, 0x0000000089300000, 0x0000000089300000|100%|HC|  |TAMS 0x0000000089300000, 0x0000000089200000| Complete 
| 147|0x0000000089300000, 0x0000000089400000, 0x0000000089400000|100%|HC|  |TAMS 0x0000000089400000, 0x0000000089300000| Complete 
| 148|0x0000000089400000, 0x0000000089500000, 0x0000000089500000|100%|HC|  |TAMS 0x0000000089500000, 0x0000000089400000| Complete 
| 149|0x0000000089500000, 0x0000000089600000, 0x0000000089600000|100%|HC|  |TAMS 0x0000000089600000, 0x0000000089500000| Complete 
| 150|0x0000000089600000, 0x0000000089700000, 0x0000000089700000|100%|HC|  |TAMS 0x0000000089700000, 0x0000000089600000| Complete 
| 151|0x0000000089700000, 0x0000000089800000, 0x0000000089800000|100%|HC|  |TAMS 0x0000000089800000, 0x0000000089700000| Complete 
| 152|0x0000000089800000, 0x0000000089900000, 0x0000000089900000|100%|HS|  |TAMS 0x0000000089800000, 0x0000000089800000| Complete 
| 153|0x0000000089900000, 0x0000000089a00000, 0x0000000089a00000|100%|HC|  |TAMS 0x0000000089900000, 0x0000000089900000| Complete 
| 154|0x0000000089a00000, 0x0000000089b00000, 0x0000000089b00000|100%|HC|  |TAMS 0x0000000089a00000, 0x0000000089a00000| Complete 
| 155|0x0000000089b00000, 0x0000000089c00000, 0x0000000089c00000|100%|HC|  |TAMS 0x0000000089b00000, 0x0000000089b00000| Complete 
| 156|0x0000000089c00000, 0x0000000089d00000, 0x0000000089d00000|100%|HC|  |TAMS 0x0000000089c00000, 0x0000000089c00000| Complete 
| 157|0x0000000089d00000, 0x0000000089e00000, 0x0000000089e00000|100%|HC|  |TAMS 0x0000000089d00000, 0x0000000089d00000| Complete 
| 158|0x0000000089e00000, 0x0000000089f00000, 0x0000000089f00000|100%|HC|  |TAMS 0x0000000089e00000, 0x0000000089e00000| Complete 
| 159|0x0000000089f00000, 0x000000008a000000, 0x000000008a000000|100%|HC|  |TAMS 0x0000000089f00000, 0x0000000089f00000| Complete 
| 160|0x000000008a000000, 0x000000008a100000, 0x000000008a100000|100%|HC|  |TAMS 0x000000008a000000, 0x000000008a000000| Complete 
| 161|0x000000008a100000, 0x000000008a200000, 0x000000008a200000|100%|HC|  |TAMS 0x000000008a100000, 0x000000008a100000| Complete 
| 162|0x000000008a200000, 0x000000008a300000, 0x000000008a300000|100%|HC|  |TAMS 0x000000008a200000, 0x000000008a200000| Complete 
| 163|0x000000008a300000, 0x000000008a400000, 0x000000008a400000|100%|HC|  |TAMS 0x000000008a300000, 0x000000008a300000| Complete 
| 164|0x000000008a400000, 0x000000008a500000, 0x000000008a500000|100%|HC|  |TAMS 0x000000008a400000, 0x000000008a400000| Complete 
| 165|0x000000008a500000, 0x000000008a600000, 0x000000008a600000|100%|HC|  |TAMS 0x000000008a500000, 0x000000008a500000| Complete 
| 166|0x000000008a600000, 0x000000008a700000, 0x000000008a700000|100%|HC|  |TAMS 0x000000008a600000, 0x000000008a600000| Complete 
| 167|0x000000008a700000, 0x000000008a800000, 0x000000008a800000|100%|HC|  |TAMS 0x000000008a700000, 0x000000008a700000| Complete 
| 168|0x000000008a800000, 0x000000008a900000, 0x000000008a900000|100%|HC|  |TAMS 0x000000008a800000, 0x000000008a800000| Complete 
| 169|0x000000008a900000, 0x000000008aa00000, 0x000000008aa00000|100%|HC|  |TAMS 0x000000008a900000, 0x000000008a900000| Complete 
| 170|0x000000008aa00000, 0x000000008ab00000, 0x000000008ab00000|100%|HS|  |TAMS 0x000000008aa00000, 0x000000008aa00000| Complete 
| 171|0x000000008ab00000, 0x000000008ac00000, 0x000000008ac00000|100%|HC|  |TAMS 0x000000008ab00000, 0x000000008ab00000| Complete 
| 172|0x000000008ac00000, 0x000000008ad00000, 0x000000008ad00000|100%|HC|  |TAMS 0x000000008ac00000, 0x000000008ac00000| Complete 
| 173|0x000000008ad00000, 0x000000008ae00000, 0x000000008ae00000|100%|HC|  |TAMS 0x000000008ad00000, 0x000000008ad00000| Complete 
| 174|0x000000008ae00000, 0x000000008af00000, 0x000000008af00000|100%|HC|  |TAMS 0x000000008ae00000, 0x000000008ae00000| Complete 
| 175|0x000000008af00000, 0x000000008b000000, 0x000000008b000000|100%|HC|  |TAMS 0x000000008af00000, 0x000000008af00000| Complete 
| 176|0x000000008b000000, 0x000000008b100000, 0x000000008b100000|100%|HC|  |TAMS 0x000000008b000000, 0x000000008b000000| Complete 
| 177|0x000000008b100000, 0x000000008b200000, 0x000000008b200000|100%|HC|  |TAMS 0x000000008b100000, 0x000000008b100000| Complete 
| 178|0x000000008b200000, 0x000000008b300000, 0x000000008b300000|100%|HC|  |TAMS 0x000000008b200000, 0x000000008b200000| Complete 
| 179|0x000000008b300000, 0x000000008b400000, 0x000000008b400000|100%|HS|  |TAMS 0x000000008b300000, 0x000000008b300000| Complete 
| 180|0x000000008b400000, 0x000000008b500000, 0x000000008b500000|100%|HC|  |TAMS 0x000000008b400000, 0x000000008b400000| Complete 
| 181|0x000000008b500000, 0x000000008b600000, 0x000000008b600000|100%|HC|  |TAMS 0x000000008b500000, 0x000000008b500000| Complete 
| 182|0x000000008b600000, 0x000000008b700000, 0x000000008b700000|100%|HC|  |TAMS 0x000000008b600000, 0x000000008b600000| Complete 
| 183|0x000000008b700000, 0x000000008b800000, 0x000000008b800000|100%|HC|  |TAMS 0x000000008b700000, 0x000000008b700000| Complete 
| 184|0x000000008b800000, 0x000000008b900000, 0x000000008b900000|100%|HC|  |TAMS 0x000000008b800000, 0x000000008b800000| Complete 
| 185|0x000000008b900000, 0x000000008ba00000, 0x000000008ba00000|100%|HC|  |TAMS 0x000000008b900000, 0x000000008b900000| Complete 
| 186|0x000000008ba00000, 0x000000008bb00000, 0x000000008bb00000|100%|HC|  |TAMS 0x000000008ba00000, 0x000000008ba00000| Complete 
| 187|0x000000008bb00000, 0x000000008bc00000, 0x000000008bc00000|100%|HC|  |TAMS 0x000000008bb00000, 0x000000008bb00000| Complete 
| 188|0x000000008bc00000, 0x000000008bd00000, 0x000000008bd00000|100%|HC|  |TAMS 0x000000008bc00000, 0x000000008bc00000| Complete 
| 189|0x000000008bd00000, 0x000000008be00000, 0x000000008be00000|100%|HC|  |TAMS 0x000000008bd00000, 0x000000008bd00000| Complete 
| 190|0x000000008be00000, 0x000000008bf00000, 0x000000008bf00000|100%|HC|  |TAMS 0x000000008be00000, 0x000000008be00000| Complete 
| 191|0x000000008bf00000, 0x000000008c000000, 0x000000008c000000|100%|HC|  |TAMS 0x000000008bf00000, 0x000000008bf00000| Complete 
| 192|0x000000008c000000, 0x000000008c100000, 0x000000008c100000|100%|HC|  |TAMS 0x000000008c000000, 0x000000008c000000| Complete 
| 193|0x000000008c100000, 0x000000008c200000, 0x000000008c200000|100%|HC|  |TAMS 0x000000008c100000, 0x000000008c100000| Complete 
| 194|0x000000008c200000, 0x000000008c300000, 0x000000008c300000|100%|HC|  |TAMS 0x000000008c200000, 0x000000008c200000| Complete 
| 195|0x000000008c300000, 0x000000008c400000, 0x000000008c400000|100%|HC|  |TAMS 0x000000008c300000, 0x000000008c300000| Complete 
| 196|0x000000008c400000, 0x000000008c500000, 0x000000008c500000|100%|HC|  |TAMS 0x000000008c400000, 0x000000008c400000| Complete 
| 197|0x000000008c500000, 0x000000008c500000, 0x000000008c600000|  0%| F|  |TAMS 0x000000008c500000, 0x000000008c500000| Untracked 
| 198|0x000000008c600000, 0x000000008c600000, 0x000000008c700000|  0%| F|  |TAMS 0x000000008c600000, 0x000000008c600000| Untracked 
| 199|0x000000008c700000, 0x000000008c700000, 0x000000008c800000|  0%| F|  |TAMS 0x000000008c700000, 0x000000008c700000| Untracked 
| 200|0x000000008c800000, 0x000000008c800000, 0x000000008c900000|  0%| F|  |TAMS 0x000000008c800000, 0x000000008c800000| Untracked 
| 201|0x000000008c900000, 0x000000008c900000, 0x000000008ca00000|  0%| F|  |TAMS 0x000000008c900000, 0x000000008c900000| Untracked 
| 202|0x000000008ca00000, 0x000000008ca00000, 0x000000008cb00000|  0%| F|  |TAMS 0x000000008ca00000, 0x000000008ca00000| Untracked 
| 203|0x000000008cb00000, 0x000000008cb00000, 0x000000008cc00000|  0%| F|  |TAMS 0x000000008cb00000, 0x000000008cb00000| Untracked 
| 204|0x000000008cc00000, 0x000000008cc00000, 0x000000008cd00000|  0%| F|  |TAMS 0x000000008cc00000, 0x000000008cc00000| Untracked 
| 205|0x000000008cd00000, 0x000000008cd00000, 0x000000008ce00000|  0%| F|  |TAMS 0x000000008cd00000, 0x000000008cd00000| Untracked 
| 206|0x000000008ce00000, 0x000000008ce00000, 0x000000008cf00000|  0%| F|  |TAMS 0x000000008ce00000, 0x000000008ce00000| Untracked 
| 207|0x000000008cf00000, 0x000000008cf00000, 0x000000008d000000|  0%| F|  |TAMS 0x000000008cf00000, 0x000000008cf00000| Untracked 
| 208|0x000000008d000000, 0x000000008d000000, 0x000000008d100000|  0%| F|  |TAMS 0x000000008d000000, 0x000000008d000000| Untracked 
| 209|0x000000008d100000, 0x000000008d100000, 0x000000008d200000|  0%| F|  |TAMS 0x000000008d100000, 0x000000008d100000| Untracked 
| 210|0x000000008d200000, 0x000000008d200000, 0x000000008d300000|  0%| F|  |TAMS 0x000000008d200000, 0x000000008d200000| Untracked 
| 211|0x000000008d300000, 0x000000008d300000, 0x000000008d400000|  0%| F|  |TAMS 0x000000008d300000, 0x000000008d300000| Untracked 
| 212|0x000000008d400000, 0x000000008d400000, 0x000000008d500000|  0%| F|  |TAMS 0x000000008d400000, 0x000000008d400000| Untracked 
| 213|0x000000008d500000, 0x000000008d500000, 0x000000008d600000|  0%| F|  |TAMS 0x000000008d500000, 0x000000008d500000| Untracked 
| 214|0x000000008d600000, 0x000000008d600000, 0x000000008d700000|  0%| F|  |TAMS 0x000000008d600000, 0x000000008d600000| Untracked 
| 215|0x000000008d700000, 0x000000008d700000, 0x000000008d800000|  0%| F|  |TAMS 0x000000008d700000, 0x000000008d700000| Untracked 
| 216|0x000000008d800000, 0x000000008d800000, 0x000000008d900000|  0%| F|  |TAMS 0x000000008d800000, 0x000000008d800000| Untracked 
| 217|0x000000008d900000, 0x000000008d900000, 0x000000008da00000|  0%| F|  |TAMS 0x000000008d900000, 0x000000008d900000| Untracked 
| 218|0x000000008da00000, 0x000000008da00000, 0x000000008db00000|  0%| F|  |TAMS 0x000000008da00000, 0x000000008da00000| Untracked 
| 219|0x000000008db00000, 0x000000008db00000, 0x000000008dc00000|  0%| F|  |TAMS 0x000000008db00000, 0x000000008db00000| Untracked 
| 220|0x000000008dc00000, 0x000000008dc845a0, 0x000000008dd00000| 51%| S|CS|TAMS 0x000000008dc00000, 0x000000008dc00000| Complete 
| 221|0x000000008dd00000, 0x000000008de00000, 0x000000008de00000|100%| S|CS|TAMS 0x000000008dd00000, 0x000000008dd00000| Complete 
| 222|0x000000008de00000, 0x000000008df00000, 0x000000008df00000|100%| S|CS|TAMS 0x000000008de00000, 0x000000008de00000| Complete 
| 223|0x000000008df00000, 0x000000008e000000, 0x000000008e000000|100%| S|CS|TAMS 0x000000008df00000, 0x000000008df00000| Complete 
| 224|0x000000008e000000, 0x000000008e000000, 0x000000008e100000|  0%| F|  |TAMS 0x000000008e000000, 0x000000008e000000| Untracked 
| 225|0x000000008e100000, 0x000000008e100000, 0x000000008e200000|  0%| F|  |TAMS 0x000000008e100000, 0x000000008e100000| Untracked 
| 226|0x000000008e200000, 0x000000008e200000, 0x000000008e300000|  0%| F|  |TAMS 0x000000008e200000, 0x000000008e200000| Untracked 
| 227|0x000000008e300000, 0x000000008e300000, 0x000000008e400000|  0%| F|  |TAMS 0x000000008e300000, 0x000000008e300000| Untracked 
| 228|0x000000008e400000, 0x000000008e400000, 0x000000008e500000|  0%| F|  |TAMS 0x000000008e400000, 0x000000008e400000| Untracked 
| 229|0x000000008e500000, 0x000000008e500000, 0x000000008e600000|  0%| F|  |TAMS 0x000000008e500000, 0x000000008e500000| Untracked 
| 230|0x000000008e600000, 0x000000008e600000, 0x000000008e700000|  0%| F|  |TAMS 0x000000008e600000, 0x000000008e600000| Untracked 
| 231|0x000000008e700000, 0x000000008e700000, 0x000000008e800000|  0%| F|  |TAMS 0x000000008e700000, 0x000000008e700000| Untracked 
| 232|0x000000008e800000, 0x000000008e800000, 0x000000008e900000|  0%| F|  |TAMS 0x000000008e800000, 0x000000008e800000| Untracked 
| 233|0x000000008e900000, 0x000000008e900000, 0x000000008ea00000|  0%| F|  |TAMS 0x000000008e900000, 0x000000008e900000| Untracked 
| 234|0x000000008ea00000, 0x000000008ea00000, 0x000000008eb00000|  0%| F|  |TAMS 0x000000008ea00000, 0x000000008ea00000| Untracked 
| 235|0x000000008eb00000, 0x000000008eb00000, 0x000000008ec00000|  0%| F|  |TAMS 0x000000008eb00000, 0x000000008eb00000| Untracked 
| 236|0x000000008ec00000, 0x000000008ec00000, 0x000000008ed00000|  0%| F|  |TAMS 0x000000008ec00000, 0x000000008ec00000| Untracked 
| 237|0x000000008ed00000, 0x000000008ed00000, 0x000000008ee00000|  0%| F|  |TAMS 0x000000008ed00000, 0x000000008ed00000| Untracked 
| 238|0x000000008ee00000, 0x000000008ee00000, 0x000000008ef00000|  0%| F|  |TAMS 0x000000008ee00000, 0x000000008ee00000| Untracked 
| 239|0x000000008ef00000, 0x000000008ef00000, 0x000000008f000000|  0%| F|  |TAMS 0x000000008ef00000, 0x000000008ef00000| Untracked 
| 240|0x000000008f000000, 0x000000008f000000, 0x000000008f100000|  0%| F|  |TAMS 0x000000008f000000, 0x000000008f000000| Untracked 
| 241|0x000000008f100000, 0x000000008f100000, 0x000000008f200000|  0%| F|  |TAMS 0x000000008f100000, 0x000000008f100000| Untracked 
| 242|0x000000008f200000, 0x000000008f200000, 0x000000008f300000|  0%| F|  |TAMS 0x000000008f200000, 0x000000008f200000| Untracked 
| 243|0x000000008f300000, 0x000000008f300000, 0x000000008f400000|  0%| F|  |TAMS 0x000000008f300000, 0x000000008f300000| Untracked 
| 244|0x000000008f400000, 0x000000008f400000, 0x000000008f500000|  0%| F|  |TAMS 0x000000008f400000, 0x000000008f400000| Untracked 
| 245|0x000000008f500000, 0x000000008f500000, 0x000000008f600000|  0%| F|  |TAMS 0x000000008f500000, 0x000000008f500000| Untracked 
| 246|0x000000008f600000, 0x000000008f600000, 0x000000008f700000|  0%| F|  |TAMS 0x000000008f600000, 0x000000008f600000| Untracked 
| 247|0x000000008f700000, 0x000000008f700000, 0x000000008f800000|  0%| F|  |TAMS 0x000000008f700000, 0x000000008f700000| Untracked 
| 248|0x000000008f800000, 0x000000008f800000, 0x000000008f900000|  0%| F|  |TAMS 0x000000008f800000, 0x000000008f800000| Untracked 
| 249|0x000000008f900000, 0x000000008f900000, 0x000000008fa00000|  0%| F|  |TAMS 0x000000008f900000, 0x000000008f900000| Untracked 
| 250|0x000000008fa00000, 0x000000008fa00000, 0x000000008fb00000|  0%| F|  |TAMS 0x000000008fa00000, 0x000000008fa00000| Untracked 
| 251|0x000000008fb00000, 0x000000008fbe2c50, 0x000000008fc00000| 88%| E|  |TAMS 0x000000008fb00000, 0x000000008fb00000| Complete 
| 252|0x000000008fc00000, 0x000000008fc00000, 0x000000008fd00000|  0%| F|  |TAMS 0x000000008fc00000, 0x000000008fc00000| Untracked 
| 253|0x000000008fd00000, 0x000000008fd00000, 0x000000008fe00000|  0%| F|  |TAMS 0x000000008fd00000, 0x000000008fd00000| Untracked 
| 254|0x000000008fe00000, 0x000000008fe00000, 0x000000008ff00000|  0%| F|  |TAMS 0x000000008fe00000, 0x000000008fe00000| Untracked 
| 255|0x000000008ff00000, 0x000000008ff00000, 0x0000000090000000|  0%| F|  |TAMS 0x000000008ff00000, 0x000000008ff00000| Untracked 
| 256|0x0000000090000000, 0x0000000090000000, 0x0000000090100000|  0%| F|  |TAMS 0x0000000090000000, 0x0000000090000000| Untracked 
| 257|0x0000000090100000, 0x0000000090100000, 0x0000000090200000|  0%| F|  |TAMS 0x0000000090100000, 0x0000000090100000| Untracked 
| 258|0x0000000090200000, 0x0000000090200000, 0x0000000090300000|  0%| F|  |TAMS 0x0000000090200000, 0x0000000090200000| Untracked 
| 259|0x0000000090300000, 0x0000000090300000, 0x0000000090400000|  0%| F|  |TAMS 0x0000000090300000, 0x0000000090300000| Untracked 
| 260|0x0000000090400000, 0x0000000090400000, 0x0000000090500000|  0%| F|  |TAMS 0x0000000090400000, 0x0000000090400000| Untracked 
| 261|0x0000000090500000, 0x0000000090500000, 0x0000000090600000|  0%| F|  |TAMS 0x0000000090500000, 0x0000000090500000| Untracked 
| 262|0x0000000090600000, 0x0000000090600000, 0x0000000090700000|  0%| F|  |TAMS 0x0000000090600000, 0x0000000090600000| Untracked 
| 263|0x0000000090700000, 0x0000000090700000, 0x0000000090800000|  0%| F|  |TAMS 0x0000000090700000, 0x0000000090700000| Untracked 
| 264|0x0000000090800000, 0x0000000090800000, 0x0000000090900000|  0%| F|  |TAMS 0x0000000090800000, 0x0000000090800000| Untracked 
| 265|0x0000000090900000, 0x0000000090900000, 0x0000000090a00000|  0%| F|  |TAMS 0x0000000090900000, 0x0000000090900000| Untracked 
| 266|0x0000000090a00000, 0x0000000090a00000, 0x0000000090b00000|  0%| F|  |TAMS 0x0000000090a00000, 0x0000000090a00000| Untracked 
| 267|0x0000000090b00000, 0x0000000090b00000, 0x0000000090c00000|  0%| F|  |TAMS 0x0000000090b00000, 0x0000000090b00000| Untracked 
| 268|0x0000000090c00000, 0x0000000090c00000, 0x0000000090d00000|  0%| F|  |TAMS 0x0000000090c00000, 0x0000000090c00000| Untracked 
| 269|0x0000000090d00000, 0x0000000090d00000, 0x0000000090e00000|  0%| F|  |TAMS 0x0000000090d00000, 0x0000000090d00000| Untracked 
| 270|0x0000000090e00000, 0x0000000090e00000, 0x0000000090f00000|  0%| F|  |TAMS 0x0000000090e00000, 0x0000000090e00000| Untracked 
| 271|0x0000000090f00000, 0x0000000090f00000, 0x0000000091000000|  0%| F|  |TAMS 0x0000000090f00000, 0x0000000090f00000| Untracked 
| 272|0x0000000091000000, 0x0000000091000000, 0x0000000091100000|  0%| F|  |TAMS 0x0000000091000000, 0x0000000091000000| Untracked 
| 273|0x0000000091100000, 0x0000000091100000, 0x0000000091200000|  0%| F|  |TAMS 0x0000000091100000, 0x0000000091100000| Untracked 
| 274|0x0000000091200000, 0x0000000091200000, 0x0000000091300000|  0%| F|  |TAMS 0x0000000091200000, 0x0000000091200000| Untracked 
| 275|0x0000000091300000, 0x0000000091300000, 0x0000000091400000|  0%| F|  |TAMS 0x0000000091300000, 0x0000000091300000| Untracked 
| 276|0x0000000091400000, 0x0000000091400000, 0x0000000091500000|  0%| F|  |TAMS 0x0000000091400000, 0x0000000091400000| Untracked 
| 277|0x0000000091500000, 0x0000000091500000, 0x0000000091600000|  0%| F|  |TAMS 0x0000000091500000, 0x0000000091500000| Untracked 
| 278|0x0000000091600000, 0x0000000091600000, 0x0000000091700000|  0%| F|  |TAMS 0x0000000091600000, 0x0000000091600000| Untracked 
| 279|0x0000000091700000, 0x0000000091700000, 0x0000000091800000|  0%| F|  |TAMS 0x0000000091700000, 0x0000000091700000| Untracked 
| 280|0x0000000091800000, 0x0000000091800000, 0x0000000091900000|  0%| F|  |TAMS 0x0000000091800000, 0x0000000091800000| Untracked 
| 281|0x0000000091900000, 0x0000000091900000, 0x0000000091a00000|  0%| F|  |TAMS 0x0000000091900000, 0x0000000091900000| Untracked 
| 282|0x0000000091a00000, 0x0000000091a00000, 0x0000000091b00000|  0%| F|  |TAMS 0x0000000091a00000, 0x0000000091a00000| Untracked 
| 283|0x0000000091b00000, 0x0000000091b00000, 0x0000000091c00000|  0%| F|  |TAMS 0x0000000091b00000, 0x0000000091b00000| Untracked 
| 284|0x0000000091c00000, 0x0000000091c00000, 0x0000000091d00000|  0%| F|  |TAMS 0x0000000091c00000, 0x0000000091c00000| Untracked 
| 285|0x0000000091d00000, 0x0000000091d00000, 0x0000000091e00000|  0%| F|  |TAMS 0x0000000091d00000, 0x0000000091d00000| Untracked 
| 286|0x0000000091e00000, 0x0000000091e00000, 0x0000000091f00000|  0%| F|  |TAMS 0x0000000091e00000, 0x0000000091e00000| Untracked 
| 287|0x0000000091f00000, 0x0000000091f00000, 0x0000000092000000|  0%| F|  |TAMS 0x0000000091f00000, 0x0000000091f00000| Untracked 
| 288|0x0000000092000000, 0x0000000092000000, 0x0000000092100000|  0%| F|  |TAMS 0x0000000092000000, 0x0000000092000000| Untracked 
| 289|0x0000000092100000, 0x0000000092100000, 0x0000000092200000|  0%| F|  |TAMS 0x0000000092100000, 0x0000000092100000| Untracked 
| 290|0x0000000092200000, 0x0000000092200000, 0x0000000092300000|  0%| F|  |TAMS 0x0000000092200000, 0x0000000092200000| Untracked 
| 291|0x0000000092300000, 0x0000000092300000, 0x0000000092400000|  0%| F|  |TAMS 0x0000000092300000, 0x0000000092300000| Untracked 
| 292|0x0000000092400000, 0x0000000092400000, 0x0000000092500000|  0%| F|  |TAMS 0x0000000092400000, 0x0000000092400000| Untracked 
| 293|0x0000000092500000, 0x0000000092500000, 0x0000000092600000|  0%| F|  |TAMS 0x0000000092500000, 0x0000000092500000| Untracked 
| 294|0x0000000092600000, 0x0000000092600000, 0x0000000092700000|  0%| F|  |TAMS 0x0000000092600000, 0x0000000092600000| Untracked 
| 295|0x0000000092700000, 0x0000000092700000, 0x0000000092800000|  0%| F|  |TAMS 0x0000000092700000, 0x0000000092700000| Untracked 
| 296|0x0000000092800000, 0x0000000092800000, 0x0000000092900000|  0%| F|  |TAMS 0x0000000092800000, 0x0000000092800000| Untracked 
| 297|0x0000000092900000, 0x0000000092900000, 0x0000000092a00000|  0%| F|  |TAMS 0x0000000092900000, 0x0000000092900000| Untracked 
| 298|0x0000000092a00000, 0x0000000092a00000, 0x0000000092b00000|  0%| F|  |TAMS 0x0000000092a00000, 0x0000000092a00000| Untracked 
| 299|0x0000000092b00000, 0x0000000092b00000, 0x0000000092c00000|  0%| F|  |TAMS 0x0000000092b00000, 0x0000000092b00000| Untracked 
| 300|0x0000000092c00000, 0x0000000092c00000, 0x0000000092d00000|  0%| F|  |TAMS 0x0000000092c00000, 0x0000000092c00000| Untracked 
| 301|0x0000000092d00000, 0x0000000092d00000, 0x0000000092e00000|  0%| F|  |TAMS 0x0000000092d00000, 0x0000000092d00000| Untracked 
| 302|0x0000000092e00000, 0x0000000092e00000, 0x0000000092f00000|  0%| F|  |TAMS 0x0000000092e00000, 0x0000000092e00000| Untracked 
| 303|0x0000000092f00000, 0x0000000092f00000, 0x0000000093000000|  0%| F|  |TAMS 0x0000000092f00000, 0x0000000092f00000| Untracked 
| 304|0x0000000093000000, 0x0000000093000000, 0x0000000093100000|  0%| F|  |TAMS 0x0000000093000000, 0x0000000093000000| Untracked 
| 305|0x0000000093100000, 0x0000000093100000, 0x0000000093200000|  0%| F|  |TAMS 0x0000000093100000, 0x0000000093100000| Untracked 
| 306|0x0000000093200000, 0x0000000093200000, 0x0000000093300000|  0%| F|  |TAMS 0x0000000093200000, 0x0000000093200000| Untracked 
| 307|0x0000000093300000, 0x0000000093300000, 0x0000000093400000|  0%| F|  |TAMS 0x0000000093300000, 0x0000000093300000| Untracked 
| 308|0x0000000093400000, 0x0000000093400000, 0x0000000093500000|  0%| F|  |TAMS 0x0000000093400000, 0x0000000093400000| Untracked 
| 309|0x0000000093500000, 0x0000000093500000, 0x0000000093600000|  0%| F|  |TAMS 0x0000000093500000, 0x0000000093500000| Untracked 
| 310|0x0000000093600000, 0x0000000093600000, 0x0000000093700000|  0%| F|  |TAMS 0x0000000093600000, 0x0000000093600000| Untracked 
| 311|0x0000000093700000, 0x0000000093700000, 0x0000000093800000|  0%| F|  |TAMS 0x0000000093700000, 0x0000000093700000| Untracked 
| 312|0x0000000093800000, 0x0000000093800000, 0x0000000093900000|  0%| F|  |TAMS 0x0000000093800000, 0x0000000093800000| Untracked 
| 313|0x0000000093900000, 0x0000000093900000, 0x0000000093a00000|  0%| F|  |TAMS 0x0000000093900000, 0x0000000093900000| Untracked 
| 314|0x0000000093a00000, 0x0000000093a00000, 0x0000000093b00000|  0%| F|  |TAMS 0x0000000093a00000, 0x0000000093a00000| Untracked 
| 315|0x0000000093b00000, 0x0000000093b00000, 0x0000000093c00000|  0%| F|  |TAMS 0x0000000093b00000, 0x0000000093b00000| Untracked 
| 316|0x0000000093c00000, 0x0000000093c00000, 0x0000000093d00000|  0%| F|  |TAMS 0x0000000093c00000, 0x0000000093c00000| Untracked 
| 317|0x0000000093d00000, 0x0000000093d00000, 0x0000000093e00000|  0%| F|  |TAMS 0x0000000093d00000, 0x0000000093d00000| Untracked 
| 318|0x0000000093e00000, 0x0000000093e00000, 0x0000000093f00000|  0%| F|  |TAMS 0x0000000093e00000, 0x0000000093e00000| Untracked 
| 319|0x0000000093f00000, 0x0000000093f00000, 0x0000000094000000|  0%| F|  |TAMS 0x0000000093f00000, 0x0000000093f00000| Untracked 
| 320|0x0000000094000000, 0x0000000094000000, 0x0000000094100000|  0%| F|  |TAMS 0x0000000094000000, 0x0000000094000000| Untracked 
| 321|0x0000000094100000, 0x0000000094100000, 0x0000000094200000|  0%| F|  |TAMS 0x0000000094100000, 0x0000000094100000| Untracked 
| 322|0x0000000094200000, 0x0000000094200000, 0x0000000094300000|  0%| F|  |TAMS 0x0000000094200000, 0x0000000094200000| Untracked 
| 323|0x0000000094300000, 0x0000000094300000, 0x0000000094400000|  0%| F|  |TAMS 0x0000000094300000, 0x0000000094300000| Untracked 

Card table byte_map: [0x000001905ff50000,0x0000019060350000] _byte_map_base: 0x000001905fb50000

Marking Bits (Prev, Next): (CMBitMap*) 0x0000019046e12da0, (CMBitMap*) 0x0000019046e12de0
 Prev Bits: [0x0000019060750000, 0x0000019062750000)
 Next Bits: [0x0000019062750000, 0x0000019064750000)

Polling page: 0x0000019046e80000

Metaspace:

Usage:
  Non-class:    108.88 MB used.
      Class:     18.73 MB used.
       Both:    127.61 MB used.

Virtual space:
  Non-class space:      128.00 MB reserved,     109.50 MB ( 86%) committed,  2 nodes.
      Class space:        1.00 GB reserved,      19.31 MB (  2%) committed,  1 nodes.
             Both:        1.12 GB reserved,     128.81 MB ( 11%) committed. 

Chunk freelists:
   Non-Class:  1.99 MB
       Class:  12.72 MB
        Both:  14.71 MB

MaxMetaspaceSize: unlimited
CompressedClassSpaceSize: 1.00 GB
Initial GC threshold: 21.00 MB
Current GC threshold: 214.69 MB
CDS: on
MetaspaceReclaimPolicy: balanced
 - commit_granule_bytes: 65536.
 - commit_granule_words: 8192.
 - virtual_space_node_default_size: 8388608.
 - enlarge_chunks_in_place: 1.
 - new_chunks_are_fully_committed: 0.
 - uncommit_free_chunks: 1.
 - use_allocation_guard: 0.
 - handle_deallocations: 1.


Internal statistics:

num_allocs_failed_limit: 9.
num_arena_births: 1772.
num_arena_deaths: 98.
num_vsnodes_births: 3.
num_vsnodes_deaths: 0.
num_space_committed: 2060.
num_space_uncommitted: 0.
num_chunks_returned_to_freelist: 149.
num_chunks_taken_from_freelist: 7378.
num_chunk_merges: 73.
num_chunk_splits: 4877.
num_chunks_enlarged: 3239.
num_inconsistent_stats: 0.

CodeHeap 'non-profiled nmethods': size=120000Kb used=9390Kb max_used=9390Kb free=110610Kb
 bounds [0x00000190579a0000, 0x00000190582d0000, 0x000001905eed0000]
CodeHeap 'profiled nmethods': size=120000Kb used=30376Kb max_used=30376Kb free=89623Kb
 bounds [0x000001904fed0000, 0x0000019051c80000, 0x0000019057400000]
CodeHeap 'non-nmethods': size=5760Kb used=1801Kb max_used=1872Kb free=3958Kb
 bounds [0x0000019057400000, 0x0000019057670000, 0x00000190579a0000]
 total_blobs=16486 nmethods=15581 adapters=815
 compilation: enabled
              stopped_count=0, restarted_count=0
 full_count=0

Compilation events (20 events):
Event: 49.965 Thread 0x000001906759e410 nmethod 18523 0x00000190582ae610 code [0x00000190582ae7a0, 0x00000190582ae878]
Event: 49.965 Thread 0x000001906759e410 18524       1       com.android.zipflinger.Entry::getVersionMadeBy (5 bytes)
Event: 49.965 Thread 0x000001906759e410 nmethod 18524 0x00000190582ae910 code [0x00000190582aeaa0, 0x00000190582aeb78]
Event: 49.965 Thread 0x000001906759e410 18525       1       com.android.zipflinger.Entry::getExternalAttributes (5 bytes)
Event: 49.965 Thread 0x000001906759e410 nmethod 18525 0x00000190582aec10 code [0x00000190582aeda0, 0x00000190582aee78]
Event: 49.967 Thread 0x0000019071402ea0 nmethod 18516 0x00000190582aef10 code [0x00000190582af0a0, 0x00000190582af7b8]
Event: 49.967 Thread 0x0000019071402ea0 18517       4       java.lang.String::indexOf (113 bytes)
Event: 49.971 Thread 0x0000019071402ea0 nmethod 18517 0x00000190582afa10 code [0x00000190582afba0, 0x00000190582b02b8]
Event: 49.975 Thread 0x000001906759e410 18526       3       java.lang.invoke.LambdaFormEditor::filterArgumentsForm (74 bytes)
Event: 49.976 Thread 0x000001906759e410 nmethod 18526 0x0000019051c77b10 code [0x0000019051c77ce0, 0x0000019051c77f78]
Event: 49.976 Thread 0x000001906759e410 18527       3       java.lang.invoke.MethodHandles::foldArgumentsWithCombiner (9 bytes)
Event: 49.976 Thread 0x000001906759e410 nmethod 18527 0x0000019051c78090 code [0x0000019051c78220, 0x0000019051c78368]
Event: 49.976 Thread 0x000001906759e410 18528       3       java.lang.invoke.DirectMethodHandle$Holder::invokeStatic (17 bytes)
Event: 49.976 Thread 0x000001906759e410 nmethod 18528 0x0000019051c78410 code [0x0000019051c785e0, 0x0000019051c78938]
Event: 49.980 Thread 0x000001906759e410 18529   !   3       java.nio.charset.Charset::defaultCharset (53 bytes)
Event: 49.982 Thread 0x000001906759e410 nmethod 18529 0x0000019051c78a90 code [0x0000019051c78d60, 0x0000019051c79bd8]
Event: 50.032 Thread 0x000001906759cee0 nmethod 18471 0x00000190582b0490 code [0x00000190582b0780, 0x00000190582b3b80]
Event: 50.140 Thread 0x000001906759cee0 18530       4       java.util.zip.Deflater::ensureOpen (47 bytes)
Event: 50.140 Thread 0x000001906759cee0 nmethod 18530 0x00000190582b5210 code [0x00000190582b5380, 0x00000190582b5438]
Event: 50.141 Thread 0x000001906759cee0 18531       4       java.util.zip.DeflaterOutputStream::deflate (36 bytes)

GC Heap History (20 events):
Event: 44.605 GC heap before
{Heap before GC invocations=48 (full 0):
 garbage-first heap   total 230400K, used 182504K [0x0000000080000000, 0x0000000100000000)
  region size 1024K, 51 young (52224K), 4 survivors (4096K)
 Metaspace       used 109248K, committed 110144K, reserved 1179648K
  class space    used 15300K, committed 15744K, reserved 1048576K
}
Event: 44.615 GC heap after
{Heap after GC invocations=49 (full 0):
 garbage-first heap   total 230400K, used 139127K [0x0000000080000000, 0x0000000100000000)
  region size 1024K, 7 young (7168K), 7 survivors (7168K)
 Metaspace       used 109248K, committed 110144K, reserved 1179648K
  class space    used 15300K, committed 15744K, reserved 1048576K
}
Event: 45.464 GC heap before
{Heap before GC invocations=49 (full 0):
 garbage-first heap   total 230400K, used 185207K [0x0000000080000000, 0x0000000100000000)
  region size 1024K, 53 young (54272K), 7 survivors (7168K)
 Metaspace       used 114988K, committed 115968K, reserved 1179648K
  class space    used 16436K, committed 16896K, reserved 1048576K
}
Event: 45.476 GC heap after
{Heap after GC invocations=50 (full 0):
 garbage-first heap   total 230400K, used 141194K [0x0000000080000000, 0x0000000100000000)
  region size 1024K, 6 young (6144K), 6 survivors (6144K)
 Metaspace       used 114988K, committed 115968K, reserved 1179648K
  class space    used 16436K, committed 16896K, reserved 1048576K
}
Event: 46.371 GC heap before
{Heap before GC invocations=50 (full 0):
 garbage-first heap   total 230400K, used 187274K [0x0000000080000000, 0x0000000100000000)
  region size 1024K, 52 young (53248K), 6 survivors (6144K)
 Metaspace       used 119973K, committed 121024K, reserved 1179648K
  class space    used 17549K, committed 18048K, reserved 1048576K
}
Event: 46.379 GC heap after
{Heap after GC invocations=51 (full 0):
 garbage-first heap   total 230400K, used 144130K [0x0000000080000000, 0x0000000100000000)
  region size 1024K, 6 young (6144K), 6 survivors (6144K)
 Metaspace       used 119973K, committed 121024K, reserved 1179648K
  class space    used 17549K, committed 18048K, reserved 1048576K
}
Event: 46.912 GC heap before
{Heap before GC invocations=51 (full 0):
 garbage-first heap   total 230400K, used 189186K [0x0000000080000000, 0x0000000100000000)
  region size 1024K, 51 young (52224K), 6 survivors (6144K)
 Metaspace       used 123538K, committed 124608K, reserved 1179648K
  class space    used 18148K, committed 18624K, reserved 1048576K
}
Event: 46.918 GC heap after
{Heap after GC invocations=52 (full 0):
 garbage-first heap   total 230400K, used 144845K [0x0000000080000000, 0x0000000100000000)
  region size 1024K, 4 young (4096K), 4 survivors (4096K)
 Metaspace       used 123538K, committed 124608K, reserved 1179648K
  class space    used 18148K, committed 18624K, reserved 1048576K
}
Event: 47.187 GC heap before
{Heap before GC invocations=52 (full 0):
 garbage-first heap   total 230400K, used 192973K [0x0000000080000000, 0x0000000100000000)
  region size 1024K, 52 young (53248K), 4 survivors (4096K)
 Metaspace       used 125556K, committed 126656K, reserved 1179648K
  class space    used 18483K, committed 19008K, reserved 1048576K
}
Event: 47.193 GC heap after
{Heap after GC invocations=53 (full 0):
 garbage-first heap   total 230400K, used 146344K [0x0000000080000000, 0x0000000100000000)
  region size 1024K, 3 young (3072K), 3 survivors (3072K)
 Metaspace       used 125556K, committed 126656K, reserved 1179648K
  class space    used 18483K, committed 19008K, reserved 1048576K
}
Event: 47.491 GC heap before
{Heap before GC invocations=53 (full 0):
 garbage-first heap   total 230400K, used 193448K [0x0000000080000000, 0x0000000100000000)
  region size 1024K, 50 young (51200K), 3 survivors (3072K)
 Metaspace       used 126839K, committed 127936K, reserved 1179648K
  class space    used 18727K, committed 19264K, reserved 1048576K
}
Event: 47.495 GC heap after
{Heap after GC invocations=54 (full 0):
 garbage-first heap   total 230400K, used 146402K [0x0000000080000000, 0x0000000100000000)
  region size 1024K, 3 young (3072K), 3 survivors (3072K)
 Metaspace       used 126839K, committed 127936K, reserved 1179648K
  class space    used 18727K, committed 19264K, reserved 1048576K
}
Event: 47.932 GC heap before
{Heap before GC invocations=54 (full 0):
 garbage-first heap   total 230400K, used 194530K [0x0000000080000000, 0x0000000100000000)
  region size 1024K, 51 young (52224K), 3 survivors (3072K)
 Metaspace       used 127457K, committed 128512K, reserved 1179648K
  class space    used 18787K, committed 19328K, reserved 1048576K
}
Event: 47.937 GC heap after
{Heap after GC invocations=55 (full 0):
 garbage-first heap   total 230400K, used 145614K [0x0000000080000000, 0x0000000100000000)
  region size 1024K, 3 young (3072K), 3 survivors (3072K)
 Metaspace       used 127457K, committed 128512K, reserved 1179648K
  class space    used 18787K, committed 19328K, reserved 1048576K
}
Event: 48.995 GC heap before
{Heap before GC invocations=55 (full 0):
 garbage-first heap   total 230400K, used 195790K [0x0000000080000000, 0x0000000100000000)
  region size 1024K, 53 young (54272K), 3 survivors (3072K)
 Metaspace       used 128497K, committed 129600K, reserved 1179648K
  class space    used 18890K, committed 19456K, reserved 1048576K
}
Event: 49.002 GC heap after
{Heap after GC invocations=56 (full 0):
 garbage-first heap   total 230400K, used 146382K [0x0000000080000000, 0x0000000100000000)
  region size 1024K, 3 young (3072K), 3 survivors (3072K)
 Metaspace       used 128497K, committed 129600K, reserved 1179648K
  class space    used 18890K, committed 19456K, reserved 1048576K
}
Event: 49.880 GC heap before
{Heap before GC invocations=56 (full 0):
 garbage-first heap   total 230400K, used 170958K [0x0000000080000000, 0x0000000100000000)
  region size 1024K, 29 young (29696K), 3 survivors (3072K)
 Metaspace       used 130681K, committed 131840K, reserved 1179648K
  class space    used 19191K, committed 19776K, reserved 1048576K
}
Event: 49.885 GC heap after
{Heap after GC invocations=57 (full 0):
 garbage-first heap   total 230400K, used 146831K [0x0000000080000000, 0x0000000100000000)
  region size 1024K, 4 young (4096K), 4 survivors (4096K)
 Metaspace       used 130681K, committed 131840K, reserved 1179648K
  class space    used 19191K, committed 19776K, reserved 1048576K
}
Event: 49.906 GC heap before
{Heap before GC invocations=57 (full 0):
 garbage-first heap   total 230400K, used 156047K [0x0000000080000000, 0x0000000100000000)
  region size 1024K, 5 young (5120K), 4 survivors (4096K)
 Metaspace       used 130694K, committed 131840K, reserved 1179648K
  class space    used 19194K, committed 19776K, reserved 1048576K
}
Event: 49.910 GC heap after
{Heap after GC invocations=58 (full 0):
 garbage-first heap   total 230400K, used 156334K [0x0000000080000000, 0x0000000100000000)
  region size 1024K, 4 young (4096K), 4 survivors (4096K)
 Metaspace       used 130694K, committed 131840K, reserved 1179648K
  class space    used 19194K, committed 19776K, reserved 1048576K
}

Deoptimization events (20 events):
Event: 49.750 Thread 0x000001906c015060 DEOPT PACKING pc=0x0000019057dddd80 sp=0x0000007c823fd6e0
Event: 49.750 Thread 0x000001906c015060 DEOPT UNPACKING pc=0x00000190574523a3 sp=0x0000007c823fd698 mode 2
Event: 49.750 Thread 0x000001906c015060 Uncommon trap: trap_request=0xffffffbe fr.pc=0x0000019057dddd80 relative=0x0000000000000840
Event: 49.750 Thread 0x000001906c015060 Uncommon trap: reason=profile_predicate action=maybe_recompile pc=0x0000019057dddd80 method=java.math.BigInteger.montReduce([I[III)[I @ 56 c2
Event: 49.750 Thread 0x000001906c015060 DEOPT PACKING pc=0x0000019057dddd80 sp=0x0000007c823fd6e0
Event: 49.750 Thread 0x000001906c015060 DEOPT UNPACKING pc=0x00000190574523a3 sp=0x0000007c823fd698 mode 2
Event: 49.750 Thread 0x000001906c015060 Uncommon trap: trap_request=0xffffffbe fr.pc=0x0000019057dddd80 relative=0x0000000000000840
Event: 49.750 Thread 0x000001906c015060 Uncommon trap: reason=profile_predicate action=maybe_recompile pc=0x0000019057dddd80 method=java.math.BigInteger.montReduce([I[III)[I @ 56 c2
Event: 49.750 Thread 0x000001906c015060 DEOPT PACKING pc=0x0000019057dddd80 sp=0x0000007c823fd6e0
Event: 49.750 Thread 0x000001906c015060 DEOPT UNPACKING pc=0x00000190574523a3 sp=0x0000007c823fd698 mode 2
Event: 49.750 Thread 0x000001906c015060 DEOPT PACKING pc=0x0000019050d2f538 sp=0x0000007c823fd6a0
Event: 49.750 Thread 0x000001906c015060 DEOPT UNPACKING pc=0x0000019057452b43 sp=0x0000007c823fcb20 mode 0
Event: 49.750 Thread 0x000001906c015060 DEOPT PACKING pc=0x0000019050d32bb3 sp=0x0000007c823fd5f0
Event: 49.750 Thread 0x000001906c015060 DEOPT UNPACKING pc=0x0000019057452b43 sp=0x0000007c823fca60 mode 0
Event: 49.765 Thread 0x000001906c015060 DEOPT PACKING pc=0x0000019051096146 sp=0x0000007c823fd8d0
Event: 49.765 Thread 0x000001906c015060 DEOPT UNPACKING pc=0x0000019057452b43 sp=0x0000007c823fcd80 mode 0
Event: 49.877 Thread 0x000001907a7cc680 Uncommon trap: trap_request=0xffffff45 fr.pc=0x0000019057d2e39c relative=0x00000000000008bc
Event: 49.877 Thread 0x000001907a7cc680 Uncommon trap: reason=unstable_if action=reinterpret pc=0x0000019057d2e39c method=java.lang.ThreadLocal.get()Ljava/lang/Object; @ 11 c2
Event: 49.877 Thread 0x000001907a7cc680 DEOPT PACKING pc=0x0000019057d2e39c sp=0x0000007c819fecb0
Event: 49.877 Thread 0x000001907a7cc680 DEOPT UNPACKING pc=0x00000190574523a3 sp=0x0000007c819fec00 mode 2

Classes unloaded (20 events):
Event: 49.990 Thread 0x00000190674693b0 Unloading class 0x0000019002069000 'java/lang/invoke/LambdaForm$DMH+0x0000019002069000'
Event: 49.990 Thread 0x00000190674693b0 Unloading class 0x0000019002068c00 'java/lang/invoke/LambdaForm$DMH+0x0000019002068c00'
Event: 49.990 Thread 0x00000190674693b0 Unloading class 0x0000019002068800 'java/lang/invoke/LambdaForm$DMH+0x0000019002068800'
Event: 49.990 Thread 0x00000190674693b0 Unloading class 0x0000019002068400 'java/lang/invoke/LambdaForm$DMH+0x0000019002068400'
Event: 49.990 Thread 0x00000190674693b0 Unloading class 0x0000019001fe2c00 'java/lang/invoke/LambdaForm$DMH+0x0000019001fe2c00'
Event: 49.990 Thread 0x00000190674693b0 Unloading class 0x0000019001fe2800 'java/lang/invoke/LambdaForm$DMH+0x0000019001fe2800'
Event: 49.990 Thread 0x00000190674693b0 Unloading class 0x0000019001fe2400 'java/lang/invoke/LambdaForm$DMH+0x0000019001fe2400'
Event: 49.990 Thread 0x00000190674693b0 Unloading class 0x0000019001fe2000 'java/lang/invoke/LambdaForm$DMH+0x0000019001fe2000'
Event: 49.990 Thread 0x00000190674693b0 Unloading class 0x0000019001fe1c00 'java/lang/invoke/LambdaForm$DMH+0x0000019001fe1c00'
Event: 49.990 Thread 0x00000190674693b0 Unloading class 0x0000019001fe1800 'java/lang/invoke/LambdaForm$DMH+0x0000019001fe1800'
Event: 49.990 Thread 0x00000190674693b0 Unloading class 0x0000019001fe1400 'java/lang/invoke/LambdaForm$DMH+0x0000019001fe1400'
Event: 49.990 Thread 0x00000190674693b0 Unloading class 0x0000019001fe1000 'java/lang/invoke/LambdaForm$DMH+0x0000019001fe1000'
Event: 49.990 Thread 0x00000190674693b0 Unloading class 0x0000019001fe0c00 'java/lang/invoke/LambdaForm$DMH+0x0000019001fe0c00'
Event: 49.990 Thread 0x00000190674693b0 Unloading class 0x0000019001fe0400 'java/lang/invoke/LambdaForm$DMH+0x0000019001fe0400'
Event: 49.990 Thread 0x00000190674693b0 Unloading class 0x0000019001fe0800 'java/lang/invoke/LambdaForm$DMH+0x0000019001fe0800'
Event: 49.990 Thread 0x00000190674693b0 Unloading class 0x0000019001f59400 'java/lang/invoke/LambdaForm$DMH+0x0000019001f59400'
Event: 49.990 Thread 0x00000190674693b0 Unloading class 0x0000019001f58c00 'java/lang/invoke/LambdaForm$DMH+0x0000019001f58c00'
Event: 49.990 Thread 0x00000190674693b0 Unloading class 0x0000019001f58800 'java/lang/invoke/LambdaForm$DMH+0x0000019001f58800'
Event: 49.990 Thread 0x00000190674693b0 Unloading class 0x0000019001f59000 'java/lang/invoke/LambdaForm$DMH+0x0000019001f59000'
Event: 49.990 Thread 0x00000190674693b0 Unloading class 0x0000019001f58400 'java/lang/invoke/LambdaForm$DMH+0x0000019001f58400'

Classes redefined (0 events):
No events

Internal exceptions (20 events):
Event: 48.688 Thread 0x000001906dc76360 Exception <a 'sun/nio/fs/WindowsException'{0x000000008ba32ed8}> (0x000000008ba32ed8) 
thrown [s\open\src\hotspot\share\prims\jni.cpp, line 516]
Event: 48.811 Thread 0x000001907a7a3700 Exception <a 'java/lang/NoSuchMethodError'{0x000000008b65b390}: static Lkotlin/InitializedLazyImpl;.<clinit>()V> (0x000000008b65b390) 
thrown [s\open\src\hotspot\share\prims\jni.cpp, line 1112]
Event: 48.859 Thread 0x000001906c015570 Exception <a 'sun/nio/fs/WindowsException'{0x000000008b35c020}> (0x000000008b35c020) 
thrown [s\open\src\hotspot\share\prims\jni.cpp, line 516]
Event: 48.859 Thread 0x000001906c015570 Exception <a 'sun/nio/fs/WindowsException'{0x000000008b35c250}> (0x000000008b35c250) 
thrown [s\open\src\hotspot\share\prims\jni.cpp, line 516]
Event: 48.937 Thread 0x000001906c016ec0 Exception <a 'sun/nio/fs/WindowsException'{0x000000008b150958}> (0x000000008b150958) 
thrown [s\open\src\hotspot\share\prims\jni.cpp, line 516]
Event: 49.215 Thread 0x000001906c016ec0 Exception <a 'java/lang/NoSuchMethodError'{0x000000008dbbafc0}: 'long java.lang.invoke.DirectMethodHandle$Holder.invokeStatic(java.lang.Object, java.lang.Object, java.lang.Object)'> (0x000000008dbbafc0) 
thrown [s\open\src\hotspot\share\interpreter\linkResolver.cpp, line 759]
Event: 49.408 Thread 0x000001906c016ec0 Exception <a 'sun/nio/fs/WindowsException'{0x000000008d548590}> (0x000000008d548590) 
thrown [s\open\src\hotspot\share\prims\jni.cpp, line 516]
Event: 49.508 Thread 0x000001907a7a3700 Exception <a 'sun/nio/fs/WindowsException'{0x000000008d353c48}> (0x000000008d353c48) 
thrown [s\open\src\hotspot\share\prims\jni.cpp, line 516]
Event: 49.508 Thread 0x000001907a7a3700 Exception <a 'sun/nio/fs/WindowsException'{0x000000008d353e30}> (0x000000008d353e30) 
thrown [s\open\src\hotspot\share\prims\jni.cpp, line 516]
Event: 49.513 Thread 0x000001907a7a3700 Exception <a 'sun/nio/fs/WindowsException'{0x000000008d356000}> (0x000000008d356000) 
thrown [s\open\src\hotspot\share\prims\jni.cpp, line 516]
Event: 49.513 Thread 0x000001907a7a3700 Exception <a 'sun/nio/fs/WindowsException'{0x000000008d3561e0}> (0x000000008d3561e0) 
thrown [s\open\src\hotspot\share\prims\jni.cpp, line 516]
Event: 49.637 Thread 0x000001906c015060 Exception <a 'sun/nio/fs/WindowsException'{0x000000008cd13588}> (0x000000008cd13588) 
thrown [s\open\src\hotspot\share\prims\jni.cpp, line 516]
Event: 49.735 Thread 0x000001906c015060 Exception <a 'java/lang/NoSuchMethodError'{0x000000008cdffb10}: 'java.lang.Object java.lang.invoke.DirectMethodHandle$Holder.newInvokeSpecial(java.lang.Object, java.lang.Object, java.lang.Object, java.lang.Object, java.lang.Object, int, java.lang.Object)'> (0x000000008cdffb10) 
thrown [s\open\src\hotspot\share\interpreter\linkResolver.cpp, line 759]
Event: 49.736 Thread 0x000001906c015060 Exception <a 'java/lang/NoSuchMethodError'{0x000000008cc09268}: 'java.lang.Object java.lang.invoke.Invokers$Holder.linkToTargetMethod(java.lang.Object, java.lang.Object, java.lang.Object, java.lang.Object, int, java.lang.Object, java.lang.Object)'> (0x000000008cc09268) 
thrown [s\open\src\hotspot\share\interpreter\linkResolver.cpp, line 759]
Event: 49.752 Thread 0x000001906c015060 Exception <a 'java/lang/NoSuchMethodError'{0x000000008cc9ea60}: 'java.lang.Object java.lang.invoke.DirectMethodHandle$Holder.newInvokeSpecial(java.lang.Object, java.lang.Object, java.lang.Object, java.lang.Object, java.lang.Object, java.lang.Object, java.lang.Object, int)'> (0x000000008cc9ea60) 
thrown [s\open\src\hotspot\share\interpreter\linkResolver.cpp, line 759]
Event: 49.752 Thread 0x000001906c015060 Exception <a 'java/lang/NoSuchMethodError'{0x000000008cca3f08}: 'java.lang.Object java.lang.invoke.DirectMethodHandle$Holder.invokeSpecial(java.lang.Object, java.lang.Object, java.lang.Object, java.lang.Object, java.lang.Object, java.lang.Object, java.lang.Object, java.lang.Object, int)'> (0x000000008cca3f08) 
thrown [s\open\src\hotspot\share\interpreter\linkResolver.cpp, line 759]
Event: 49.753 Thread 0x000001906c015060 Exception <a 'java/lang/NoSuchMethodError'{0x000000008cca8ef0}: 'java.lang.Object java.lang.invoke.Invokers$Holder.linkToTargetMethod(java.lang.Object, java.lang.Object, java.lang.Object, java.lang.Object, java.lang.Object, java.lang.Object, int, java.lang.Object)'> (0x000000008cca8ef0) 
thrown [s\open\src\hotspot\share\interpreter\linkResolver.cpp, line 759]
Event: 49.857 Thread 0x000001906c015060 Exception <a 'sun/nio/fs/WindowsException'{0x000000008c81fd28}> (0x000000008c81fd28) 
thrown [s\open\src\hotspot\share\prims\jni.cpp, line 516]
Event: 49.857 Thread 0x000001906c015060 Exception <a 'sun/nio/fs/WindowsException'{0x000000008c81ff08}> (0x000000008c81ff08) 
thrown [s\open\src\hotspot\share\prims\jni.cpp, line 516]
Event: 49.877 Thread 0x000001907a7cc680 Implicit null exception at 0x0000019057d2db0f to 0x0000019057d2e384

VM Operations (20 events):
Event: 49.640 Executing VM operation: HandshakeAllThreads
Event: 49.640 Executing VM operation: HandshakeAllThreads done
Event: 49.650 Executing VM operation: HandshakeAllThreads
Event: 49.650 Executing VM operation: HandshakeAllThreads done
Event: 49.653 Executing VM operation: HandshakeAllThreads
Event: 49.654 Executing VM operation: HandshakeAllThreads done
Event: 49.701 Executing VM operation: ICBufferFull
Event: 49.701 Executing VM operation: ICBufferFull done
Event: 49.739 Executing VM operation: HandshakeAllThreads
Event: 49.740 Executing VM operation: HandshakeAllThreads done
Event: 49.879 Executing VM operation: G1TryInitiateConcMark
Event: 49.885 Executing VM operation: G1TryInitiateConcMark done
Event: 49.887 Executing VM operation: G1TryInitiateConcMark
Event: 49.888 Executing VM operation: G1TryInitiateConcMark done
Event: 49.889 Executing VM operation: G1CollectForAllocation
Event: 49.910 Executing VM operation: G1CollectForAllocation done
Event: 49.989 Executing VM operation: G1Concurrent
Event: 50.028 Executing VM operation: G1Concurrent done
Event: 50.066 Executing VM operation: G1Concurrent
Event: 50.094 Executing VM operation: G1Concurrent done

Events (20 events):
Event: 49.823 loading class java/util/stream/ReferencePipeline$15
Event: 49.823 loading class java/util/stream/ReferencePipeline$15 done
Event: 49.825 loading class java/util/stream/ReferencePipeline$15$1
Event: 49.825 loading class java/util/stream/ReferencePipeline$15$1 done
Event: 49.855 loading class java/security/SignatureException
Event: 49.855 loading class java/security/SignatureException done
Event: 49.862 loading class java/security/cert/CertificateEncodingException
Event: 49.862 loading class java/security/cert/CertificateEncodingException done
Event: 49.874 loading class java/util/concurrent/ForkJoinTask$AdaptedCallable
Event: 49.874 loading class java/util/concurrent/ForkJoinTask$AdaptedCallable done
Event: 49.875 Thread 0x000001907a7cc680 Thread added: 0x000001907a7cc680
Event: 49.876 Thread 0x000001907a7cb240 Thread added: 0x000001907a7cb240
Event: 49.877 Thread 0x000001907a7cd0a0 Thread added: 0x000001907a7cd0a0
Event: 49.878 Thread 0x000001907a7c9e00 Thread added: 0x000001907a7c9e00
Event: 49.879 Thread 0x000001907a7ca310 Thread added: 0x000001907a7ca310
Event: 49.880 Thread 0x000001907a7cc170 Thread added: 0x000001907a7cc170
Event: 49.886 Thread 0x000001907a7ccb90 Thread added: 0x000001907a7ccb90
Event: 49.887 Thread 0x000001907a7c98f0 Thread added: 0x000001907a7c98f0
Event: 49.888 Thread 0x000001907a7cbc60 Thread added: 0x000001907a7cbc60
Event: 50.140 Thread 0x0000019071402ea0 Thread exited: 0x0000019071402ea0


Dynamic libraries:
0x00007ff6a6fd0000 - 0x00007ff6a6fe0000 	C:\Program Files\Java\jdk-17\bin\java.exe
0x00007ffa1c140000 - 0x00007ffa1c3a7000 	C:\WINDOWS\SYSTEM32\ntdll.dll
0x00007ffa1a7e0000 - 0x00007ffa1a8a9000 	C:\WINDOWS\System32\KERNEL32.DLL
0x00007ffa18c80000 - 0x00007ffa19071000 	C:\WINDOWS\System32\KERNELBASE.dll
0x00007ffa19110000 - 0x00007ffa1925b000 	C:\WINDOWS\System32\ucrtbase.dll
0x00007ffa06080000 - 0x00007ffa06099000 	C:\Program Files\Java\jdk-17\bin\jli.dll
0x00007ff9fa070000 - 0x00007ff9fa08b000 	C:\Program Files\Java\jdk-17\bin\VCRUNTIME140.dll
0x00007ffa19ee0000 - 0x00007ffa19f9b000 	C:\WINDOWS\System32\ADVAPI32.dll
0x00007ffa1bf00000 - 0x00007ffa1bfa9000 	C:\WINDOWS\System32\msvcrt.dll
0x00007ffa1a8b0000 - 0x00007ffa1a957000 	C:\WINDOWS\System32\sechost.dll
0x00007ffa19fb0000 - 0x00007ffa1a0c8000 	C:\WINDOWS\System32\RPCRT4.dll
0x00007ffa1a390000 - 0x00007ffa1a555000 	C:\WINDOWS\System32\USER32.dll
0x00007ffa18c50000 - 0x00007ffa18c77000 	C:\WINDOWS\System32\win32u.dll
0x00007ffa1a270000 - 0x00007ffa1a29b000 	C:\WINDOWS\System32\GDI32.dll
0x00007ffa193d0000 - 0x00007ffa194fb000 	C:\WINDOWS\System32\gdi32full.dll
0x00007ffa18ba0000 - 0x00007ffa18c43000 	C:\WINDOWS\System32\msvcp_win.dll
0x00007ffa01eb0000 - 0x00007ffa02143000 	C:\WINDOWS\WinSxS\amd64_microsoft.windows.common-controls_6595b64144ccf1df_6.0.26100.8037_none_3e092faae333b53b\COMCTL32.dll
0x00007ffa02eb0000 - 0x00007ffa02ebb000 	C:\WINDOWS\SYSTEM32\VERSION.dll
0x00007ffa1a0d0000 - 0x00007ffa1a101000 	C:\WINDOWS\System32\IMM32.DLL
0x00007ffa07be0000 - 0x00007ffa07bec000 	C:\Program Files\Java\jdk-17\bin\vcruntime140_1.dll
0x00007ff9f36f0000 - 0x00007ff9f377e000 	C:\Program Files\Java\jdk-17\bin\msvcp140.dll
0x00007ff991610000 - 0x00007ff9921f0000 	C:\Program Files\Java\jdk-17\bin\server\jvm.dll
0x00007ffa1a560000 - 0x00007ffa1a568000 	C:\WINDOWS\System32\PSAPI.DLL
0x00007ffa07a60000 - 0x00007ffa07a6a000 	C:\WINDOWS\SYSTEM32\WSOCK32.dll
0x00007ffa1be80000 - 0x00007ffa1bef4000 	C:\WINDOWS\System32\WS2_32.dll
0x00007ffa0db00000 - 0x00007ffa0db35000 	C:\WINDOWS\SYSTEM32\WINMM.dll
0x00007ffa17770000 - 0x00007ffa1778b000 	C:\WINDOWS\SYSTEM32\kernel.appcore.dll
0x00007ffa07990000 - 0x00007ffa0799a000 	C:\Program Files\Java\jdk-17\bin\jimage.dll
0x00007ffa16770000 - 0x00007ffa169b2000 	C:\WINDOWS\SYSTEM32\DBGHELP.DLL
0x00007ffa1b220000 - 0x00007ffa1b5a2000 	C:\WINDOWS\System32\combase.dll
0x00007ffa1a960000 - 0x00007ffa1aa37000 	C:\WINDOWS\System32\OLEAUT32.dll
0x00007ff9fa3f0000 - 0x00007ff9fa42b000 	C:\WINDOWS\SYSTEM32\dbgcore.DLL
0x00007ffa19500000 - 0x00007ffa195a5000 	C:\WINDOWS\System32\bcryptPrimitives.dll
0x00007ffa06a40000 - 0x00007ffa06a4e000 	C:\Program Files\Java\jdk-17\bin\instrument.dll
0x00007ff9fa040000 - 0x00007ff9fa065000 	C:\Program Files\Java\jdk-17\bin\java.dll
0x00007ff9e52a0000 - 0x00007ff9e5377000 	C:\Program Files\Java\jdk-17\bin\jsvml.dll
0x00007ffa1aa40000 - 0x00007ffa1b19f000 	C:\WINDOWS\System32\SHELL32.dll
0x00007ffa19260000 - 0x00007ffa193ca000 	C:\WINDOWS\System32\wintypes.dll
0x00007ffa195b0000 - 0x00007ffa19e14000 	C:\WINDOWS\System32\windows.storage.dll
0x00007ffa1a110000 - 0x00007ffa1a207000 	C:\WINDOWS\System32\SHCORE.dll
0x00007ffa1b1b0000 - 0x00007ffa1b217000 	C:\WINDOWS\System32\shlwapi.dll
0x00007ffa18940000 - 0x00007ffa18969000 	C:\WINDOWS\SYSTEM32\profapi.dll
0x00007ff9f8e20000 - 0x00007ff9f8e38000 	C:\Program Files\Java\jdk-17\bin\zip.dll
0x00007ff9fa020000 - 0x00007ff9fa039000 	C:\Program Files\Java\jdk-17\bin\net.dll
0x00007ffa0fec0000 - 0x00007ffa0ffe7000 	C:\WINDOWS\SYSTEM32\WINHTTP.dll
0x00007ffa17cc0000 - 0x00007ffa17d2b000 	C:\WINDOWS\system32\mswsock.dll
0x00007ff9f9790000 - 0x00007ff9f97a6000 	C:\Program Files\Java\jdk-17\bin\nio.dll
0x00007ffa06070000 - 0x00007ffa06080000 	C:\Program Files\Java\jdk-17\bin\verify.dll
0x00007ffa040f0000 - 0x00007ffa04117000 	C:\Users\jirag\.gradle\native\1def1411415f61bf3af743bc5b6707747c0891f09f0c88961ee8f79bc544acac\windows-amd64\native-platform.dll
0x00007ff9de230000 - 0x00007ff9de2a8000 	C:\Users\jirag\.gradle\native\0.2.7\x86_64-windows-gnu\gradle-fileevents.dll
0x00007ffa06040000 - 0x00007ffa0604a000 	C:\Program Files\Java\jdk-17\bin\management.dll
0x00007ffa05150000 - 0x00007ffa0515b000 	C:\Program Files\Java\jdk-17\bin\management_ext.dll
0x00007ffa171b0000 - 0x00007ffa171e3000 	C:\WINDOWS\SYSTEM32\IPHLPAPI.DLL
0x00007ffa19fa0000 - 0x00007ffa19faa000 	C:\WINDOWS\System32\NSI.dll
0x00007ffa10bf0000 - 0x00007ffa10c0d000 	C:\WINDOWS\SYSTEM32\dhcpcsvc6.DLL
0x00007ffa10b50000 - 0x00007ffa10b73000 	C:\WINDOWS\SYSTEM32\dhcpcsvc.DLL
0x00007ffa17250000 - 0x00007ffa1737a000 	C:\WINDOWS\SYSTEM32\DNSAPI.dll
0x00007ffa180c0000 - 0x00007ffa180db000 	C:\WINDOWS\SYSTEM32\CRYPTSP.dll
0x00007ffa176d0000 - 0x00007ffa17709000 	C:\WINDOWS\system32\rsaenh.dll
0x00007ffa17d70000 - 0x00007ffa17da2000 	C:\WINDOWS\SYSTEM32\USERENV.dll
0x00007ffa18910000 - 0x00007ffa1893a000 	C:\WINDOWS\SYSTEM32\bcrypt.dll
0x00007ffa17f20000 - 0x00007ffa17f2c000 	C:\WINDOWS\SYSTEM32\CRYPTBASE.dll
0x00007ffa05fd0000 - 0x00007ffa05fde000 	C:\Program Files\Java\jdk-17\bin\sunmscapi.dll
0x00007ffa18a20000 - 0x00007ffa18b97000 	C:\WINDOWS\System32\CRYPT32.dll
0x00007ffa18220000 - 0x00007ffa18250000 	C:\WINDOWS\SYSTEM32\ncrypt.dll
0x00007ffa181d0000 - 0x00007ffa1820f000 	C:\WINDOWS\SYSTEM32\NTASN1.dll
0x00007ff9f7d90000 - 0x00007ff9f7d98000 	C:\WINDOWS\system32\wshunix.dll
0x00007ff9f46d0000 - 0x00007ff9f46e8000 	C:\WINDOWS\system32\napinsp.dll
0x00007ff9f2fa0000 - 0x00007ff9f2fb2000 	C:\WINDOWS\System32\winrnr.dll
0x00007ff9f2fe0000 - 0x00007ff9f3002000 	C:\WINDOWS\system32\nlansp_c.dll
0x00007ff9f33e0000 - 0x00007ff9f33f6000 	C:\WINDOWS\system32\wshbth.dll
0x00007ffa0f7e0000 - 0x00007ffa0f7eb000 	C:\Windows\System32\rasadhlp.dll
0x00007ffa10e00000 - 0x00007ffa10e86000 	C:\WINDOWS\System32\fwpuclnt.dll
0x00007ffa06a50000 - 0x00007ffa06a57000 	C:\Program Files\Java\jdk-17\bin\rmi.dll

dbghelp: loaded successfully - version: 4.0.5 - missing functions: none
symbol engine: initialized successfully - sym options: 0x614 - pdb path: .;C:\Program Files\Java\jdk-17\bin;C:\WINDOWS\SYSTEM32;C:\WINDOWS\WinSxS\amd64_microsoft.windows.common-controls_6595b64144ccf1df_6.0.26100.8037_none_3e092faae333b53b;C:\Program Files\Java\jdk-17\bin\server;C:\Users\jirag\.gradle\native\1def1411415f61bf3af743bc5b6707747c0891f09f0c88961ee8f79bc544acac\windows-amd64;C:\Users\jirag\.gradle\native\0.2.7\x86_64-windows-gnu

VM Arguments:
jvm_args: --add-opens=java.base/java.lang=ALL-UNNAMED --add-opens=java.base/java.lang.invoke=ALL-UNNAMED --add-opens=java.base/java.util=ALL-UNNAMED --add-opens=java.prefs/java.util.prefs=ALL-UNNAMED --add-exports=jdk.compiler/com.sun.tools.javac.api=ALL-UNNAMED --add-exports=jdk.compiler/com.sun.tools.javac.util=ALL-UNNAMED --add-opens=java.base/java.util=ALL-UNNAMED --add-opens=java.prefs/java.util.prefs=ALL-UNNAMED --add-opens=java.base/java.nio.charset=ALL-UNNAMED --add-opens=java.base/java.net=ALL-UNNAMED --add-opens=java.base/java.util.concurrent.atomic=ALL-UNNAMED --add-opens=java.xml/javax.xml.namespace=ALL-UNNAMED -Xmx2048m -Dfile.encoding=UTF-8 -Duser.country=US -Duser.language=en -Duser.variant -javaagent:C:\Users\jirag\.gradle\wrapper\dists\gradle-8.13-bin\5xuhj0ry160q40clulazy9h7d\gradle-8.13\lib\agents\gradle-instrumentation-agent-8.13.jar 
java_command: org.gradle.launcher.daemon.bootstrap.GradleDaemon 8.13
java_class_path (initial): C:\Users\jirag\.gradle\wrapper\dists\gradle-8.13-bin\5xuhj0ry160q40clulazy9h7d\gradle-8.13\lib\gradle-daemon-main-8.13.jar
Launcher Type: SUN_STANDARD

[Global flags]
     intx CICompilerCount                          = 4                                         {product} {ergonomic}
     uint ConcGCThreads                            = 3                                         {product} {ergonomic}
     uint G1ConcRefinementThreads                  = 10                                        {product} {ergonomic}
   size_t G1HeapRegionSize                         = 1048576                                   {product} {ergonomic}
    uintx GCDrainStackTargetSize                   = 64                                        {product} {ergonomic}
   size_t InitialHeapSize                          = 264241152                                 {product} {ergonomic}
   size_t MarkStackSize                            = 4194304                                   {product} {ergonomic}
   size_t MaxHeapSize                              = 2147483648                                {product} {command line}
   size_t MaxNewSize                               = 1287651328                                {product} {ergonomic}
   size_t MinHeapDeltaBytes                        = 1048576                                   {product} {ergonomic}
   size_t MinHeapSize                              = 8388608                                   {product} {ergonomic}
    uintx NonNMethodCodeHeapSize                   = 5839372                                {pd product} {ergonomic}
    uintx NonProfiledCodeHeapSize                  = 122909434                              {pd product} {ergonomic}
    uintx ProfiledCodeHeapSize                     = 122909434                              {pd product} {ergonomic}
    uintx ReservedCodeCacheSize                    = 251658240                              {pd product} {ergonomic}
     bool SegmentedCodeCache                       = true                                      {product} {ergonomic}
   size_t SoftMaxHeapSize                          = 2147483648                             {manageable} {ergonomic}
     bool UseCompressedClassPointers               = true                           {product lp64_product} {ergonomic}
     bool UseCompressedOops                        = true                           {product lp64_product} {ergonomic}
     bool UseG1GC                                  = true                                      {product} {ergonomic}
     bool UseLargePagesIndividualAllocation        = false                                  {pd product} {ergonomic}

Logging:
Log output configuration:
 #0: stdout all=warning uptime,level,tags
 #1: stderr all=off uptime,level,tags

Environment Variables:
JAVA_HOME=C:\Program Files\Java\jdk-17\
CLASSPATH=C:\Users\jirag\AndroidStudioProjects\MedQueue\\gradle\wrapper\gradle-wrapper.jar
PATH=C:\Program Files\Common Files\Oracle\Java\javapath;C:\WINDOWS\system32;C:\WINDOWS;C:\WINDOWS\System32\Wbem;C:\WINDOWS\System32\WindowsPowerShell\v1.0\;C:\WINDOWS\System32\OpenSSH\;C:\ProgramData\chocolatey\bin;C:\Program Files\Java\jdk-17\bin;C:\Program Files\Git\cmd;C:\Program Files\nodejs\;C:\Program Files\Java\jdk-17\bin;C:\apache-maven-3.9.11\bin;C:\Users\jirag\.local\bin;C:\Users\jirag\AppData\Local\Programs\Python\Python313\Scripts\;C:\Users\jirag\AppData\Local\Programs\Python\Python313\;C:\Program Files\MySQL\MySQL Shell 8.0\bin\;C:\Users\jirag\AppData\Local\Microsoft\WindowsApps;C:\Program Files\JetBrains\IntelliJ IDEA 2025.1.1.1\bin;;C:\Users\jirag\AppData\Roaming\npm;C:\Program Files\Java\jdk-17\bin;C:\apache-maven-3.9.11\bin;C:\Users\jirag\AppData\Local\Programs\Microsoft VS Code\bin;C:\Users\jirag\AppData\Local\Programs\Warp\bin;C:\Users\jirag\AppData\Local\Programs\Antigravity\bin
USERNAME=jirag
OS=Windows_NT
PROCESSOR_IDENTIFIER=Intel64 Family 6 Model 154 Stepping 4, GenuineIntel



---------------  S Y S T E M  ---------------

OS:
 Windows 11 , 64 bit Build 26100 (10.0.26100.7920)
OS uptime: 1 days 1:24 hours
Hyper-V role detected

CPU: total 12 (initial active 12) (6 cores per cpu, 2 threads per core) family 6 model 154 stepping 4 microcode 0x434, cx8, cmov, fxsr, ht, mmx, 3dnowpref, sse, sse2, sse3, ssse3, sse4.1, sse4.2, popcnt, lzcnt, tsc, tscinvbit, avx, avx2, aes, erms, clmul, bmi1, bmi2, adx, sha, fma, vzeroupper, clflush, clflushopt, clwb, hv

Memory: 4k page, system-wide physical 16077M (1987M free)
TotalPageFile size 21405M (AvailPageFile size 2527M)
current process WorkingSet (physical memory assigned to process): 626M, peak: 631M
current process commit charge ("private bytes"): 771M, peak: 777M

vm_info: Java HotSpot(TM) 64-Bit Server VM (17.0.12+8-LTS-286) for windows-amd64 JRE (17.0.12+8-LTS-286), built on Jun  5 2024 06:46:59 by "mach5one" with MS VC++ 17.6 (VS2022)

END.
