#
# A fatal error has been detected by the Java Runtime Environment:
#
#  EXCEPTION_ACCESS_VIOLATION (0xc0000005) at pc=0x000001239ba7b378, pid=7572, tid=17972
#
# JRE version: Java(TM) SE Runtime Environment (17.0.12+8) (build 17.0.12+8-LTS-286)
# Java VM: Java HotSpot(TM) 64-Bit Server VM (17.0.12+8-LTS-286, mixed mode, sharing, tiered, compressed oops, compressed class ptrs, g1 gc, windows-amd64)
# Problematic frame:
# v  ~BufferBlob::vtable chunks
#
# No core dump will be written. Minidumps are not enabled by default on client versions of Windows
#
# If you would like to submit a bug report, please visit:
#   https://bugreport.java.com/bugreport/crash.jsp
#

---------------  S U M M A R Y ------------

Command Line: --add-opens=java.base/java.lang=ALL-UNNAMED --add-opens=java.base/java.lang.invoke=ALL-UNNAMED --add-opens=java.base/java.util=ALL-UNNAMED --add-opens=java.prefs/java.util.prefs=ALL-UNNAMED --add-exports=jdk.compiler/com.sun.tools.javac.api=ALL-UNNAMED --add-exports=jdk.compiler/com.sun.tools.javac.util=ALL-UNNAMED --add-opens=java.base/java.util=ALL-UNNAMED --add-opens=java.prefs/java.util.prefs=ALL-UNNAMED --add-opens=java.base/java.nio.charset=ALL-UNNAMED --add-opens=java.base/java.net=ALL-UNNAMED --add-opens=java.base/java.util.concurrent.atomic=ALL-UNNAMED --add-opens=java.xml/javax.xml.namespace=ALL-UNNAMED -Xmx2048m -Dfile.encoding=UTF-8 -Duser.country=US -Duser.language=en -Duser.variant -javaagent:C:\Users\jirag\.gradle\wrapper\dists\gradle-8.13-bin\5xuhj0ry160q40clulazy9h7d\gradle-8.13\lib\agents\gradle-instrumentation-agent-8.13.jar org.gradle.launcher.daemon.bootstrap.GradleDaemon 8.13

Host: 12th Gen Intel(R) Core(TM) i5-1235U, 12 cores, 15G,  Windows 11 , 64 bit Build 26100 (10.0.26100.7920)
Time: Sat Apr 11 10:54:39 2026 India Standard Time elapsed time: 738.862206 seconds (0d 0h 12m 18s)

---------------  T H R E A D  ---------------

Current thread (0x000001238642a110):  JavaThread "WorkerExecutor Queue Thread 6" [_thread_in_Java, id=17972, stack(0x0000002172f00000,0x0000002173000000)]

Stack: [0x0000002172f00000,0x0000002173000000],  sp=0x0000002172ffd148,  free space=1012k
Native frames: (J=compiled Java code, j=interpreted, Vv=VM code, C=native code)
C  0x000001239ba7b378


siginfo: EXCEPTION_ACCESS_VIOLATION (0xc0000005), reading address 0x0000012434c57558


Registers:
RAX=0x00000123ac0803e8, RBX=0x00000123ac0803e8, RCX=0x0000000000000228, RDX=0x000000008084bb68
RSP=0x0000002172ffd148, RBP=0x00000000bd480800, RSI=0x000000008084bb68, RDI=0x0000012403bb8798
R8 =0x0000000093644ef0, R9 =0x0000000000000000, R10=0x0000012434c574b8, R11=0x00000123ac000000
R12=0x0000000000000000, R13=0x0000000091c1d6f0, R14=0x0000000000000001, R15=0x000001238642a110
RIP=0x000001239ba7b378, EFLAGS=0x0000000000010206


Register to memory mapping:

RIP=0x000001239ba7b378 is at entry_point+24 in a vtable stub
vtable stub (index = 8, receiver_location = 4, code = [0x000001239ba7b360, 0x000001239ba7b408])
RAX=0x00000123ac0803e8 is a pointer to class: 
java.util.List {0x00000123ac0803f0}
 - instance size:     2
 - klass size:        63
 - access:            public interface abstract 
 - state:             fully_initialized
 - name:              'java/util/List'
 - super:             'java/lang/Object'
 - sub:               
 - nof implementors:  2
 - arrays:            'java/util/List'[]
 - methods:           Array<T>(0x00000123aca88c58)
 - method ordering:   Array<T>(0x00000123aca88b58)
 - default_methods:   Array<T>(0x00000123aca88c28)
 - default vtable indices:   Array<T>(0x00000123aca88b40)
 - local interfaces:  Array<T>(0x00000123aca88c18)
 - trans. interfaces: Array<T>(0x00000123aca88c00)
 - constants:         constant pool [217] {0x00000123aca870d0} for 'java/util/List' cache=0x00000123ac3bdc40
 - class loader data:  loader data: 0x000001238b056f70 of 'bootstrap'
 - source file:       'List.java'
 - class annotations:       Array<T>(0x0000000000000000)
 - class type annotations:  Array<T>(0x0000000000000000)
 - field annotations:       Array<T>(0x0000000000000000)
 - field type annotations:  Array<T>(0x0000000000000000)
 - generic signature: '<E:Ljava/lang/Object;>Ljava/lang/Object;Ljava/util/Collection<TE;>;'
 - inner classes:     Array<T>(0x00000123aca89a60)
 - nest members:     Array<T>(0x00000123ac5d1e80)
 - permitted subclasses:     Array<T>(0x00000123ac5d1e80)
 - java mirror:       a 'java/lang/Class'{0x00000000805f94c0} = 'java/util/List'
 - vtable length      5  (start addr: 0x00000123ac0805b0)
 - itable length      0 (start addr: 0x00000123ac0805d8)
 - ---- static fields (0 words):
 - ---- non-static fields (0 words):
 - non-static oop maps: 
RBX=0x00000123ac0803e8 is a pointer to class: 
java.util.List {0x00000123ac0803f0}
 - instance size:     2
 - klass size:        63
 - access:            public interface abstract 
 - state:             fully_initialized
 - name:              'java/util/List'
 - super:             'java/lang/Object'
 - sub:               
 - nof implementors:  2
 - arrays:            'java/util/List'[]
 - methods:           Array<T>(0x00000123aca88c58)
 - method ordering:   Array<T>(0x00000123aca88b58)
 - default_methods:   Array<T>(0x00000123aca88c28)
 - default vtable indices:   Array<T>(0x00000123aca88b40)
 - local interfaces:  Array<T>(0x00000123aca88c18)
 - trans. interfaces: Array<T>(0x00000123aca88c00)
 - constants:         constant pool [217] {0x00000123aca870d0} for 'java/util/List' cache=0x00000123ac3bdc40
 - class loader data:  loader data: 0x000001238b056f70 of 'bootstrap'
 - source file:       'List.java'
 - class annotations:       Array<T>(0x0000000000000000)
 - class type annotations:  Array<T>(0x0000000000000000)
 - field annotations:       Array<T>(0x0000000000000000)
 - field type annotations:  Array<T>(0x0000000000000000)
 - generic signature: '<E:Ljava/lang/Object;>Ljava/lang/Object;Ljava/util/Collection<TE;>;'
 - inner classes:     Array<T>(0x00000123aca89a60)
 - nest members:     Array<T>(0x00000123ac5d1e80)
 - permitted subclasses:     Array<T>(0x00000123ac5d1e80)
 - java mirror:       a 'java/lang/Class'{0x00000000805f94c0} = 'java/util/List'
 - vtable length      5  (start addr: 0x00000123ac0805b0)
 - itable length      0 (start addr: 0x00000123ac0805d8)
 - ---- static fields (0 words):
 - ---- non-static fields (0 words):
 - non-static oop maps: 
RCX=0x0000000000000228 is an unknown value
RDX=0x000000008084bb68 points into unknown readable memory: 0x88c574b888c574b8 | b8 74 c5 88 b8 74 c5 88
RSP=0x0000002172ffd148 is pointing into the stack for thread: 0x000001238642a110
RBP=0x00000000bd480800 is an oop: [Ljava.lang.Object; 
{0x00000000bd480800} - klass: 'java/lang/Object'[]
 - length: 65536
RSI=0x000000008084bb68 points into unknown readable memory: 0x88c574b888c574b8 | b8 74 c5 88 b8 74 c5 88
RDI=0x0000012403bb8798 is pointing into metadata
R8 =0x0000000093644ef0 is an oop: com.android.tools.r8.graph.H2 
{0x0000000093644ef0} - klass: 'com/android/tools/r8/graph/H2'
 - ---- fields (total size 14 words):
 - public 'b' 'Lcom/android/tools/r8/graph/u0;' @12  a 'com/android/tools/r8/graph/u0'{0x0000000094230420} (94230420)
 - public final 'd' 'Lcom/android/tools/r8/origin/Origin;' @16  a 'com/android/tools/r8/origin/PathOrigin'{0x00000000acfbe158} (acfbe158)
 - public final 'e' 'Lcom/android/tools/r8/graph/M2;' @20  a 'com/android/tools/r8/graph/M2'{0x0000000090894f28} (90894f28)
 - public final 'f' 'Lcom/android/tools/r8/graph/Q;' @24  a 'com/android/tools/r8/graph/Q'{0x0000000093644f60} (93644f60)
 - public 'g' 'Lcom/android/tools/r8/graph/M2;' @28  a 'com/android/tools/r8/graph/M2'{0x00000000ad2fe638} (ad2fe638)
 - public 'h' 'Lcom/android/tools/r8/graph/O2;' @32  a 'com/android/tools/r8/graph/O2'{0x0000000091c1d6e0} (91c1d6e0)
 - public 'i' 'Lcom/android/tools/r8/graph/L2;' @36  a 'com/android/tools/r8/graph/L2'{0x0000000090061a50} (90061a50)
 - public 'j' 'Lcom/android/tools/r8/internal/j50;' @40  a 'com/android/tools/r8/internal/i50'{0x0000000094230380} (94230380)
 - public final 'k' 'Lcom/android/tools/r8/graph/q3;' @44  a 'com/android/tools/r8/graph/q3'{0x0000000093644f78} (93644f78)
 - public final 'l' 'Lcom/android/tools/r8/graph/Q4;' @48  a 'com/android/tools/r8/graph/Q4'{0x0000000093645020} (93645020)
 - public 'm' 'Lcom/android/tools/r8/graph/i3;' @52  NULL (0)
 - public 'n' 'Ljava/util/List;' @56  a 'java/util/Collections$EmptyList'{0x000000008084fb68} (8084fb68)
 - public 'o' 'Lcom/android/tools/r8/graph/r5;' @60  NULL (0)
 - public 'p' 'Ljava/util/List;' @64  a 'java/util/Collections$EmptyList'{0x000000008084fb68} (8084fb68)
 - public 'q' 'Ljava/util/List;' @68  a 'java/util/Collections$EmptyList'{0x000000008084fb68} (8084fb68)
 - public final 'r' 'Ljava/util/List;' @72  
[error occurred during error reporting (printing register info), id 0xc0000005, EXCEPTION_ACCESS_VIOLATION (0xc0000005) at pc=0x00007ff991c76c53]

Top of Stack: (sp=0x0000002172ffd148)
0x0000002172ffd148:   000001239796fadc 00000000bd204290
0x0000002172ffd158:   0000000090061a50 0000000000000000
0x0000002172ffd168:   000000008084fb68 000000008084fb68
0x0000002172ffd178:   000000008084fb68 0000000000000000
0x0000002172ffd188:   000000008084fb68 0000000094246968
0x0000002172ffd198:   0000000094230420 00000000bd202dd8
0x0000002172ffd1a8:   00000000bd202df0 0000000000000000
0x0000002172ffd1b8:   0000000098634268 0000000094246358
0x0000002172ffd1c8:   0000000000000000 7e2517fe9b95b5ff
0x0000002172ffd1d8:   0000000000000000 0000000000006400
0x0000002172ffd1e8:   00007ff991821fa9 0000000000000000
0x0000002172ffd1f8:   0000000000000050 7e2517fe9b95b5ff
0x0000002172ffd208:   0000000000000000 3ff0000000000000
0x0000002172ffd218:   0000000000000050 0000000000000000
0x0000002172ffd228:   00007ff991821bd5 0000000000000000
0x0000002172ffd238:   0000000000000000 0000002172ffd390 

Instructions: (pc=0x000001239ba7b378)
0x000001239ba7b278:   8b 42 08 49 ba 00 00 00 ac 23 01 00 00 49 03 c2
0x000001239ba7b288:   48 8b 98 40 02 00 00 ff 63 40 00 00 00 00 00 00
0x000001239ba7b298:   00 00 00 00 00 00 00 00 07 00 8d 00 07 00 00 00
0x000001239ba7b2a8:   48 8b 58 08 48 8b 00 44 8b 52 08 49 bb 00 00 00
0x000001239ba7b2b8:   ac 23 01 00 00 4d 03 d3 45 8b 9a a0 00 00 00 4f
0x000001239ba7b2c8:   8d 9c da c8 01 00 00 4d 8b 13 49 3b da 74 15 4d
0x000001239ba7b2d8:   85 d2 0f 84 58 00 00 00 49 83 c3 10 4d 8b 13 49
0x000001239ba7b2e8:   3b da 75 eb 44 8b 52 08 49 bb 00 00 00 ac 23 01
0x000001239ba7b2f8:   00 00 4d 03 d3 45 8b 9a a0 00 00 00 4f 8d 9c da
0x000001239ba7b308:   c8 01 00 00 4d 8d 52 38 49 8b 1b 48 3b c3 74 15
0x000001239ba7b318:   48 85 db 0f 84 17 00 00 00 49 83 c3 10 49 8b 1b
0x000001239ba7b328:   48 3b c3 75 eb 45 8b 5b 08 4b 8b 1c 1a ff 63 40
0x000001239ba7b338:   e9 43 11 f5 ff 00 00 00 00 00 00 00 00 00 00 00
0x000001239ba7b348:   00 00 00 00 00 00 00 00 00 00 00 00 00 00 00 00
0x000001239ba7b358:   08 00 8d 00 07 00 00 00 48 8b 58 08 48 8b 00 44
0x000001239ba7b368:   8b 52 08 49 bb 00 00 00 ac 23 01 00 00 4d 03 d3
0x000001239ba7b378:   45 8b 9a a0 00 00 00 4f 8d 9c da c8 01 00 00 4d
0x000001239ba7b388:   8b 13 49 3b da 74 15 4d 85 d2 0f 84 58 00 00 00
0x000001239ba7b398:   49 83 c3 10 4d 8b 13 49 3b da 75 eb 44 8b 52 08
0x000001239ba7b3a8:   49 bb 00 00 00 ac 23 01 00 00 4d 03 d3 45 8b 9a
0x000001239ba7b3b8:   a0 00 00 00 4f 8d 9c da c8 01 00 00 4d 8d 52 40
0x000001239ba7b3c8:   49 8b 1b 48 3b c3 74 15 48 85 db 0f 84 17 00 00
0x000001239ba7b3d8:   00 49 83 c3 10 49 8b 1b 48 3b c3 75 eb 45 8b 5b
0x000001239ba7b3e8:   08 4b 8b 1c 1a ff 63 40 e9 8b 10 f5 ff 00 00 00
0x000001239ba7b3f8:   00 00 00 00 00 00 00 00 00 00 00 00 00 00 00 00
0x000001239ba7b408:   00 00 00 00 00 00 00 00 02 00 8d 00 07 00 00 00
0x000001239ba7b418:   48 8b 58 08 48 8b 00 44 8b 52 08 49 bb 00 00 00
0x000001239ba7b428:   ac 23 01 00 00 4d 03 d3 45 8b 9a a0 00 00 00 4f
0x000001239ba7b438:   8d 9c da c8 01 00 00 4d 8b 13 49 3b da 74 15 4d
0x000001239ba7b448:   85 d2 0f 84 58 00 00 00 49 83 c3 10 4d 8b 13 49
0x000001239ba7b458:   3b da 75 eb 44 8b 52 08 49 bb 00 00 00 ac 23 01
0x000001239ba7b468:   00 00 4d 03 d3 45 8b 9a a0 00 00 00 4f 8d 9c da 


Stack slot to memory mapping:
stack at sp + 0 slots: 0x000001239796fadc is at entry_point+4092 in (nmethod*)0x000001239796e510
Compiled method (c1)  738924 39981       3       com.android.tools.r8.internal.Yt0::a (736 bytes)
 total in heap  [0x000001239796e510,0x00000123979741d0] = 23744
 relocation     [0x000001239796e668,0x000001239796ead8] = 1136
 main code      [0x000001239796eae0,0x00000123979728e0] = 15872
 stub code      [0x00000123979728e0,0x0000012397972b38] = 600
 oops           [0x0000012397972b38,0x0000012397972b68] = 48
 metadata       [0x0000012397972b68,0x0000012397972c58] = 240
 scopes data    [0x0000012397972c58,0x0000012397973a38] = 3552
 scopes pcs     [0x0000012397973a38,0x00000123979740f8] = 1728
 dependencies   [0x00000123979740f8,0x0000012397974118] = 32
 nul chk table  [0x0000012397974118,0x00000123979741d0] = 184
stack at sp + 1 slots: 0x00000000bd204290 is pointing into object: [Lcom.android.tools.r8.graph.M2; 
{0x00000000bd204280} - klass: 'com/android/tools/r8/graph/M2'[]
 - length: 1
stack at sp + 2 slots: 0x0000000090061a50 is an oop: com.android.tools.r8.graph.L2 
{0x0000000090061a50} - klass: 'com/android/tools/r8/graph/L2'
 - ---- fields (total size 3 words):
 - public volatile 'b' 'I' @12  196376950 (bb47976)
 - public final 'e' 'I' @16  18 (12)
 - public final 'f' '[B' @20  [B{0x0000000090061a68} (90061a68)
stack at sp + 3 slots: 0x0 is NULL
stack at sp + 4 slots: 0x000000008084fb68 is an oop: java.util.Collections$EmptyList 
{0x000000008084fb68} - klass: 'java/util/Collections$EmptyList'
 - ---- fields (total size 2 words):
 - protected transient 'modCount' 'I' @12  0
stack at sp + 5 slots: 0x000000008084fb68 is an oop: java.util.Collections$EmptyList 
{0x000000008084fb68} - klass: 'java/util/Collections$EmptyList'
 - ---- fields (total size 2 words):
 - protected transient 'modCount' 'I' @12  0
stack at sp + 6 slots: 0x000000008084fb68 is an oop: java.util.Collections$EmptyList 
{0x000000008084fb68} - klass: 'java/util/Collections$EmptyList'
 - ---- fields (total size 2 words):
 - protected transient 'modCount' 'I' @12  0
stack at sp + 7 slots: 0x0 is NULL

--------------------------------------------------------------------------------
Decoding CodeBlob, name: vtable chunks, at  [0x000001239ba7af00, 0x000001239ba7b908]  2568 bytes
[MachCode]
  0x000001239ba7af00: 0000 0000 | 0000 0000 | 0300 1700 | 0000 0100 | 8b42 0849 | ba00 0000 | ac23 0100 | 0049 03c2 
  0x000001239ba7af20: 488b 98e0 | 0100 00ff | 6340 0000 | 0000 0000 | 0000 0000 | 0000 0000 | 0000 0000 | 0000 0000 
  0x000001239ba7af40: 0000 0000 | 0000 0000 | 0000 0000 | 0000 0000 | 0000 0000 | 0000 0000 | 0100 1700 | 0000 0100 
  0x000001239ba7af60: 8b42 0849 | ba00 0000 | ac23 0100 | 0049 03c2 | 488b 98d0 | 0100 00ff | 6340 0000 | 0000 0000 
  0x000001239ba7af80: 0000 0000 | 0000 0000 | 0300 8d00 | 0700 0000 | 488b 5808 | 488b 0044 | 8b52 0849 | bb00 0000 
  0x000001239ba7afa0: ac23 0100 | 004d 03d3 | 458b 9aa0 | 0000 004f | 8d9c dac8 | 0100 004d | 8b13 493b | da74 154d 
  0x000001239ba7afc0: 85d2 0f84 | 5800 0000 | 4983 c310 | 4d8b 1349 | 3bda 75eb | 448b 5208 | 49bb 0000 | 00ac 2301 
  0x000001239ba7afe0: 0000 4d03 | d345 8b9a | a000 0000 | 4f8d 9cda | c801 0000 | 4d8d 5218 | 498b 1b48 | 3bc3 7415 
  0x000001239ba7b000: 4885 db0f | 8417 0000 | 0049 83c3 | 1049 8b1b | 483b c375 | eb45 8b5b | 084b 8b1c | 1aff 6340 
  0x000001239ba7b020: e95b 14f5 | ff00 0000 | 0000 0000 | 0000 0000 | 0000 0000 | 0000 0000 | 0000 0000 | 0000 0000 
  0x000001239ba7b040: 0000 0000 | 0000 0000 | 0000 0000 | 0000 0000 | 0000 0000 | 0000 0000 | 0000 0000 | 0000 0000 
  0x000001239ba7b060: 0000 0000 | 0000 0000 | 0000 0000 | 0000 0000 | 0000 0000 | 0000 0000 | 0000 0000 | 0000 0000 
  0x000001239ba7b080: 0000 0000 | 0000 0000 | 0000 0000 | 0000 0000 | 0000 0000 | 0000 0000 | 0500 1700 | 0000 0100 
  0x000001239ba7b0a0: 8b42 0849 | ba00 0000 | ac23 0100 | 0049 03c2 | 488b 98f0 | 0100 00ff | 6340 0000 | 0000 0000 
  0x000001239ba7b0c0: 0000 0000 | 0000 0000 | 0800 1700 | 0000 0100 | 8b42 0849 | ba00 0000 | ac23 0100 | 0049 03c2 
  0x000001239ba7b0e0: 488b 9808 | 0200 00ff | 6340 0000 | 0000 0000 | 0000 0000 | 0000 0000 | 1c00 1700 | 0000 0100 
  0x000001239ba7b100: 8b42 0849 | ba00 0000 | ac23 0100 | 0049 03c2 | 488b 98a8 | 0200 00ff | 6340 0000 | 0000 0000 
  0x000001239ba7b120: 0000 0000 | 0000 0000 | 1e00 1700 | 0000 0100 | 8b42 0849 | ba00 0000 | ac23 0100 | 0049 03c2 
  0x000001239ba7b140: 488b 98b8 | 0200 00ff | 6340 0000 | 0000 0000 | 0000 0000 | 0000 0000 | 0600 1700 | 0000 0100 
  0x000001239ba7b160: 8b42 0849 | ba00 0000 | ac23 0100 | 0049 03c2 | 488b 98f8 | 0100 00ff | 6340 0000 | 0000 0000 
  0x000001239ba7b180: 0000 0000 | 0000 0000 | 1d00 1700 | 0000 0100 | 8b42 0849 | ba00 0000 | ac23 0100 | 0049 03c2 
  0x000001239ba7b1a0: 488b 98b0 | 0200 00ff | 6340 0000 | 0000 0000 | 0000 0000 | 0000 0000 | 0000 8c00 | 0700 0000 
  0x000001239ba7b1c0: 488b 5808 | 488b 0044 | 8b52 0849 | bb00 0000 | ac23 0100 | 004d 03d3 | 458b 9aa0 | 0000 004f 
  0x000001239ba7b1e0: 8d9c dac8 | 0100 004d | 8b13 493b | da74 154d | 85d2 0f84 | 5700 0000 | 4983 c310 | 4d8b 1349 
  0x000001239ba7b200: 3bda 75eb | 448b 5208 | 49bb 0000 | 00ac 2301 | 0000 4d03 | d345 8b9a | a000 0000 | 4f8d 9cda 
  0x000001239ba7b220: c801 0000 | 4d8d 1249 | 8b1b 483b | c374 1548 | 85db 0f84 | 1700 0000 | 4983 c310 | 498b 1b48 
  0x000001239ba7b240: 3bc3 75eb | 458b 5b08 | 4b8b 1c1a | ff63 40e9 | 2c12 f5ff | 0000 0000 | 0000 0000 | 0000 0000 
  0x000001239ba7b260: 0000 0000 | 0000 0000 | 0000 0000 | 0000 0000 | 0f00 1700 | 0000 0100 | 8b42 0849 | ba00 0000 
  0x000001239ba7b280: ac23 0100 | 0049 03c2 | 488b 9840 | 0200 00ff | 6340 0000 | 0000 0000 | 0000 0000 | 0000 0000 
  0x000001239ba7b2a0: 0700 8d00 | 0700 0000 | 488b 5808 | 488b 0044 | 8b52 0849 | bb00 0000 | ac23 0100 | 004d 03d3 
  0x000001239ba7b2c0: 458b 9aa0 | 0000 004f | 8d9c dac8 | 0100 004d | 8b13 493b | da74 154d | 85d2 0f84 | 5800 0000 
  0x000001239ba7b2e0: 4983 c310 | 4d8b 1349 | 3bda 75eb | 448b 5208 | 49bb 0000 | 00ac 2301 | 0000 4d03 | d345 8b9a 
  0x000001239ba7b300: a000 0000 | 4f8d 9cda | c801 0000 | 4d8d 5238 | 498b 1b48 | 3bc3 7415 | 4885 db0f | 8417 0000 
  0x000001239ba7b320: 0049 83c3 | 1049 8b1b | 483b c375 | eb45 8b5b | 084b 8b1c | 1aff 6340 | e943 11f5 | ff00 0000 
  0x000001239ba7b340: 0000 0000 | 0000 0000 | 0000 0000 | 0000 0000 | 0000 0000 | 0000 0000 | 0800 8d00 | 0700 0000 
  0x000001239ba7b360: 488b 5808 | 488b 0044 | 8b52 0849 | bb00 0000 | ac23 0100 | 004d 03d3 | 458b 9aa0 | 0000 004f 
  0x000001239ba7b380: 8d9c dac8 | 0100 004d | 8b13 493b | da74 154d | 85d2 0f84 | 5800 0000 | 4983 c310 | 4d8b 1349 
  0x000001239ba7b3a0: 3bda 75eb | 448b 5208 | 49bb 0000 | 00ac 2301 | 0000 4d03 | d345 8b9a | a000 0000 | 4f8d 9cda 
  0x000001239ba7b3c0: c801 0000 | 4d8d 5240 | 498b 1b48 | 3bc3 7415 | 4885 db0f | 8417 0000 | 0049 83c3 | 1049 8b1b 
  0x000001239ba7b3e0: 483b c375 | eb45 8b5b | 084b 8b1c | 1aff 6340 | e98b 10f5 | ff00 0000 | 0000 0000 | 0000 0000 
  0x000001239ba7b400: 0000 0000 | 0000 0000 | 0000 0000 | 0000 0000 | 0200 8d00 | 0700 0000 | 488b 5808 | 488b 0044 
  0x000001239ba7b420: 8b52 0849 | bb00 0000 | ac23 0100 | 004d 03d3 | 458b 9aa0 | 0000 004f | 8d9c dac8 | 0100 004d 
  0x000001239ba7b440: 8b13 493b | da74 154d | 85d2 0f84 | 5800 0000 | 4983 c310 | 4d8b 1349 | 3bda 75eb | 448b 5208 
  0x000001239ba7b460: 49bb 0000 | 00ac 2301 | 0000 4d03 | d345 8b9a | a000 0000 | 4f8d 9cda | c801 0000 | 4d8d 5210 
  0x000001239ba7b480: 498b 1b48 | 3bc3 7415 | 4885 db0f | 8417 0000 | 0049 83c3 | 1049 8b1b | 483b c375 | eb45 8b5b 
  0x000001239ba7b4a0: 084b 8b1c | 1aff 6340 | e9d3 0ff5 | ff00 0000 | 0000 0000 | 0000 0000 | 0000 0000 | 0000 0000 
  0x000001239ba7b4c0: 0000 0000 | 0000 0000 | 2800 1700 | 0000 0100 | 8b42 0849 | ba00 0000 | ac23 0100 | 0049 03c2 
  0x000001239ba7b4e0: 488b 9808 | 0300 00ff | 6340 0000 | 0000 0000 | 0000 0000 | 0000 0000 | 0900 1700 | 0000 0100 
  0x000001239ba7b500: 8b42 0849 | ba00 0000 | ac23 0100 | 0049 03c2 | 488b 9810 | 0200 00ff | 6340 0000 | 0000 0000 
  0x000001239ba7b520: 0000 0000 | 0000 0000 | 1100 1700 | 0000 0100 | 8b42 0849 | ba00 0000 | ac23 0100 | 0049 03c2 
  0x000001239ba7b540: 488b 9850 | 0200 00ff | 6340 0000 | 0000 0000 | 0000 0000 | 0000 0000 | 2900 1700 | 0000 0100 
  0x000001239ba7b560: 8b42 0849 | ba00 0000 | ac23 0100 | 0049 03c2 | 488b 9810 | 0300 00ff | 6340 0000 | 0000 0000 
  0x000001239ba7b580: 0000 0000 | 0000 0000 | 1900 1700 | 0000 0100 | 8b42 0849 | ba00 0000 | ac23 0100 | 0049 03c2 
  0x000001239ba7b5a0: 488b 9890 | 0200 00ff | 6340 0000 | 0000 0000 | 0000 0000 | 0000 0000 | 1a00 1700 | 0000 0100 
  0x000001239ba7b5c0: 8b42 0849 | ba00 0000 | ac23 0100 | 0049 03c2 | 488b 9898 | 0200 00ff | 6340 0000 | 0000 0000 
  0x000001239ba7b5e0: 0000 0000 | 0000 0000 | 1400 1700 | 0000 0100 | 8b42 0849 | ba00 0000 | ac23 0100 | 0049 03c2 
  0x000001239ba7b600: 488b 9868 | 0200 00ff | 6340 0000 | 0000 0000 | 0000 0000 | 0000 0000 | 0700 1700 | 0000 0100 
  0x000001239ba7b620: 8b42 0849 | ba00 0000 | ac23 0100 | 0049 03c2 | 488b 9800 | 0200 00ff | 6340 0000 | 0000 0000 
  0x000001239ba7b640: 0000 0000 | 0000 0000 | 0c00 1700 | 0000 0100 | 8b42 0849 | ba00 0000 | ac23 0100 | 0049 03c2 
  0x000001239ba7b660: 488b 9828 | 0200 00ff | 6340 0000 | 0000 0000 | 0000 0000 | 0000 0000 | 0200 1700 | 0000 0100 
  0x000001239ba7b680: 8b42 0849 | ba00 0000 | ac23 0100 | 0049 03c2 | 488b 98d8 | 0100 00ff | 6340 0000 | 0000 0000 
  0x000001239ba7b6a0: 0000 0000 | 0000 0000 | 0e00 1700 | 0000 0100 | 8b42 0849 | ba00 0000 | ac23 0100 | 0049 03c2 
  0x000001239ba7b6c0: 488b 9838 | 0200 00ff | 6340 0000 | 0000 0000 | 0000 0000 | 0000 0000 | 1500 1700 | 0000 0100 
  0x000001239ba7b6e0: 8b42 0849 | ba00 0000 | ac23 0100 | 0049 03c2 | 488b 9870 | 0200 00ff | 6340 0000 | 0000 0000 
  0x000001239ba7b700: 0000 0000 | 0000 0000 | 0600 8d00 | 0700 0000 | 488b 5808 | 488b 0044 | 8b52 0849 | bb00 0000 
  0x000001239ba7b720: ac23 0100 | 004d 03d3 | 458b 9aa0 | 0000 004f | 8d9c dac8 | 0100 004d | 8b13 493b | da74 154d 
  0x000001239ba7b740: 85d2 0f84 | 5800 0000 | 4983 c310 | 4d8b 1349 | 3bda 75eb | 448b 5208 | 49bb 0000 | 00ac 2301 
  0x000001239ba7b760: 0000 4d03 | d345 8b9a | a000 0000 | 4f8d 9cda | c801 0000 | 4d8d 5230 | 498b 1b48 | 3bc3 7415 
  0x000001239ba7b780: 4885 db0f | 8417 0000 | 0049 83c3 | 1049 8b1b | 483b c375 | eb45 8b5b | 084b 8b1c | 1aff 6340 
  0x000001239ba7b7a0: e9db 0cf5 | ff00 0000 | 0000 0000 | 0000 0000 | 0000 0000 | 0000 0000 | 0000 0000 | 0000 0000 
  0x000001239ba7b7c0: 1300 9000 | 0700 0000 | 488b 5808 | 488b 0044 | 8b52 0849 | bb00 0000 | ac23 0100 | 004d 03d3 
  0x000001239ba7b7e0: 458b 9aa0 | 0000 004f | 8d9c dac8 | 0100 004d | 8b13 493b | da74 154d | 85d2 0f84 | 5b00 0000 
  0x000001239ba7b800: 4983 c310 | 4d8b 1349 | 3bda 75eb | 448b 5208 | 49bb 0000 | 00ac 2301 | 0000 4d03 | d345 8b9a 
  0x000001239ba7b820: a000 0000 | 4f8d 9cda | c801 0000 | 4d8d 9298 | 0000 0049 | 8b1b 483b | c374 1548 | 85db 0f84 
  0x000001239ba7b840: 1700 0000 | 4983 c310 | 498b 1b48 | 3bc3 75eb | 458b 5b08 | 4b8b 1c1a | ff63 40e9 | 200c f5ff 
  0x000001239ba7b860: 0000 0000 | 0000 0000 | 0000 0000 | 0000 0000 | 0000 0000 | 0000 0000 | 0000 0000 | 0000 0000 
  0x000001239ba7b880: 0000 0000 | 0000 0000 | 0000 0000 | 0000 0000 | 0000 0000 | 0000 0000 | 0000 0000 | 0000 0000 
  0x000001239ba7b8a0: 0000 0000 | 0000 0000 | 0000 0000 | 0000 0000 | 0000 0000 | 0000 0000 | 0000 0000 | 0000 0000 
  0x000001239ba7b8c0: 0000 0000 | 0000 0000 | 0000 0000 | 0000 0000 | 0000 0000 | 0000 0000 | 0000 0000 | 0000 0000 
  0x000001239ba7b8e0: 0000 0000 | 0000 0000 | 0000 0000 | 0000 0000 | 0000 0000 | 0000 0000 | 0000 0000 | 0000 0000 
  0x000001239ba7b900: 0000 0000 | 0000 0000 
[/MachCode]
--------------------------------------------------------------------------------


---------------  P R O C E S S  ---------------

Threads class SMR info:
_java_thread_list=0x00000123f63cce00, length=189, elements={
0x000001238b594400, 0x00000123ab9940b0, 0x00000123ab994b80, 0x00000123ab99ff20,
0x00000123ab9a2800, 0x00000123ab9a30d0, 0x00000123ab9a39a0, 0x00000123ab9a9080,
0x00000123ab9abfc0, 0x00000123ab9b0620, 0x00000123ab979650, 0x00000123abbcb0a0,
0x00000123f2b7b890, 0x00000123f1e17710, 0x00000123f2ce47b0, 0x00000123f2c388b0,
0x00000123f2c36f60, 0x00000123f2c36030, 0x00000123f2c36a50, 0x00000123f56dd940,
0x00000123f666c870, 0x00000123f66cf140, 0x0000012385f0ada0, 0x0000012385f0ef70,
0x0000012385f0f480, 0x0000012385f0f990, 0x0000012385b3a3d0, 0x0000012385b39ec0,
0x0000012385b3b300, 0x0000012385b3a8e0, 0x0000012385b38f90, 0x0000012385b3adf0,
0x0000012385b3bd20, 0x0000012385b38a80, 0x0000012385b38570, 0x0000012385b3cc50,
0x00000123f41361a0, 0x0000012385b3c230, 0x0000012385b394a0, 0x0000012385b3d160,
0x00000123863dc7c0, 0x0000012385b399b0, 0x0000012385b3e5a0, 0x0000012385b3f4d0,
0x0000012385b3efc0, 0x0000012385b3d670, 0x0000012385b3db80, 0x0000012385b3e090,
0x0000012385b3eab0, 0x0000012385f01fe0, 0x0000012385f024f0, 0x0000012385f03420,
0x0000012385f015c0, 0x0000012385f03930, 0x0000012385f01ad0, 0x0000012385f00180,
0x0000012385f03e40, 0x0000012385f00690, 0x0000012385f05790, 0x0000012385f061b0,
0x0000012385f075f0, 0x0000012385f05280, 0x0000012385f07b00, 0x0000012385f05ca0,
0x0000012385f04860, 0x0000012385f08a30, 0x0000012385f06bd0, 0x0000012385f08010,
0x0000012385f08520, 0x0000012385f066c0, 0x0000012385f0a380, 0x0000012385f08f40,
0x0000012385f0b7c0, 0x0000012385f0cc00, 0x0000012385f0a890, 0x0000012385f0bcd0,
0x0000012385f09450, 0x0000012385f09960, 0x0000012385f0ea60, 0x0000012385f0d620,
0x00000123f3fd1670, 0x00000123f3fd34d0, 0x00000123f3fd25a0, 0x00000123f3fd2ab0,
0x00000123f3fd0740, 0x00000123f3fd3ef0, 0x00000123f3fd2090, 0x00000123f3fd4400,
0x00000123f3fd39e0, 0x00000123f3fd2fc0, 0x00000123f3fd0c50, 0x00000123f3fd4910,
0x00000123f3fd1160, 0x00000123f3fd4e20, 0x00000123f3fd5330, 0x00000123f3fd1b80,
0x00000123f3fd7bb0, 0x00000123f3fd6260, 0x00000123f3fd5840, 0x00000123f3fd5d50,
0x00000123f3fd7190, 0x00000123f3fd76a0, 0x00000123f3fd80c0, 0x0000012384b20b40,
0x0000012384b21560, 0x0000012384b1ece0, 0x0000012384b1ddb0, 0x0000012384b1f1f0,
0x0000012384b1e7d0, 0x0000012384b229a0, 0x0000012384b22490, 0x0000012384b22eb0,
0x0000012384b1f700, 0x0000012384b233c0, 0x0000012384b20120, 0x0000012384b1fc10,
0x0000012384b242f0, 0x0000012384b238d0, 0x0000012384b23de0, 0x0000012384b24800,
0x0000012384b24d10, 0x0000012384b25730, 0x0000012384d97540, 0x0000012384d97a50,
0x0000012384d95bf0, 0x0000012384d97f60, 0x0000012384d96b20, 0x0000012384d956e0,
0x0000012384d98470, 0x0000012384d97030, 0x0000012384d96610, 0x0000012384d94cc0,
0x0000012384d96100, 0x0000012384d9b200, 0x0000012384d99dc0, 0x0000012384d98980,
0x0000012384d98e90, 0x0000012384d993a0, 0x0000012384d9a2d0, 0x0000012384d998b0,
0x0000012384d9a7e0, 0x0000012386425520, 0x0000012386425010, 0x000001238642ab30,
0x000001238642b550, 0x0000012386428cd0, 0x000001238642a110, 0x00000123864291e0,
0x00000123864296f0, 0x0000012386429c00, 0x000001238642a620, 0x00000123870b0f60,
0x00000123870b0a50, 0x00000123870b1470, 0x00000123870b2dc0, 0x00000123870af610,
0x00000123870b1980, 0x00000123870b1e90, 0x00000123870b0030, 0x00000123870b0540,
0x00000123870b23a0, 0x00000123870b28b0, 0x00000123f66cd7f0, 0x00000123f66cc8c0,
0x00000123f66d0580, 0x00000123f66ccdd0, 0x00000123f66cd2e0, 0x00000123f66cdd00,
0x00000123f66d2e00, 0x00000123f66d3d30, 0x00000123f56dcf20, 0x00000123864287c0,
0x0000012384d9acf0, 0x00000123f666d7a0, 0x00000124099def50, 0x00000124099dea40,
0x00000124099de020, 0x00000124099e0390, 0x00000124099dd0f0, 0x00000124099df460,
0x00000124099df970, 0x00000124099de530, 0x00000124099e08a0, 0x00000124099dfe80,
0x00000124099e0db0, 0x00000124099e12c0, 0x00000124099ddb10, 0x00000124099e3b40,
0x00000124099e3120
}

Java Threads: ( => current thread )
  0x000001238b594400 JavaThread "main" [_thread_blocked, id=1764, stack(0x0000002168700000,0x0000002168800000)]
  0x00000123ab9940b0 JavaThread "Reference Handler" daemon [_thread_blocked, id=14404, stack(0x0000002168e00000,0x0000002168f00000)]
  0x00000123ab994b80 JavaThread "Finalizer" daemon [_thread_blocked, id=19068, stack(0x0000002168f00000,0x0000002169000000)]
  0x00000123ab99ff20 JavaThread "Signal Dispatcher" daemon [_thread_blocked, id=16820, stack(0x0000002169000000,0x0000002169100000)]
  0x00000123ab9a2800 JavaThread "Attach Listener" daemon [_thread_blocked, id=3696, stack(0x0000002169100000,0x0000002169200000)]
  0x00000123ab9a30d0 JavaThread "Service Thread" daemon [_thread_blocked, id=4792, stack(0x0000002169200000,0x0000002169300000)]
  0x00000123ab9a39a0 JavaThread "Monitor Deflation Thread" daemon [_thread_blocked, id=14720, stack(0x0000002169300000,0x0000002169400000)]
  0x00000123ab9a9080 JavaThread "C2 CompilerThread0" daemon [_thread_in_native, id=2936, stack(0x0000002169400000,0x0000002169500000)]
  0x00000123ab9abfc0 JavaThread "C1 CompilerThread0" daemon [_thread_blocked, id=18484, stack(0x0000002169500000,0x0000002169600000)]
  0x00000123ab9b0620 JavaThread "Sweeper thread" daemon [_thread_blocked, id=4248, stack(0x0000002169600000,0x0000002169700000)]
  0x00000123ab979650 JavaThread "Common-Cleaner" daemon [_thread_blocked, id=16728, stack(0x0000002169700000,0x0000002169800000)]
  0x00000123abbcb0a0 JavaThread "Notification Thread" daemon [_thread_blocked, id=3936, stack(0x0000002169800000,0x0000002169900000)]
  0x00000123f2b7b890 JavaThread "Daemon health stats" [_thread_blocked, id=11568, stack(0x0000002169b00000,0x0000002169c00000)]
  0x00000123f1e17710 JavaThread "Incoming local TCP Connector on port 60875" [_thread_in_native, id=19848, stack(0x000000216a100000,0x000000216a200000)]
  0x00000123f2ce47b0 JavaThread "Daemon periodic checks" [_thread_blocked, id=9356, stack(0x000000216a200000,0x000000216a300000)]
  0x00000123f2c388b0 JavaThread "Cache worker for journal cache (C:\Users\jirag\.gradle\caches\journal-1)" [_thread_blocked, id=4304, stack(0x000000216aa00000,0x000000216ab00000)]
  0x00000123f2c36f60 JavaThread "File lock request listener" [_thread_in_native, id=15052, stack(0x0000002169a00000,0x0000002169b00000)]
  0x00000123f2c36030 JavaThread "Cache worker for file hash cache (C:\Users\jirag\.gradle\caches\8.13\fileHashes)" [_thread_blocked, id=9824, stack(0x000000216ab00000,0x000000216ac00000)]
  0x00000123f2c36a50 JavaThread "File watcher server" daemon [_thread_in_native, id=16328, stack(0x000000216b600000,0x000000216b700000)]
  0x00000123f56dd940 JavaThread "File watcher consumer" daemon [_thread_blocked, id=12888, stack(0x000000216b700000,0x000000216b800000)]
  0x00000123f666c870 JavaThread "Cache worker for file content cache (C:\Users\jirag\.gradle\caches\8.13\fileContent)" [_thread_blocked, id=9816, stack(0x000000216af00000,0x000000216b000000)]
  0x00000123f66cf140 JavaThread "Memory manager" [_thread_blocked, id=10032, stack(0x000000216e900000,0x000000216ea00000)]
  0x0000012385f0ada0 JavaThread "RMI Scheduler(0)" daemon [_thread_blocked, id=7568, stack(0x000000216a900000,0x000000216aa00000)]
  0x0000012385f0ef70 JavaThread "RMI GC Daemon" daemon [_thread_blocked, id=20884, stack(0x0000002175a00000,0x0000002175b00000)]
  0x0000012385f0f480 JavaThread "RMI TCP Accept-0" daemon [_thread_in_native, id=2948, stack(0x0000002175b00000,0x0000002175c00000)]
  0x0000012385f0f990 JavaThread "RMI Reaper" [_thread_blocked, id=19972, stack(0x0000002175c00000,0x0000002175d00000)]
  0x0000012385b3a3d0 JavaThread "RMI TCP Connection(4)-127.0.0.1" daemon [_thread_in_native, id=20560, stack(0x0000002168600000,0x0000002168700000)]
  0x0000012385b39ec0 JavaThread "Daemon Thread 3" [_thread_blocked, id=13064, stack(0x0000002168400000,0x0000002168500000)]
  0x0000012385b3b300 JavaThread "Handler for socket connection from /127.0.0.1:60875 to /127.0.0.1:61200" [_thread_in_native, id=20176, stack(0x0000002168500000,0x0000002168600000)]
  0x0000012385b3a8e0 JavaThread "Cancel handler" [_thread_blocked, id=18048, stack(0x000000216a300000,0x000000216a400000)]
  0x0000012385b38f90 JavaThread "Daemon worker Thread 3" [_thread_blocked, id=21464, stack(0x000000216a400000,0x000000216a500000)]
  0x0000012385b3adf0 JavaThread "Asynchronous log dispatcher for DefaultDaemonConnection: socket connection from /127.0.0.1:60875 to /127.0.0.1:61200" [_thread_blocked, id=10900, stack(0x000000216a500000,0x000000216a600000)]
  0x0000012385b3bd20 JavaThread "Stdin handler" [_thread_blocked, id=17720, stack(0x000000216a600000,0x000000216a700000)]
  0x0000012385b38a80 JavaThread "Daemon client event forwarder" [_thread_blocked, id=18664, stack(0x000000216a700000,0x000000216a800000)]
  0x0000012385b38570 JavaThread "Cache worker for file hash cache (C:\Users\jirag\AndroidStudioProjects\MedQueue\.gradle\8.13\fileHashes)" [_thread_blocked, id=17100, stack(0x000000216a800000,0x000000216a900000)]
  0x0000012385b3cc50 JavaThread "Cache worker for Build Output Cleanup Cache (C:\Users\jirag\AndroidStudioProjects\MedQueue\.gradle\buildOutputCleanup)" [_thread_blocked, id=9724, stack(0x000000216ac00000,0x000000216ad00000)]
  0x00000123f41361a0 JavaThread "C2 CompilerThread1" daemon [_thread_in_native, id=9452, stack(0x000000216ad00000,0x000000216ae00000)]
  0x0000012385b3c230 JavaThread "Cache worker for checksums cache (C:\Users\jirag\AndroidStudioProjects\MedQueue\.gradle\8.13\checksums)" [_thread_blocked, id=19928, stack(0x000000216ae00000,0x000000216af00000)]
  0x0000012385b394a0 JavaThread "Cache worker for cache directory md-supplier (C:\Users\jirag\.gradle\caches\8.13\md-supplier)" [_thread_blocked, id=5596, stack(0x000000216c000000,0x000000216c100000)]
  0x0000012385b3d160 JavaThread "Cache worker for cache directory md-rule (C:\Users\jirag\.gradle\caches\8.13\md-rule)" [_thread_blocked, id=20616, stack(0x000000216c100000,0x000000216c200000)]
  0x00000123863dc7c0 JavaThread "C2 CompilerThread2" daemon [_thread_in_vm, id=19200, stack(0x000000216c300000,0x000000216c400000)]
  0x0000012385b399b0 JavaThread "Unconstrained build operations" [_thread_blocked, id=17976, stack(0x000000216c400000,0x000000216c500000)]
  0x0000012385b3e5a0 JavaThread "Unconstrained build operations Thread 2" [_thread_blocked, id=16156, stack(0x000000216c500000,0x000000216c600000)]
  0x0000012385b3f4d0 JavaThread "Unconstrained build operations Thread 3" [_thread_blocked, id=19660, stack(0x000000216c600000,0x000000216c700000)]
  0x0000012385b3efc0 JavaThread "Unconstrained build operations Thread 4" [_thread_blocked, id=6240, stack(0x000000216c700000,0x000000216c800000)]
  0x0000012385b3d670 JavaThread "Unconstrained build operations Thread 5" [_thread_blocked, id=20932, stack(0x000000216c800000,0x000000216c900000)]
  0x0000012385b3db80 JavaThread "Unconstrained build operations Thread 6" [_thread_blocked, id=20260, stack(0x000000216c900000,0x000000216ca00000)]
  0x0000012385b3e090 JavaThread "Unconstrained build operations Thread 7" [_thread_blocked, id=15856, stack(0x000000216ca00000,0x000000216cb00000)]
  0x0000012385b3eab0 JavaThread "Unconstrained build operations Thread 8" [_thread_blocked, id=8516, stack(0x000000216cb00000,0x000000216cc00000)]
  0x0000012385f01fe0 JavaThread "Unconstrained build operations Thread 9" [_thread_blocked, id=5308, stack(0x000000216cc00000,0x000000216cd00000)]
  0x0000012385f024f0 JavaThread "Unconstrained build operations Thread 10" [_thread_blocked, id=19688, stack(0x000000216cd00000,0x000000216ce00000)]
  0x0000012385f03420 JavaThread "Unconstrained build operations Thread 11" [_thread_blocked, id=16260, stack(0x000000216ce00000,0x000000216cf00000)]
  0x0000012385f015c0 JavaThread "Unconstrained build operations Thread 12" [_thread_blocked, id=20416, stack(0x000000216cf00000,0x000000216d000000)]
  0x0000012385f03930 JavaThread "Unconstrained build operations Thread 13" [_thread_blocked, id=12668, stack(0x000000216d000000,0x000000216d100000)]
  0x0000012385f01ad0 JavaThread "Unconstrained build operations Thread 14" [_thread_blocked, id=18020, stack(0x000000216d100000,0x000000216d200000)]
  0x0000012385f00180 JavaThread "Unconstrained build operations Thread 15" [_thread_blocked, id=2184, stack(0x000000216d200000,0x000000216d300000)]
  0x0000012385f03e40 JavaThread "Unconstrained build operations Thread 16" [_thread_blocked, id=15728, stack(0x000000216d300000,0x000000216d400000)]
  0x0000012385f00690 JavaThread "Unconstrained build operations Thread 17" [_thread_blocked, id=10192, stack(0x000000216d400000,0x000000216d500000)]
  0x0000012385f05790 JavaThread "Unconstrained build operations Thread 18" [_thread_blocked, id=16280, stack(0x000000216d500000,0x000000216d600000)]
  0x0000012385f061b0 JavaThread "Unconstrained build operations Thread 19" [_thread_blocked, id=19864, stack(0x000000216d600000,0x000000216d700000)]
  0x0000012385f075f0 JavaThread "Unconstrained build operations Thread 20" [_thread_blocked, id=13020, stack(0x000000216d700000,0x000000216d800000)]
  0x0000012385f05280 JavaThread "Unconstrained build operations Thread 21" [_thread_blocked, id=18580, stack(0x000000216d800000,0x000000216d900000)]
  0x0000012385f07b00 JavaThread "Unconstrained build operations Thread 22" [_thread_blocked, id=20020, stack(0x000000216d900000,0x000000216da00000)]
  0x0000012385f05ca0 JavaThread "build event listener" [_thread_blocked, id=2368, stack(0x000000216da00000,0x000000216db00000)]
  0x0000012385f04860 JavaThread "included builds" [_thread_blocked, id=7708, stack(0x000000216db00000,0x000000216dc00000)]
  0x0000012385f08a30 JavaThread "Execution worker" [_thread_blocked, id=16288, stack(0x000000216dc00000,0x000000216dd00000)]
  0x0000012385f06bd0 JavaThread "Execution worker Thread 2" [_thread_blocked, id=2828, stack(0x000000216dd00000,0x000000216de00000)]
  0x0000012385f08010 JavaThread "Execution worker Thread 3" [_thread_blocked, id=5680, stack(0x000000216de00000,0x000000216df00000)]
  0x0000012385f08520 JavaThread "Execution worker Thread 4" [_thread_blocked, id=7592, stack(0x000000216df00000,0x000000216e000000)]
  0x0000012385f066c0 JavaThread "Execution worker Thread 5" [_thread_blocked, id=200, stack(0x000000216e000000,0x000000216e100000)]
  0x0000012385f0a380 JavaThread "Execution worker Thread 6" [_thread_blocked, id=12084, stack(0x000000216e100000,0x000000216e200000)]
  0x0000012385f08f40 JavaThread "Execution worker Thread 7" [_thread_blocked, id=21336, stack(0x000000216e200000,0x000000216e300000)]
  0x0000012385f0b7c0 JavaThread "Execution worker Thread 8" [_thread_blocked, id=19212, stack(0x000000216e300000,0x000000216e400000)]
  0x0000012385f0cc00 JavaThread "Execution worker Thread 9" [_thread_blocked, id=3616, stack(0x000000216e400000,0x000000216e500000)]
  0x0000012385f0a890 JavaThread "Execution worker Thread 10" [_thread_blocked, id=10228, stack(0x000000216e500000,0x000000216e600000)]
  0x0000012385f0bcd0 JavaThread "Execution worker Thread 11" [_thread_blocked, id=4628, stack(0x000000216e600000,0x000000216e700000)]
  0x0000012385f09450 JavaThread "Cache worker for execution history cache (C:\Users\jirag\AndroidStudioProjects\MedQueue\.gradle\8.13\executionHistory)" [_thread_blocked, id=18168, stack(0x000000216e700000,0x000000216e800000)]
  0x0000012385f09960 JavaThread "Unconstrained build operations Thread 23" [_thread_blocked, id=2516, stack(0x000000216c200000,0x000000216c300000)]
  0x0000012385f0ea60 JavaThread "Unconstrained build operations Thread 24" [_thread_blocked, id=332, stack(0x000000216e800000,0x000000216e900000)]
  0x0000012385f0d620 JavaThread "Unconstrained build operations Thread 25" [_thread_blocked, id=11284, stack(0x000000216ea00000,0x000000216eb00000)]
  0x00000123f3fd1670 JavaThread "Unconstrained build operations Thread 26" [_thread_blocked, id=21380, stack(0x000000216eb00000,0x000000216ec00000)]
  0x00000123f3fd34d0 JavaThread "Unconstrained build operations Thread 27" [_thread_blocked, id=1976, stack(0x000000216ec00000,0x000000216ed00000)]
  0x00000123f3fd25a0 JavaThread "Unconstrained build operations Thread 28" [_thread_blocked, id=13376, stack(0x000000216ed00000,0x000000216ee00000)]
  0x00000123f3fd2ab0 JavaThread "Unconstrained build operations Thread 29" [_thread_blocked, id=3640, stack(0x000000216ee00000,0x000000216ef00000)]
  0x00000123f3fd0740 JavaThread "Unconstrained build operations Thread 30" [_thread_blocked, id=18772, stack(0x000000216ef00000,0x000000216f000000)]
  0x00000123f3fd3ef0 JavaThread "Unconstrained build operations Thread 31" [_thread_blocked, id=16604, stack(0x000000216f000000,0x000000216f100000)]
  0x00000123f3fd2090 JavaThread "Unconstrained build operations Thread 32" [_thread_blocked, id=10436, stack(0x000000216f100000,0x000000216f200000)]
  0x00000123f3fd4400 JavaThread "Unconstrained build operations Thread 33" [_thread_blocked, id=17072, stack(0x000000216f200000,0x000000216f300000)]
  0x00000123f3fd39e0 JavaThread "Unconstrained build operations Thread 34" [_thread_blocked, id=19544, stack(0x000000216f300000,0x000000216f400000)]
  0x00000123f3fd2fc0 JavaThread "Unconstrained build operations Thread 35" [_thread_blocked, id=21120, stack(0x000000216f400000,0x000000216f500000)]
  0x00000123f3fd0c50 JavaThread "Unconstrained build operations Thread 36" [_thread_blocked, id=6412, stack(0x000000216f500000,0x000000216f600000)]
  0x00000123f3fd4910 JavaThread "Unconstrained build operations Thread 37" [_thread_blocked, id=7060, stack(0x000000216f600000,0x000000216f700000)]
  0x00000123f3fd1160 JavaThread "Unconstrained build operations Thread 38" [_thread_blocked, id=2212, stack(0x000000216f700000,0x000000216f800000)]
  0x00000123f3fd4e20 JavaThread "Unconstrained build operations Thread 39" [_thread_blocked, id=19724, stack(0x000000216f800000,0x000000216f900000)]
  0x00000123f3fd5330 JavaThread "Unconstrained build operations Thread 40" [_thread_blocked, id=11652, stack(0x000000216f900000,0x000000216fa00000)]
  0x00000123f3fd1b80 JavaThread "Unconstrained build operations Thread 41" [_thread_blocked, id=3132, stack(0x000000216fa00000,0x000000216fb00000)]
  0x00000123f3fd7bb0 JavaThread "Unconstrained build operations Thread 42" [_thread_blocked, id=4120, stack(0x000000216fb00000,0x000000216fc00000)]
  0x00000123f3fd6260 JavaThread "Unconstrained build operations Thread 43" [_thread_blocked, id=20744, stack(0x000000216fc00000,0x000000216fd00000)]
  0x00000123f3fd5840 JavaThread "Unconstrained build operations Thread 44" [_thread_blocked, id=7504, stack(0x000000216fd00000,0x000000216fe00000)]
  0x00000123f3fd5d50 JavaThread "Unconstrained build operations Thread 45" [_thread_blocked, id=2268, stack(0x000000216fe00000,0x000000216ff00000)]
  0x00000123f3fd7190 JavaThread "Unconstrained build operations Thread 46" [_thread_blocked, id=8240, stack(0x000000216ff00000,0x0000002170000000)]
  0x00000123f3fd76a0 JavaThread "Unconstrained build operations Thread 47" [_thread_blocked, id=15100, stack(0x0000002170000000,0x0000002170100000)]
  0x00000123f3fd80c0 JavaThread "Unconstrained build operations Thread 48" [_thread_blocked, id=6356, stack(0x0000002170100000,0x0000002170200000)]
  0x0000012384b20b40 JavaThread "Unconstrained build operations Thread 49" [_thread_blocked, id=10588, stack(0x0000002170200000,0x0000002170300000)]
  0x0000012384b21560 JavaThread "Unconstrained build operations Thread 50" [_thread_blocked, id=11512, stack(0x0000002170300000,0x0000002170400000)]
  0x0000012384b1ece0 JavaThread "Unconstrained build operations Thread 51" [_thread_blocked, id=5776, stack(0x0000002170400000,0x0000002170500000)]
  0x0000012384b1ddb0 JavaThread "Unconstrained build operations Thread 52" [_thread_blocked, id=16748, stack(0x0000002170500000,0x0000002170600000)]
  0x0000012384b1f1f0 JavaThread "Unconstrained build operations Thread 53" [_thread_blocked, id=6268, stack(0x0000002170600000,0x0000002170700000)]
  0x0000012384b1e7d0 JavaThread "Unconstrained build operations Thread 54" [_thread_blocked, id=2872, stack(0x0000002170700000,0x0000002170800000)]
  0x0000012384b229a0 JavaThread "Unconstrained build operations Thread 55" [_thread_blocked, id=17316, stack(0x0000002170800000,0x0000002170900000)]
  0x0000012384b22490 JavaThread "Unconstrained build operations Thread 56" [_thread_blocked, id=16340, stack(0x0000002170900000,0x0000002170a00000)]
  0x0000012384b22eb0 JavaThread "Unconstrained build operations Thread 57" [_thread_blocked, id=17096, stack(0x0000002170a00000,0x0000002170b00000)]
  0x0000012384b1f700 JavaThread "Unconstrained build operations Thread 58" [_thread_blocked, id=3348, stack(0x0000002170b00000,0x0000002170c00000)]
  0x0000012384b233c0 JavaThread "Unconstrained build operations Thread 59" [_thread_blocked, id=21064, stack(0x0000002170c00000,0x0000002170d00000)]
  0x0000012384b20120 JavaThread "Unconstrained build operations Thread 60" [_thread_blocked, id=19496, stack(0x0000002170d00000,0x0000002170e00000)]
  0x0000012384b1fc10 JavaThread "Unconstrained build operations Thread 61" [_thread_blocked, id=6768, stack(0x0000002170e00000,0x0000002170f00000)]
  0x0000012384b242f0 JavaThread "Unconstrained build operations Thread 62" [_thread_blocked, id=13284, stack(0x0000002170f00000,0x0000002171000000)]
  0x0000012384b238d0 JavaThread "Unconstrained build operations Thread 63" [_thread_blocked, id=4312, stack(0x0000002171000000,0x0000002171100000)]
  0x0000012384b23de0 JavaThread "Unconstrained build operations Thread 64" [_thread_blocked, id=804, stack(0x0000002171100000,0x0000002171200000)]
  0x0000012384b24800 JavaThread "Unconstrained build operations Thread 65" [_thread_blocked, id=2140, stack(0x0000002171200000,0x0000002171300000)]
  0x0000012384b24d10 JavaThread "WorkerExecutor Queue" [_thread_blocked, id=11268, stack(0x0000002171300000,0x0000002171400000)]
  0x0000012384b25730 JavaThread "WorkerExecutor Queue Thread 2" [_thread_blocked, id=15016, stack(0x0000002171500000,0x0000002171600000)]
  0x0000012384d97540 JavaThread "Unconstrained build operations Thread 66" [_thread_blocked, id=8952, stack(0x0000002171700000,0x0000002171800000)]
  0x0000012384d97a50 JavaThread "Unconstrained build operations Thread 67" [_thread_blocked, id=21252, stack(0x0000002171800000,0x0000002171900000)]
  0x0000012384d95bf0 JavaThread "Unconstrained build operations Thread 68" [_thread_blocked, id=19204, stack(0x0000002171900000,0x0000002171a00000)]
  0x0000012384d97f60 JavaThread "Unconstrained build operations Thread 69" [_thread_blocked, id=12752, stack(0x0000002171a00000,0x0000002171b00000)]
  0x0000012384d96b20 JavaThread "Unconstrained build operations Thread 70" [_thread_blocked, id=12900, stack(0x0000002171b00000,0x0000002171c00000)]
  0x0000012384d956e0 JavaThread "Unconstrained build operations Thread 71" [_thread_blocked, id=20080, stack(0x0000002171c00000,0x0000002171d00000)]
  0x0000012384d98470 JavaThread "Unconstrained build operations Thread 72" [_thread_blocked, id=4844, stack(0x0000002171d00000,0x0000002171e00000)]
  0x0000012384d97030 JavaThread "Unconstrained build operations Thread 73" [_thread_blocked, id=16700, stack(0x0000002171e00000,0x0000002171f00000)]
  0x0000012384d96610 JavaThread "Unconstrained build operations Thread 74" [_thread_blocked, id=20100, stack(0x0000002171f00000,0x0000002172000000)]
  0x0000012384d94cc0 JavaThread "Unconstrained build operations Thread 75" [_thread_blocked, id=16008, stack(0x0000002172000000,0x0000002172100000)]
  0x0000012384d96100 JavaThread "Unconstrained build operations Thread 76" [_thread_blocked, id=7120, stack(0x0000002172100000,0x0000002172200000)]
  0x0000012384d9b200 JavaThread "WorkerExecutor Queue Thread 4" [_thread_in_native, id=8648, stack(0x0000002172200000,0x0000002172300000)]
  0x0000012384d99dc0 JavaThread "Unconstrained build operations Thread 77" [_thread_blocked, id=15832, stack(0x0000002172300000,0x0000002172400000)]
  0x0000012384d98980 JavaThread "Unconstrained build operations Thread 78" [_thread_blocked, id=21224, stack(0x0000002172400000,0x0000002172500000)]
  0x0000012384d98e90 JavaThread "Unconstrained build operations Thread 79" [_thread_blocked, id=21112, stack(0x0000002172500000,0x0000002172600000)]
  0x0000012384d993a0 JavaThread "Unconstrained build operations Thread 80" [_thread_blocked, id=17000, stack(0x0000002172600000,0x0000002172700000)]
  0x0000012384d9a2d0 JavaThread "Unconstrained build operations Thread 81" [_thread_blocked, id=17928, stack(0x0000002172700000,0x0000002172800000)]
  0x0000012384d998b0 JavaThread "Unconstrained build operations Thread 82" [_thread_blocked, id=17212, stack(0x0000002172800000,0x0000002172900000)]
  0x0000012384d9a7e0 JavaThread "Unconstrained build operations Thread 83" [_thread_blocked, id=2656, stack(0x0000002172900000,0x0000002172a00000)]
  0x0000012386425520 JavaThread "Unconstrained build operations Thread 84" [_thread_blocked, id=10460, stack(0x0000002172a00000,0x0000002172b00000)]
  0x0000012386425010 JavaThread "Unconstrained build operations Thread 85" [_thread_blocked, id=1912, stack(0x0000002172b00000,0x0000002172c00000)]
  0x000001238642ab30 JavaThread "Unconstrained build operations Thread 86" [_thread_blocked, id=5900, stack(0x0000002172c00000,0x0000002172d00000)]
  0x000001238642b550 JavaThread "Unconstrained build operations Thread 87" [_thread_blocked, id=13088, stack(0x0000002172d00000,0x0000002172e00000)]
  0x0000012386428cd0 JavaThread "WorkerExecutor Queue Thread 5" [_thread_blocked, id=16324, stack(0x0000002172e00000,0x0000002172f00000)]
=>0x000001238642a110 JavaThread "WorkerExecutor Queue Thread 6" [_thread_in_Java, id=17972, stack(0x0000002172f00000,0x0000002173000000)]
  0x00000123864291e0 JavaThread "Unconstrained build operations Thread 88" [_thread_blocked, id=4776, stack(0x0000002173000000,0x0000002173100000)]
  0x00000123864296f0 JavaThread "Unconstrained build operations Thread 89" [_thread_blocked, id=16180, stack(0x0000002173100000,0x0000002173200000)]
  0x0000012386429c00 JavaThread "Unconstrained build operations Thread 90" [_thread_blocked, id=11952, stack(0x0000002173200000,0x0000002173300000)]
  0x000001238642a620 JavaThread "Unconstrained build operations Thread 91" [_thread_blocked, id=18880, stack(0x0000002173300000,0x0000002173400000)]
  0x00000123870b0f60 JavaThread "Unconstrained build operations Thread 92" [_thread_blocked, id=18084, stack(0x0000002173400000,0x0000002173500000)]
  0x00000123870b0a50 JavaThread "Unconstrained build operations Thread 93" [_thread_blocked, id=18392, stack(0x0000002173500000,0x0000002173600000)]
  0x00000123870b1470 JavaThread "Unconstrained build operations Thread 94" [_thread_blocked, id=17876, stack(0x0000002173600000,0x0000002173700000)]
  0x00000123870b2dc0 JavaThread "Unconstrained build operations Thread 95" [_thread_blocked, id=20208, stack(0x0000002173700000,0x0000002173800000)]
  0x00000123870af610 JavaThread "Unconstrained build operations Thread 96" [_thread_blocked, id=18652, stack(0x0000002173800000,0x0000002173900000)]
  0x00000123870b1980 JavaThread "Unconstrained build operations Thread 97" [_thread_blocked, id=13492, stack(0x0000002173900000,0x0000002173a00000)]
  0x00000123870b1e90 JavaThread "Unconstrained build operations Thread 98" [_thread_blocked, id=5860, stack(0x0000002173a00000,0x0000002173b00000)]
  0x00000123870b0030 JavaThread "WorkerExecutor Queue Thread 7" [_thread_blocked, id=3020, stack(0x0000002173b00000,0x0000002173c00000)]
  0x00000123870b0540 JavaThread "Unconstrained build operations Thread 99" [_thread_blocked, id=20244, stack(0x0000002173c00000,0x0000002173d00000)]
  0x00000123870b23a0 JavaThread "Unconstrained build operations Thread 100" [_thread_blocked, id=9808, stack(0x0000002173d00000,0x0000002173e00000)]
  0x00000123870b28b0 JavaThread "Unconstrained build operations Thread 101" [_thread_blocked, id=17708, stack(0x0000002173e00000,0x0000002173f00000)]
  0x00000123f66cd7f0 JavaThread "Unconstrained build operations Thread 102" [_thread_blocked, id=1872, stack(0x0000002173f00000,0x0000002174000000)]
  0x00000123f66cc8c0 JavaThread "Unconstrained build operations Thread 103" [_thread_blocked, id=10720, stack(0x0000002174000000,0x0000002174100000)]
  0x00000123f66d0580 JavaThread "Unconstrained build operations Thread 104" [_thread_blocked, id=18596, stack(0x0000002174100000,0x0000002174200000)]
  0x00000123f66ccdd0 JavaThread "Unconstrained build operations Thread 105" [_thread_blocked, id=20148, stack(0x0000002174200000,0x0000002174300000)]
  0x00000123f66cd2e0 JavaThread "Unconstrained build operations Thread 106" [_thread_blocked, id=13132, stack(0x0000002174300000,0x0000002174400000)]
  0x00000123f66cdd00 JavaThread "Unconstrained build operations Thread 107" [_thread_blocked, id=19952, stack(0x0000002174400000,0x0000002174500000)]
  0x00000123f66d2e00 JavaThread "Unconstrained build operations Thread 108" [_thread_blocked, id=14764, stack(0x0000002174500000,0x0000002174600000)]
  0x00000123f66d3d30 JavaThread "Unconstrained build operations Thread 109" [_thread_blocked, id=13076, stack(0x0000002174600000,0x0000002174700000)]
  0x00000123f56dcf20 JavaThread "WorkerExecutor Queue Thread 8" [_thread_blocked, id=9984, stack(0x0000002171400000,0x0000002171500000)]
  0x00000123864287c0 JavaThread "Unconstrained build operations Thread 110" [_thread_blocked, id=13584, stack(0x0000002174700000,0x0000002174800000)]
  0x0000012384d9acf0 JavaThread "WorkerExecutor Queue Thread 9" [_thread_blocked, id=5732, stack(0x0000002174800000,0x0000002174900000)]
  0x00000123f666d7a0 JavaThread "WorkerExecutor Queue Thread 10" [_thread_blocked, id=10400, stack(0x0000002174900000,0x0000002174a00000)]
  0x00000124099def50 JavaThread "RMI RenewClean-[127.0.0.1:17086,org.jetbrains.kotlin.daemon.common.LoopbackNetworkInterface$ClientLoopbackSocketFactory@64774d5d]" daemon [_thread_blocked, id=15960, stack(0x0000002174a00000,0x0000002174b00000)]
  0x00000124099dea40 JavaThread "WorkerExecutor Queue Thread 11" [_thread_blocked, id=20476, stack(0x0000002174b00000,0x0000002174c00000)]
  0x00000124099de020 JavaThread "WorkerExecutor Queue Thread 12" [_thread_blocked, id=18476, stack(0x0000002174c00000,0x0000002174d00000)]
  0x00000124099e0390 JavaThread "ForkJoinPool-1-worker-1" daemon [_thread_blocked, id=3104, stack(0x0000002174e00000,0x0000002174f00000)]
  0x00000124099dd0f0 JavaThread "ForkJoinPool-1-worker-2" daemon [_thread_blocked, id=7520, stack(0x0000002174f00000,0x0000002175000000)]
  0x00000124099df460 JavaThread "ForkJoinPool-1-worker-3" daemon [_thread_blocked, id=17496, stack(0x0000002175000000,0x0000002175100000)]
  0x00000124099df970 JavaThread "ForkJoinPool-1-worker-4" daemon [_thread_blocked, id=15420, stack(0x0000002175100000,0x0000002175200000)]
  0x00000124099de530 JavaThread "ForkJoinPool-1-worker-5" daemon [_thread_blocked, id=18976, stack(0x0000002175200000,0x0000002175300000)]
  0x00000124099e08a0 JavaThread "ForkJoinPool-1-worker-6" daemon [_thread_blocked, id=2388, stack(0x0000002175300000,0x0000002175400000)]
  0x00000124099dfe80 JavaThread "ForkJoinPool-1-worker-7" daemon [_thread_blocked, id=3832, stack(0x0000002175400000,0x0000002175500000)]
  0x00000124099e0db0 JavaThread "ForkJoinPool-1-worker-8" daemon [_thread_blocked, id=10268, stack(0x0000002175500000,0x0000002175600000)]
  0x00000124099e12c0 JavaThread "ForkJoinPool-1-worker-9" daemon [_thread_blocked, id=11756, stack(0x0000002175600000,0x0000002175700000)]
  0x00000124099ddb10 JavaThread "ForkJoinPool-1-worker-10" daemon [_thread_blocked, id=10392, stack(0x0000002175700000,0x0000002175800000)]
  0x00000124099e3b40 JavaThread "ForkJoinPool-1-worker-11" daemon [_thread_blocked, id=10792, stack(0x0000002175800000,0x0000002175900000)]
  0x00000124099e3120 JavaThread "ForkJoinPool-1-worker-12" daemon [_thread_blocked, id=4272, stack(0x0000002175900000,0x0000002175a00000)]

Other Threads:
  0x00000123ab987e90 VMThread "VM Thread" [stack: 0x0000002168d00000,0x0000002168e00000] [id=15432]
  0x000001238b656860 WatcherThread [stack: 0x0000002169900000,0x0000002169a00000] [id=20908]
  0x000001238b5f0710 GCTaskThread "GC Thread#0" [stack: 0x0000002168800000,0x0000002168900000] [id=10904]
  0x00000123abd8ea70 GCTaskThread "GC Thread#1" [stack: 0x0000002169c00000,0x0000002169d00000] [id=9652]
  0x00000123f14d8820 GCTaskThread "GC Thread#2" [stack: 0x0000002169d00000,0x0000002169e00000] [id=18348]
  0x00000123f14d8ae0 GCTaskThread "GC Thread#3" [stack: 0x0000002169e00000,0x0000002169f00000] [id=384]
  0x00000123f13c89f0 GCTaskThread "GC Thread#4" [stack: 0x0000002169f00000,0x000000216a000000] [id=4256]
  0x00000123f13c8cb0 GCTaskThread "GC Thread#5" [stack: 0x000000216a000000,0x000000216a100000] [id=9392]
  0x00000123f3689a70 GCTaskThread "GC Thread#6" [stack: 0x000000216b000000,0x000000216b100000] [id=13936]
  0x00000123f36894f0 GCTaskThread "GC Thread#7" [stack: 0x000000216b100000,0x000000216b200000] [id=21260]
  0x00000123f3688470 GCTaskThread "GC Thread#8" [stack: 0x000000216b200000,0x000000216b300000] [id=15484]
  0x00000123f3689d30 GCTaskThread "GC Thread#9" [stack: 0x000000216b300000,0x000000216b400000] [id=19284]
  0x000001238b601410 ConcurrentGCThread "G1 Main Marker" [stack: 0x0000002168900000,0x0000002168a00000] [id=8256]
  0x000001238b601bd0 ConcurrentGCThread "G1 Conc#0" [stack: 0x0000002168a00000,0x0000002168b00000] [id=14408]
  0x00000123f3688f70 ConcurrentGCThread "G1 Conc#1" [stack: 0x000000216b400000,0x000000216b500000] [id=17572]
  0x00000123f3688cb0 ConcurrentGCThread "G1 Conc#2" [stack: 0x000000216b500000,0x000000216b600000] [id=15504]
  0x00000123ab8426c0 ConcurrentGCThread "G1 Refine#0" [stack: 0x0000002168b00000,0x0000002168c00000] [id=3308]
  0x00000123f5a92d90 ConcurrentGCThread "G1 Refine#1" [stack: 0x000000216b800000,0x000000216b900000] [id=11860]
  0x00000123f5a94de0 ConcurrentGCThread "G1 Refine#2" [stack: 0x000000216b900000,0x000000216ba00000] [id=21484]
  0x00000123f5a927b0 ConcurrentGCThread "G1 Refine#3" [stack: 0x000000216ba00000,0x000000216bb00000] [id=2408]
  0x00000123f5a95c90 ConcurrentGCThread "G1 Refine#4" [stack: 0x000000216bb00000,0x000000216bc00000] [id=16596]
  0x00000123f5a93c40 ConcurrentGCThread "G1 Refine#5" [stack: 0x000000216bc00000,0x000000216bd00000] [id=11700]
  0x00000123f5a93660 ConcurrentGCThread "G1 Refine#6" [stack: 0x000000216bd00000,0x000000216be00000] [id=21360]
  0x00000123f5a94510 ConcurrentGCThread "G1 Refine#7" [stack: 0x000000216be00000,0x000000216bf00000] [id=2544]
  0x00000123f5a94800 ConcurrentGCThread "G1 Refine#8" [stack: 0x000000216bf00000,0x000000216c000000] [id=17308]
  0x00000123ab842ea0 ConcurrentGCThread "G1 Service" [stack: 0x0000002168c00000,0x0000002168d00000] [id=5156]

Threads with active compile tasks:
C2 CompilerThread0   738982 32695       4       com.google.common.util.concurrent.TrustedListenableFutureTask$TrustedFutureInterruptibleTask::runInterruptibly (10 bytes)
C2 CompilerThread1   738982 41910       4       com.android.tools.r8.internal.ep::<init> (22 bytes)
C2 CompilerThread2   738982 33168       4       com.android.tools.r8.internal.Qc$$Lambda$6392/0x00000123aeb317e0::accept (12 bytes)

VM state: not at safepoint (normal execution)

VM Mutex/Monitor currently owned by a thread: None

Heap address: 0x0000000080000000, size: 2048 MB, Compressed Oops mode: 32-bit

CDS archive(s) mapped at: [0x00000123ac000000-0x00000123acbd0000-0x00000123acbd0000), size 12386304, SharedBaseAddress: 0x00000123ac000000, ArchiveRelocationMode: 1.
Compressed class space mapped at: 0x00000123ad000000-0x00000123ed000000, reserved size: 1073741824
Narrow klass base: 0x00000123ac000000, Narrow klass shift: 0, Narrow klass range: 0x100000000

GC Precious Log:
 CPUs: 12 total, 12 available
 Memory: 16077M
 Large Page Support: Disabled
 NUMA Support: Disabled
 Compressed Oops: Enabled (32-bit)
 Heap Region Size: 1M
 Heap Min Capacity: 8M
 Heap Initial Capacity: 252M
 Heap Max Capacity: 2G
 Pre-touch: Disabled
 Parallel Workers: 10
 Concurrent Workers: 3
 Concurrent Refinement Workers: 10
 Periodic GC: Disabled

Heap:
 garbage-first heap   total 1164288K, used 603648K [0x0000000080000000, 0x0000000100000000)
  region size 1024K, 157 young (160768K), 7 survivors (7168K)
 Metaspace       used 223131K, committed 224512K, reserved 1245184K
  class space    used 29080K, committed 29760K, reserved 1048576K

Heap Regions: E=young(eden), S=young(survivor), O=old, HS=humongous(starts), HC=humongous(continues), CS=collection set, F=free, OA=open archive, CA=closed archive, TAMS=top-at-mark-start (previous, next)
|   0|0x0000000080000000, 0x0000000080100000, 0x0000000080100000|100%|HS|  |TAMS 0x0000000080100000, 0x0000000080000000| Complete 
|   1|0x0000000080100000, 0x0000000080200000, 0x0000000080200000|100%|HC|  |TAMS 0x0000000080200000, 0x0000000080100000| Complete 
|   2|0x0000000080200000, 0x0000000080300000, 0x0000000080300000|100%|HC|  |TAMS 0x0000000080300000, 0x0000000080200000| Complete 
|   3|0x0000000080300000, 0x0000000080400000, 0x0000000080400000|100%| O|  |TAMS 0x0000000080400000, 0x0000000080300000| Untracked 
|   4|0x0000000080400000, 0x0000000080500000, 0x0000000080500000|100%| O|  |TAMS 0x0000000080500000, 0x0000000080400000| Untracked 
|   5|0x0000000080500000, 0x0000000080600000, 0x0000000080600000|100%| O|  |TAMS 0x0000000080600000, 0x0000000080500000| Untracked 
|   6|0x0000000080600000, 0x0000000080700000, 0x0000000080700000|100%|HS|  |TAMS 0x0000000080700000, 0x0000000080600000| Complete 
|   7|0x0000000080700000, 0x0000000080800000, 0x0000000080800000|100%| O|  |TAMS 0x0000000080800000, 0x0000000080700000| Untracked 
|   8|0x0000000080800000, 0x0000000080900000, 0x0000000080900000|100%| O|  |TAMS 0x0000000080900000, 0x0000000080800000| Untracked 
|   9|0x0000000080900000, 0x0000000080a00000, 0x0000000080a00000|100%| O|  |TAMS 0x0000000080a00000, 0x0000000080900000| Untracked 
|  10|0x0000000080a00000, 0x0000000080b00000, 0x0000000080b00000|100%| O|  |TAMS 0x0000000080a00000, 0x0000000080a00000| Untracked 
|  11|0x0000000080b00000, 0x0000000080c00000, 0x0000000080c00000|100%| O|  |TAMS 0x0000000080c00000, 0x0000000080b00000| Untracked 
|  12|0x0000000080c00000, 0x0000000080d00000, 0x0000000080d00000|100%| O|  |TAMS 0x0000000080d00000, 0x0000000080c00000| Untracked 
|  13|0x0000000080d00000, 0x0000000080e00000, 0x0000000080e00000|100%| O|  |TAMS 0x0000000080e00000, 0x0000000080d00000| Untracked 
|  14|0x0000000080e00000, 0x0000000080f00000, 0x0000000080f00000|100%| O|  |TAMS 0x0000000080f00000, 0x0000000080e00000| Untracked 
|  15|0x0000000080f00000, 0x0000000081000000, 0x0000000081000000|100%| O|  |TAMS 0x0000000081000000, 0x0000000080f00000| Untracked 
|  16|0x0000000081000000, 0x0000000081100000, 0x0000000081100000|100%| O|  |TAMS 0x0000000081100000, 0x0000000081000000| Untracked 
|  17|0x0000000081100000, 0x0000000081200000, 0x0000000081200000|100%| O|  |TAMS 0x0000000081200000, 0x0000000081100000| Untracked 
|  18|0x0000000081200000, 0x0000000081300000, 0x0000000081300000|100%| O|  |TAMS 0x0000000081300000, 0x0000000081200000| Untracked 
|  19|0x0000000081300000, 0x0000000081400000, 0x0000000081400000|100%| O|  |TAMS 0x0000000081400000, 0x0000000081300000| Untracked 
|  20|0x0000000081400000, 0x0000000081500000, 0x0000000081500000|100%| O|  |TAMS 0x0000000081500000, 0x0000000081400000| Untracked 
|  21|0x0000000081500000, 0x0000000081600000, 0x0000000081600000|100%| O|  |TAMS 0x0000000081600000, 0x0000000081500000| Untracked 
|  22|0x0000000081600000, 0x0000000081700000, 0x0000000081700000|100%| O|  |TAMS 0x0000000081700000, 0x0000000081600000| Untracked 
|  23|0x0000000081700000, 0x0000000081800000, 0x0000000081800000|100%| O|  |TAMS 0x0000000081800000, 0x0000000081700000| Untracked 
|  24|0x0000000081800000, 0x0000000081900000, 0x0000000081900000|100%| O|  |TAMS 0x0000000081900000, 0x0000000081800000| Untracked 
|  25|0x0000000081900000, 0x0000000081a00000, 0x0000000081a00000|100%| O|  |TAMS 0x0000000081a00000, 0x0000000081900000| Untracked 
|  26|0x0000000081a00000, 0x0000000081b00000, 0x0000000081b00000|100%| O|  |TAMS 0x0000000081b00000, 0x0000000081a00000| Untracked 
|  27|0x0000000081b00000, 0x0000000081c00000, 0x0000000081c00000|100%| O|  |TAMS 0x0000000081c00000, 0x0000000081b00000| Untracked 
|  28|0x0000000081c00000, 0x0000000081d00000, 0x0000000081d00000|100%| O|  |TAMS 0x0000000081d00000, 0x0000000081c00000| Untracked 
|  29|0x0000000081d00000, 0x0000000081e00000, 0x0000000081e00000|100%| O|  |TAMS 0x0000000081e00000, 0x0000000081d00000| Untracked 
|  30|0x0000000081e00000, 0x0000000081f00000, 0x0000000081f00000|100%| O|  |TAMS 0x0000000081f00000, 0x0000000081e00000| Untracked 
|  31|0x0000000081f00000, 0x0000000082000000, 0x0000000082000000|100%| O|  |TAMS 0x0000000082000000, 0x0000000081f00000| Untracked 
|  32|0x0000000082000000, 0x0000000082100000, 0x0000000082100000|100%| O|  |TAMS 0x0000000082100000, 0x0000000082000000| Untracked 
|  33|0x0000000082100000, 0x0000000082200000, 0x0000000082200000|100%| O|  |TAMS 0x0000000082200000, 0x0000000082100000| Untracked 
|  34|0x0000000082200000, 0x0000000082300000, 0x0000000082300000|100%| O|  |TAMS 0x0000000082300000, 0x0000000082200000| Untracked 
|  35|0x0000000082300000, 0x0000000082400000, 0x0000000082400000|100%| O|  |TAMS 0x0000000082400000, 0x0000000082300000| Untracked 
|  36|0x0000000082400000, 0x0000000082500000, 0x0000000082500000|100%| O|  |TAMS 0x0000000082500000, 0x0000000082400000| Untracked 
|  37|0x0000000082500000, 0x0000000082600000, 0x0000000082600000|100%| O|  |TAMS 0x0000000082600000, 0x0000000082500000| Untracked 
|  38|0x0000000082600000, 0x0000000082700000, 0x0000000082700000|100%| O|  |TAMS 0x0000000082600000, 0x0000000082600000| Untracked 
|  39|0x0000000082700000, 0x0000000082800000, 0x0000000082800000|100%| O|  |TAMS 0x0000000082800000, 0x0000000082700000| Untracked 
|  40|0x0000000082800000, 0x0000000082900000, 0x0000000082900000|100%| O|  |TAMS 0x0000000082900000, 0x0000000082800000| Untracked 
|  41|0x0000000082900000, 0x0000000082a00000, 0x0000000082a00000|100%| O|  |TAMS 0x0000000082a00000, 0x0000000082900000| Untracked 
|  42|0x0000000082a00000, 0x0000000082b00000, 0x0000000082b00000|100%| O|  |TAMS 0x0000000082b00000, 0x0000000082a00000| Untracked 
|  43|0x0000000082b00000, 0x0000000082c00000, 0x0000000082c00000|100%| O|  |TAMS 0x0000000082c00000, 0x0000000082b00000| Untracked 
|  44|0x0000000082c00000, 0x0000000082d00000, 0x0000000082d00000|100%| O|  |TAMS 0x0000000082c00000, 0x0000000082c00000| Untracked 
|  45|0x0000000082d00000, 0x0000000082e00000, 0x0000000082e00000|100%| O|  |TAMS 0x0000000082e00000, 0x0000000082d00000| Untracked 
|  46|0x0000000082e00000, 0x0000000082f00000, 0x0000000082f00000|100%| O|  |TAMS 0x0000000082f00000, 0x0000000082e00000| Untracked 
|  47|0x0000000082f00000, 0x0000000083000000, 0x0000000083000000|100%| O|  |TAMS 0x0000000083000000, 0x0000000082f00000| Untracked 
|  48|0x0000000083000000, 0x0000000083100000, 0x0000000083100000|100%| O|  |TAMS 0x0000000083100000, 0x0000000083000000| Untracked 
|  49|0x0000000083100000, 0x0000000083200000, 0x0000000083200000|100%| O|  |TAMS 0x0000000083100000, 0x0000000083100000| Untracked 
|  50|0x0000000083200000, 0x0000000083300000, 0x0000000083300000|100%| O|  |TAMS 0x0000000083300000, 0x0000000083200000| Untracked 
|  51|0x0000000083300000, 0x0000000083400000, 0x0000000083400000|100%| O|  |TAMS 0x0000000083400000, 0x0000000083300000| Untracked 
|  52|0x0000000083400000, 0x0000000083500000, 0x0000000083500000|100%| O|  |TAMS 0x0000000083500000, 0x0000000083400000| Untracked 
|  53|0x0000000083500000, 0x0000000083600000, 0x0000000083600000|100%| O|  |TAMS 0x0000000083600000, 0x0000000083500000| Untracked 
|  54|0x0000000083600000, 0x0000000083700000, 0x0000000083700000|100%| O|  |TAMS 0x0000000083700000, 0x0000000083600000| Untracked 
|  55|0x0000000083700000, 0x0000000083800000, 0x0000000083800000|100%| O|  |TAMS 0x0000000083800000, 0x0000000083700000| Untracked 
|  56|0x0000000083800000, 0x0000000083900000, 0x0000000083900000|100%| O|  |TAMS 0x0000000083900000, 0x0000000083800000| Untracked 
|  57|0x0000000083900000, 0x0000000083a00000, 0x0000000083a00000|100%| O|  |TAMS 0x0000000083a00000, 0x0000000083900000| Untracked 
|  58|0x0000000083a00000, 0x0000000083b00000, 0x0000000083b00000|100%| O|  |TAMS 0x0000000083b00000, 0x0000000083a00000| Untracked 
|  59|0x0000000083b00000, 0x0000000083c00000, 0x0000000083c00000|100%| O|  |TAMS 0x0000000083c00000, 0x0000000083b00000| Untracked 
|  60|0x0000000083c00000, 0x0000000083d00000, 0x0000000083d00000|100%| O|  |TAMS 0x0000000083c00000, 0x0000000083c00000| Untracked 
|  61|0x0000000083d00000, 0x0000000083e00000, 0x0000000083e00000|100%| O|  |TAMS 0x0000000083e00000, 0x0000000083d00000| Untracked 
|  62|0x0000000083e00000, 0x0000000083f00000, 0x0000000083f00000|100%| O|  |TAMS 0x0000000083f00000, 0x0000000083e00000| Untracked 
|  63|0x0000000083f00000, 0x0000000084000000, 0x0000000084000000|100%| O|  |TAMS 0x0000000084000000, 0x0000000083f00000| Untracked 
|  64|0x0000000084000000, 0x0000000084100000, 0x0000000084100000|100%| O|  |TAMS 0x0000000084100000, 0x0000000084000000| Untracked 
|  65|0x0000000084100000, 0x0000000084200000, 0x0000000084200000|100%| O|  |TAMS 0x0000000084200000, 0x0000000084100000| Untracked 
|  66|0x0000000084200000, 0x0000000084200000, 0x0000000084300000|  0%| F|  |TAMS 0x0000000084200000, 0x0000000084200000| Untracked 
|  67|0x0000000084300000, 0x0000000084400000, 0x0000000084400000|100%| O|  |TAMS 0x0000000084400000, 0x0000000084300000| Untracked 
|  68|0x0000000084400000, 0x0000000084500000, 0x0000000084500000|100%| O|  |TAMS 0x0000000084500000, 0x0000000084400000| Untracked 
|  69|0x0000000084500000, 0x0000000084600000, 0x0000000084600000|100%| O|  |TAMS 0x0000000084600000, 0x0000000084500000| Untracked 
|  70|0x0000000084600000, 0x0000000084700000, 0x0000000084700000|100%| O|  |TAMS 0x0000000084700000, 0x0000000084600000| Untracked 
|  71|0x0000000084700000, 0x0000000084800000, 0x0000000084800000|100%| O|  |TAMS 0x0000000084800000, 0x0000000084700000| Untracked 
|  72|0x0000000084800000, 0x0000000084900000, 0x0000000084900000|100%| O|  |TAMS 0x0000000084900000, 0x0000000084800000| Untracked 
|  73|0x0000000084900000, 0x0000000084a00000, 0x0000000084a00000|100%| O|  |TAMS 0x0000000084a00000, 0x0000000084900000| Untracked 
|  74|0x0000000084a00000, 0x0000000084b00000, 0x0000000084b00000|100%| O|  |TAMS 0x0000000084b00000, 0x0000000084a00000| Untracked 
|  75|0x0000000084b00000, 0x0000000084c00000, 0x0000000084c00000|100%| O|  |TAMS 0x0000000084c00000, 0x0000000084b00000| Untracked 
|  76|0x0000000084c00000, 0x0000000084d00000, 0x0000000084d00000|100%| O|  |TAMS 0x0000000084d00000, 0x0000000084c00000| Untracked 
|  77|0x0000000084d00000, 0x0000000084e00000, 0x0000000084e00000|100%| O|  |TAMS 0x0000000084e00000, 0x0000000084d00000| Untracked 
|  78|0x0000000084e00000, 0x0000000084f00000, 0x0000000084f00000|100%| O|  |TAMS 0x0000000084f00000, 0x0000000084e00000| Untracked 
|  79|0x0000000084f00000, 0x0000000085000000, 0x0000000085000000|100%| O|  |TAMS 0x0000000085000000, 0x0000000084f00000| Untracked 
|  80|0x0000000085000000, 0x0000000085100000, 0x0000000085100000|100%| O|  |TAMS 0x0000000085100000, 0x0000000085000000| Untracked 
|  81|0x0000000085100000, 0x0000000085200000, 0x0000000085200000|100%| O|  |TAMS 0x0000000085100000, 0x0000000085100000| Untracked 
|  82|0x0000000085200000, 0x0000000085300000, 0x0000000085300000|100%| O|  |TAMS 0x0000000085200000, 0x0000000085200000| Untracked 
|  83|0x0000000085300000, 0x0000000085400000, 0x0000000085400000|100%| O|  |TAMS 0x0000000085400000, 0x0000000085300000| Untracked 
|  84|0x0000000085400000, 0x0000000085500000, 0x0000000085500000|100%| O|  |TAMS 0x0000000085400000, 0x0000000085400000| Untracked 
|  85|0x0000000085500000, 0x0000000085600000, 0x0000000085600000|100%| O|  |TAMS 0x0000000085600000, 0x0000000085500000| Untracked 
|  86|0x0000000085600000, 0x0000000085700000, 0x0000000085700000|100%| O|  |TAMS 0x0000000085700000, 0x0000000085600000| Untracked 
|  87|0x0000000085700000, 0x0000000085800000, 0x0000000085800000|100%| O|  |TAMS 0x0000000085800000, 0x0000000085700000| Untracked 
|  88|0x0000000085800000, 0x0000000085900000, 0x0000000085900000|100%| O|  |TAMS 0x0000000085900000, 0x0000000085800000| Untracked 
|  89|0x0000000085900000, 0x0000000085a00000, 0x0000000085a00000|100%| O|  |TAMS 0x0000000085900000, 0x0000000085900000| Untracked 
|  90|0x0000000085a00000, 0x0000000085b00000, 0x0000000085b00000|100%| O|  |TAMS 0x0000000085b00000, 0x0000000085a00000| Untracked 
|  91|0x0000000085b00000, 0x0000000085c00000, 0x0000000085c00000|100%| O|  |TAMS 0x0000000085b00000, 0x0000000085b00000| Untracked 
|  92|0x0000000085c00000, 0x0000000085d00000, 0x0000000085d00000|100%| O|  |TAMS 0x0000000085c00000, 0x0000000085c00000| Untracked 
|  93|0x0000000085d00000, 0x0000000085e00000, 0x0000000085e00000|100%| O|  |TAMS 0x0000000085d00000, 0x0000000085d00000| Untracked 
|  94|0x0000000085e00000, 0x0000000085f00000, 0x0000000085f00000|100%| O|  |TAMS 0x0000000085f00000, 0x0000000085e00000| Untracked 
|  95|0x0000000085f00000, 0x0000000086000000, 0x0000000086000000|100%| O|  |TAMS 0x0000000086000000, 0x0000000085f00000| Untracked 
|  96|0x0000000086000000, 0x0000000086100000, 0x0000000086100000|100%| O|  |TAMS 0x0000000086100000, 0x0000000086000000| Untracked 
|  97|0x0000000086100000, 0x0000000086200000, 0x0000000086200000|100%| O|  |TAMS 0x0000000086100000, 0x0000000086100000| Untracked 
|  98|0x0000000086200000, 0x0000000086300000, 0x0000000086300000|100%| O|  |TAMS 0x0000000086300000, 0x0000000086200000| Untracked 
|  99|0x0000000086300000, 0x0000000086300000, 0x0000000086400000|  0%| F|  |TAMS 0x0000000086300000, 0x0000000086300000| Untracked 
| 100|0x0000000086400000, 0x0000000086500000, 0x0000000086500000|100%| O|  |TAMS 0x0000000086400000, 0x0000000086400000| Untracked 
| 101|0x0000000086500000, 0x0000000086600000, 0x0000000086600000|100%| O|  |TAMS 0x0000000086500000, 0x0000000086500000| Untracked 
| 102|0x0000000086600000, 0x0000000086700000, 0x0000000086700000|100%| O|  |TAMS 0x0000000086700000, 0x0000000086600000| Untracked 
| 103|0x0000000086700000, 0x0000000086800000, 0x0000000086800000|100%| O|  |TAMS 0x0000000086800000, 0x0000000086700000| Untracked 
| 104|0x0000000086800000, 0x0000000086800000, 0x0000000086900000|  0%| F|  |TAMS 0x0000000086800000, 0x0000000086800000| Untracked 
| 105|0x0000000086900000, 0x0000000086a00000, 0x0000000086a00000|100%| O|  |TAMS 0x0000000086900000, 0x0000000086900000| Untracked 
| 106|0x0000000086a00000, 0x0000000086b00000, 0x0000000086b00000|100%| O|  |TAMS 0x0000000086a00000, 0x0000000086a00000| Untracked 
| 107|0x0000000086b00000, 0x0000000086c00000, 0x0000000086c00000|100%| O|  |TAMS 0x0000000086b00000, 0x0000000086b00000| Untracked 
| 108|0x0000000086c00000, 0x0000000086d00000, 0x0000000086d00000|100%| O|  |TAMS 0x0000000086d00000, 0x0000000086c00000| Untracked 
| 109|0x0000000086d00000, 0x0000000086e00000, 0x0000000086e00000|100%| O|  |TAMS 0x0000000086d00000, 0x0000000086d00000| Untracked 
| 110|0x0000000086e00000, 0x0000000086f00000, 0x0000000086f00000|100%|HS|  |TAMS 0x0000000086e00000, 0x0000000086e00000| Complete 
| 111|0x0000000086f00000, 0x0000000087000000, 0x0000000087000000|100%| O|  |TAMS 0x0000000086f00000, 0x0000000086f00000| Untracked 
| 112|0x0000000087000000, 0x0000000087100000, 0x0000000087100000|100%| O|  |TAMS 0x0000000087000000, 0x0000000087000000| Untracked 
| 113|0x0000000087100000, 0x0000000087200000, 0x0000000087200000|100%| O|  |TAMS 0x0000000087100000, 0x0000000087100000| Untracked 
| 114|0x0000000087200000, 0x0000000087300000, 0x0000000087300000|100%| O|  |TAMS 0x0000000087200000, 0x0000000087200000| Untracked 
| 115|0x0000000087300000, 0x0000000087400000, 0x0000000087400000|100%| O|  |TAMS 0x0000000087300000, 0x0000000087300000| Untracked 
| 116|0x0000000087400000, 0x0000000087500000, 0x0000000087500000|100%| O|  |TAMS 0x0000000087400000, 0x0000000087400000| Untracked 
| 117|0x0000000087500000, 0x0000000087600000, 0x0000000087600000|100%| O|  |TAMS 0x0000000087500000, 0x0000000087500000| Untracked 
| 118|0x0000000087600000, 0x0000000087700000, 0x0000000087700000|100%| O|  |TAMS 0x0000000087600000, 0x0000000087600000| Untracked 
| 119|0x0000000087700000, 0x0000000087800000, 0x0000000087800000|100%| O|  |TAMS 0x0000000087700000, 0x0000000087700000| Untracked 
| 120|0x0000000087800000, 0x0000000087900000, 0x0000000087900000|100%| O|  |TAMS 0x0000000087800000, 0x0000000087800000| Untracked 
| 121|0x0000000087900000, 0x0000000087a00000, 0x0000000087a00000|100%| O|  |TAMS 0x0000000087900000, 0x0000000087900000| Untracked 
| 122|0x0000000087a00000, 0x0000000087b00000, 0x0000000087b00000|100%| O|  |TAMS 0x0000000087a00000, 0x0000000087a00000| Untracked 
| 123|0x0000000087b00000, 0x0000000087c00000, 0x0000000087c00000|100%| O|  |TAMS 0x0000000087b00000, 0x0000000087b00000| Untracked 
| 124|0x0000000087c00000, 0x0000000087d00000, 0x0000000087d00000|100%| O|  |TAMS 0x0000000087c00000, 0x0000000087c00000| Untracked 
| 125|0x0000000087d00000, 0x0000000087e00000, 0x0000000087e00000|100%| O|  |TAMS 0x0000000087d00000, 0x0000000087d00000| Untracked 
| 126|0x0000000087e00000, 0x0000000087f00000, 0x0000000087f00000|100%| O|  |TAMS 0x0000000087e00000, 0x0000000087e00000| Untracked 
| 127|0x0000000087f00000, 0x0000000088000000, 0x0000000088000000|100%| O|  |TAMS 0x0000000087f00000, 0x0000000087f00000| Untracked 
| 128|0x0000000088000000, 0x0000000088100000, 0x0000000088100000|100%| O|  |TAMS 0x0000000088000000, 0x0000000088000000| Untracked 
| 129|0x0000000088100000, 0x0000000088200000, 0x0000000088200000|100%| O|  |TAMS 0x0000000088100000, 0x0000000088100000| Untracked 
| 130|0x0000000088200000, 0x0000000088300000, 0x0000000088300000|100%| O|  |TAMS 0x0000000088200000, 0x0000000088200000| Untracked 
| 131|0x0000000088300000, 0x0000000088400000, 0x0000000088400000|100%| O|  |TAMS 0x0000000088300000, 0x0000000088300000| Untracked 
| 132|0x0000000088400000, 0x0000000088500000, 0x0000000088500000|100%| O|  |TAMS 0x0000000088400000, 0x0000000088400000| Untracked 
| 133|0x0000000088500000, 0x0000000088600000, 0x0000000088600000|100%| O|  |TAMS 0x0000000088500000, 0x0000000088500000| Untracked 
| 134|0x0000000088600000, 0x0000000088700000, 0x0000000088700000|100%| O|  |TAMS 0x0000000088600000, 0x0000000088600000| Untracked 
| 135|0x0000000088700000, 0x0000000088780000, 0x0000000088800000| 50%| O|  |TAMS 0x0000000088700000, 0x0000000088700000| Untracked 
| 136|0x0000000088800000, 0x0000000088900000, 0x0000000088900000|100%| O|  |TAMS 0x0000000088900000, 0x0000000088800000| Untracked 
| 137|0x0000000088900000, 0x0000000088900000, 0x0000000088a00000|  0%| F|  |TAMS 0x0000000088900000, 0x0000000088900000| Untracked 
| 138|0x0000000088a00000, 0x0000000088a00000, 0x0000000088b00000|  0%| F|  |TAMS 0x0000000088a00000, 0x0000000088a00000| Untracked 
| 139|0x0000000088b00000, 0x0000000088c00000, 0x0000000088c00000|100%| O|  |TAMS 0x0000000088b00000, 0x0000000088b00000| Untracked 
| 140|0x0000000088c00000, 0x0000000088d00000, 0x0000000088d00000|100%| O|  |TAMS 0x0000000088d00000, 0x0000000088c00000| Untracked 
| 141|0x0000000088d00000, 0x0000000088e00000, 0x0000000088e00000|100%| O|  |TAMS 0x0000000088d00000, 0x0000000088d00000| Untracked 
| 142|0x0000000088e00000, 0x0000000088f00000, 0x0000000088f00000|100%| O|  |TAMS 0x0000000088e00000, 0x0000000088e00000| Untracked 
| 143|0x0000000088f00000, 0x0000000089000000, 0x0000000089000000|100%| O|  |TAMS 0x0000000088f00000, 0x0000000088f00000| Untracked 
| 144|0x0000000089000000, 0x0000000089100000, 0x0000000089100000|100%|HS|  |TAMS 0x0000000089100000, 0x0000000089000000| Complete 
| 145|0x0000000089100000, 0x0000000089200000, 0x0000000089200000|100%|HC|  |TAMS 0x0000000089200000, 0x0000000089100000| Complete 
| 146|0x0000000089200000, 0x0000000089300000, 0x0000000089300000|100%|HS|  |TAMS 0x0000000089300000, 0x0000000089200000| Complete 
| 147|0x0000000089300000, 0x0000000089400000, 0x0000000089400000|100%|HS|  |TAMS 0x0000000089400000, 0x0000000089300000| Complete 
| 148|0x0000000089400000, 0x0000000089500000, 0x0000000089500000|100%| O|  |TAMS 0x0000000089500000, 0x0000000089400000| Untracked 
| 149|0x0000000089500000, 0x0000000089600000, 0x0000000089600000|100%|HS|  |TAMS 0x0000000089600000, 0x0000000089500000| Complete 
| 150|0x0000000089600000, 0x0000000089700000, 0x0000000089700000|100%|HS|  |TAMS 0x0000000089700000, 0x0000000089600000| Complete 
| 151|0x0000000089700000, 0x0000000089800000, 0x0000000089800000|100%| O|  |TAMS 0x0000000089800000, 0x0000000089700000| Untracked 
| 152|0x0000000089800000, 0x0000000089900000, 0x0000000089900000|100%| O|  |TAMS 0x0000000089900000, 0x0000000089800000| Untracked 
| 153|0x0000000089900000, 0x0000000089a00000, 0x0000000089a00000|100%|HS|  |TAMS 0x0000000089a00000, 0x0000000089900000| Complete 
| 154|0x0000000089a00000, 0x0000000089b00000, 0x0000000089b00000|100%|HS|  |TAMS 0x0000000089b00000, 0x0000000089a00000| Complete 
| 155|0x0000000089b00000, 0x0000000089c00000, 0x0000000089c00000|100%|HS|  |TAMS 0x0000000089c00000, 0x0000000089b00000| Complete 
| 156|0x0000000089c00000, 0x0000000089d00000, 0x0000000089d00000|100%|HC|  |TAMS 0x0000000089d00000, 0x0000000089c00000| Complete 
| 157|0x0000000089d00000, 0x0000000089e00000, 0x0000000089e00000|100%| O|  |TAMS 0x0000000089e00000, 0x0000000089d00000| Untracked 
| 158|0x0000000089e00000, 0x0000000089f00000, 0x0000000089f00000|100%|HS|  |TAMS 0x0000000089f00000, 0x0000000089e00000| Complete 
| 159|0x0000000089f00000, 0x000000008a000000, 0x000000008a000000|100%|HC|  |TAMS 0x000000008a000000, 0x0000000089f00000| Complete 
| 160|0x000000008a000000, 0x000000008a100000, 0x000000008a100000|100%|HC|  |TAMS 0x000000008a100000, 0x000000008a000000| Complete 
| 161|0x000000008a100000, 0x000000008a200000, 0x000000008a200000|100%| O|  |TAMS 0x000000008a200000, 0x000000008a100000| Untracked 
| 162|0x000000008a200000, 0x000000008a200000, 0x000000008a300000|  0%| F|  |TAMS 0x000000008a200000, 0x000000008a200000| Untracked 
| 163|0x000000008a300000, 0x000000008a400000, 0x000000008a400000|100%| O|  |TAMS 0x000000008a400000, 0x000000008a300000| Untracked 
| 164|0x000000008a400000, 0x000000008a500000, 0x000000008a500000|100%| O|  |TAMS 0x000000008a500000, 0x000000008a400000| Untracked 
| 165|0x000000008a500000, 0x000000008a600000, 0x000000008a600000|100%| O|  |TAMS 0x000000008a600000, 0x000000008a500000| Untracked 
| 166|0x000000008a600000, 0x000000008a700000, 0x000000008a700000|100%| O|  |TAMS 0x000000008a700000, 0x000000008a600000| Untracked 
| 167|0x000000008a700000, 0x000000008a800000, 0x000000008a800000|100%| O|  |TAMS 0x000000008a800000, 0x000000008a700000| Untracked 
| 168|0x000000008a800000, 0x000000008a900000, 0x000000008a900000|100%| O|  |TAMS 0x000000008a900000, 0x000000008a800000| Untracked 
| 169|0x000000008a900000, 0x000000008aa00000, 0x000000008aa00000|100%| O|  |TAMS 0x000000008aa00000, 0x000000008a900000| Untracked 
| 170|0x000000008aa00000, 0x000000008ab00000, 0x000000008ab00000|100%| O|  |TAMS 0x000000008ab00000, 0x000000008aa00000| Untracked 
| 171|0x000000008ab00000, 0x000000008ab00000, 0x000000008ac00000|  0%| F|  |TAMS 0x000000008ab00000, 0x000000008ab00000| Untracked 
| 172|0x000000008ac00000, 0x000000008ac00000, 0x000000008ad00000|  0%| F|  |TAMS 0x000000008ac00000, 0x000000008ac00000| Untracked 
| 173|0x000000008ad00000, 0x000000008ae00000, 0x000000008ae00000|100%| O|  |TAMS 0x000000008ae00000, 0x000000008ad00000| Untracked 
| 174|0x000000008ae00000, 0x000000008af00000, 0x000000008af00000|100%| O|  |TAMS 0x000000008af00000, 0x000000008ae00000| Untracked 
| 175|0x000000008af00000, 0x000000008af00000, 0x000000008b000000|  0%| F|  |TAMS 0x000000008af00000, 0x000000008af00000| Untracked 
| 176|0x000000008b000000, 0x000000008b000000, 0x000000008b100000|  0%| F|  |TAMS 0x000000008b000000, 0x000000008b000000| Untracked 
| 177|0x000000008b100000, 0x000000008b200000, 0x000000008b200000|100%| O|  |TAMS 0x000000008b200000, 0x000000008b100000| Untracked 
| 178|0x000000008b200000, 0x000000008b300000, 0x000000008b300000|100%|HS|  |TAMS 0x000000008b300000, 0x000000008b200000| Complete 
| 179|0x000000008b300000, 0x000000008b400000, 0x000000008b400000|100%| O|  |TAMS 0x000000008b400000, 0x000000008b300000| Untracked 
| 180|0x000000008b400000, 0x000000008b400000, 0x000000008b500000|  0%| F|  |TAMS 0x000000008b400000, 0x000000008b400000| Untracked 
| 181|0x000000008b500000, 0x000000008b600000, 0x000000008b600000|100%| O|  |TAMS 0x000000008b500000, 0x000000008b500000| Untracked 
| 182|0x000000008b600000, 0x000000008b700000, 0x000000008b700000|100%| O|  |TAMS 0x000000008b700000, 0x000000008b600000| Untracked 
| 183|0x000000008b700000, 0x000000008b800000, 0x000000008b800000|100%|HS|  |TAMS 0x000000008b700000, 0x000000008b700000| Complete 
| 184|0x000000008b800000, 0x000000008b900000, 0x000000008b900000|100%| O|  |TAMS 0x000000008b900000, 0x000000008b800000| Untracked 
| 185|0x000000008b900000, 0x000000008ba00000, 0x000000008ba00000|100%| O|  |TAMS 0x000000008b900000, 0x000000008b900000| Untracked 
| 186|0x000000008ba00000, 0x000000008bb00000, 0x000000008bb00000|100%| O|  |TAMS 0x000000008ba00000, 0x000000008ba00000| Untracked 
| 187|0x000000008bb00000, 0x000000008bc00000, 0x000000008bc00000|100%| O|  |TAMS 0x000000008bb00000, 0x000000008bb00000| Untracked 
| 188|0x000000008bc00000, 0x000000008bd00000, 0x000000008bd00000|100%| O|  |TAMS 0x000000008bc00000, 0x000000008bc00000| Untracked 
| 189|0x000000008bd00000, 0x000000008be00000, 0x000000008be00000|100%| O|  |TAMS 0x000000008bd00000, 0x000000008bd00000| Untracked 
| 190|0x000000008be00000, 0x000000008bf00000, 0x000000008bf00000|100%| O|  |TAMS 0x000000008be00000, 0x000000008be00000| Untracked 
| 191|0x000000008bf00000, 0x000000008bf00000, 0x000000008c000000|  0%| F|  |TAMS 0x000000008bf00000, 0x000000008bf00000| Untracked 
| 192|0x000000008c000000, 0x000000008c100000, 0x000000008c100000|100%| O|  |TAMS 0x000000008c100000, 0x000000008c000000| Untracked 
| 193|0x000000008c100000, 0x000000008c200000, 0x000000008c200000|100%| O|  |TAMS 0x000000008c100000, 0x000000008c100000| Untracked 
| 194|0x000000008c200000, 0x000000008c300000, 0x000000008c300000|100%| O|  |TAMS 0x000000008c300000, 0x000000008c200000| Untracked 
| 195|0x000000008c300000, 0x000000008c400000, 0x000000008c400000|100%| O|  |TAMS 0x000000008c400000, 0x000000008c300000| Untracked 
| 196|0x000000008c400000, 0x000000008c500000, 0x000000008c500000|100%| O|  |TAMS 0x000000008c500000, 0x000000008c400000| Untracked 
| 197|0x000000008c500000, 0x000000008c600000, 0x000000008c600000|100%| O|  |TAMS 0x000000008c600000, 0x000000008c500000| Untracked 
| 198|0x000000008c600000, 0x000000008c700000, 0x000000008c700000|100%| O|  |TAMS 0x000000008c600000, 0x000000008c600000| Untracked 
| 199|0x000000008c700000, 0x000000008c800000, 0x000000008c800000|100%| O|  |TAMS 0x000000008c800000, 0x000000008c700000| Untracked 
| 200|0x000000008c800000, 0x000000008c900000, 0x000000008c900000|100%| O|  |TAMS 0x000000008c900000, 0x000000008c800000| Untracked 
| 201|0x000000008c900000, 0x000000008c900000, 0x000000008ca00000|  0%| F|  |TAMS 0x000000008c900000, 0x000000008c900000| Untracked 
| 202|0x000000008ca00000, 0x000000008cb00000, 0x000000008cb00000|100%| O|  |TAMS 0x000000008ca00000, 0x000000008ca00000| Untracked 
| 203|0x000000008cb00000, 0x000000008cc00000, 0x000000008cc00000|100%| O|  |TAMS 0x000000008cc00000, 0x000000008cb00000| Untracked 
| 204|0x000000008cc00000, 0x000000008cd00000, 0x000000008cd00000|100%| O|  |TAMS 0x000000008cd00000, 0x000000008cc00000| Untracked 
| 205|0x000000008cd00000, 0x000000008ce00000, 0x000000008ce00000|100%| O|  |TAMS 0x000000008ce00000, 0x000000008cd00000| Untracked 
| 206|0x000000008ce00000, 0x000000008cf00000, 0x000000008cf00000|100%| O|  |TAMS 0x000000008cf00000, 0x000000008ce00000| Untracked 
| 207|0x000000008cf00000, 0x000000008d000000, 0x000000008d000000|100%| O|  |TAMS 0x000000008cf00000, 0x000000008cf00000| Untracked 
| 208|0x000000008d000000, 0x000000008d100000, 0x000000008d100000|100%| O|  |TAMS 0x000000008d000000, 0x000000008d000000| Untracked 
| 209|0x000000008d100000, 0x000000008d200000, 0x000000008d200000|100%| O|  |TAMS 0x000000008d200000, 0x000000008d100000| Untracked 
| 210|0x000000008d200000, 0x000000008d300000, 0x000000008d300000|100%| O|  |TAMS 0x000000008d300000, 0x000000008d200000| Untracked 
| 211|0x000000008d300000, 0x000000008d300000, 0x000000008d400000|  0%| F|  |TAMS 0x000000008d300000, 0x000000008d300000| Untracked 
| 212|0x000000008d400000, 0x000000008d500000, 0x000000008d500000|100%| O|  |TAMS 0x000000008d400000, 0x000000008d400000| Untracked 
| 213|0x000000008d500000, 0x000000008d600000, 0x000000008d600000|100%| O|  |TAMS 0x000000008d500000, 0x000000008d500000| Untracked 
| 214|0x000000008d600000, 0x000000008d700000, 0x000000008d700000|100%| O|  |TAMS 0x000000008d600000, 0x000000008d600000| Untracked 
| 215|0x000000008d700000, 0x000000008d800000, 0x000000008d800000|100%| O|  |TAMS 0x000000008d700000, 0x000000008d700000| Untracked 
| 216|0x000000008d800000, 0x000000008d900000, 0x000000008d900000|100%|HS|  |TAMS 0x000000008d900000, 0x000000008d800000| Complete 
| 217|0x000000008d900000, 0x000000008da00000, 0x000000008da00000|100%|HC|  |TAMS 0x000000008da00000, 0x000000008d900000| Complete 
| 218|0x000000008da00000, 0x000000008db00000, 0x000000008db00000|100%|HC|  |TAMS 0x000000008db00000, 0x000000008da00000| Complete 
| 219|0x000000008db00000, 0x000000008dc00000, 0x000000008dc00000|100%| O|  |TAMS 0x000000008dc00000, 0x000000008db00000| Untracked 
| 220|0x000000008dc00000, 0x000000008dd00000, 0x000000008dd00000|100%| O|  |TAMS 0x000000008dd00000, 0x000000008dc00000| Untracked 
| 221|0x000000008dd00000, 0x000000008de00000, 0x000000008de00000|100%| O|  |TAMS 0x000000008de00000, 0x000000008dd00000| Untracked 
| 222|0x000000008de00000, 0x000000008df00000, 0x000000008df00000|100%| O|  |TAMS 0x000000008df00000, 0x000000008de00000| Untracked 
| 223|0x000000008df00000, 0x000000008e000000, 0x000000008e000000|100%| O|  |TAMS 0x000000008e000000, 0x000000008df00000| Untracked 
| 224|0x000000008e000000, 0x000000008e100000, 0x000000008e100000|100%| O|  |TAMS 0x000000008e100000, 0x000000008e000000| Untracked 
| 225|0x000000008e100000, 0x000000008e200000, 0x000000008e200000|100%| O|  |TAMS 0x000000008e200000, 0x000000008e100000| Untracked 
| 226|0x000000008e200000, 0x000000008e300000, 0x000000008e300000|100%| O|  |TAMS 0x000000008e300000, 0x000000008e200000| Untracked 
| 227|0x000000008e300000, 0x000000008e400000, 0x000000008e400000|100%| O|  |TAMS 0x000000008e400000, 0x000000008e300000| Untracked 
| 228|0x000000008e400000, 0x000000008e500000, 0x000000008e500000|100%| O|  |TAMS 0x000000008e500000, 0x000000008e400000| Untracked 
| 229|0x000000008e500000, 0x000000008e600000, 0x000000008e600000|100%| O|  |TAMS 0x000000008e500000, 0x000000008e500000| Untracked 
| 230|0x000000008e600000, 0x000000008e700000, 0x000000008e700000|100%| O|  |TAMS 0x000000008e600000, 0x000000008e600000| Untracked 
| 231|0x000000008e700000, 0x000000008e800000, 0x000000008e800000|100%| O|  |TAMS 0x000000008e800000, 0x000000008e700000| Untracked 
| 232|0x000000008e800000, 0x000000008e900000, 0x000000008e900000|100%| O|  |TAMS 0x000000008e800000, 0x000000008e800000| Untracked 
| 233|0x000000008e900000, 0x000000008ea00000, 0x000000008ea00000|100%| O|  |TAMS 0x000000008e900000, 0x000000008e900000| Untracked 
| 234|0x000000008ea00000, 0x000000008eb00000, 0x000000008eb00000|100%| O|  |TAMS 0x000000008eb00000, 0x000000008ea00000| Untracked 
| 235|0x000000008eb00000, 0x000000008ec00000, 0x000000008ec00000|100%| O|  |TAMS 0x000000008eb00000, 0x000000008eb00000| Untracked 
| 236|0x000000008ec00000, 0x000000008ed00000, 0x000000008ed00000|100%| O|  |TAMS 0x000000008ed00000, 0x000000008ec00000| Untracked 
| 237|0x000000008ed00000, 0x000000008ee00000, 0x000000008ee00000|100%| O|  |TAMS 0x000000008ed00000, 0x000000008ed00000| Untracked 
| 238|0x000000008ee00000, 0x000000008ef00000, 0x000000008ef00000|100%| O|  |TAMS 0x000000008ee00000, 0x000000008ee00000| Untracked 
| 239|0x000000008ef00000, 0x000000008f000000, 0x000000008f000000|100%| O|  |TAMS 0x000000008ef00000, 0x000000008ef00000| Untracked 
| 240|0x000000008f000000, 0x000000008f100000, 0x000000008f100000|100%| O|  |TAMS 0x000000008f000000, 0x000000008f000000| Untracked 
| 241|0x000000008f100000, 0x000000008f200000, 0x000000008f200000|100%| O|  |TAMS 0x000000008f200000, 0x000000008f100000| Untracked 
| 242|0x000000008f200000, 0x000000008f300000, 0x000000008f300000|100%| O|  |TAMS 0x000000008f200000, 0x000000008f200000| Untracked 
| 243|0x000000008f300000, 0x000000008f400000, 0x000000008f400000|100%| O|  |TAMS 0x000000008f300000, 0x000000008f300000| Untracked 
| 244|0x000000008f400000, 0x000000008f500000, 0x000000008f500000|100%| O|  |TAMS 0x000000008f500000, 0x000000008f400000| Untracked 
| 245|0x000000008f500000, 0x000000008f600000, 0x000000008f600000|100%| O|  |TAMS 0x000000008f600000, 0x000000008f500000| Untracked 
| 246|0x000000008f600000, 0x000000008f700000, 0x000000008f700000|100%| O|  |TAMS 0x000000008f700000, 0x000000008f600000| Untracked 
| 247|0x000000008f700000, 0x000000008f800000, 0x000000008f800000|100%| O|  |TAMS 0x000000008f800000, 0x000000008f700000| Untracked 
| 248|0x000000008f800000, 0x000000008f900000, 0x000000008f900000|100%| O|  |TAMS 0x000000008f900000, 0x000000008f800000| Untracked 
| 249|0x000000008f900000, 0x000000008fa00000, 0x000000008fa00000|100%|HS|  |TAMS 0x000000008f900000, 0x000000008f900000| Complete 
| 250|0x000000008fa00000, 0x000000008fb00000, 0x000000008fb00000|100%|HC|  |TAMS 0x000000008fa00000, 0x000000008fa00000| Complete 
| 251|0x000000008fb00000, 0x000000008fc00000, 0x000000008fc00000|100%| O|  |TAMS 0x000000008fb00000, 0x000000008fb00000| Untracked 
| 252|0x000000008fc00000, 0x000000008fd00000, 0x000000008fd00000|100%| O|  |TAMS 0x000000008fc00000, 0x000000008fc00000| Untracked 
| 253|0x000000008fd00000, 0x000000008fe00000, 0x000000008fe00000|100%|HS|  |TAMS 0x000000008fd00000, 0x000000008fd00000| Complete 
| 254|0x000000008fe00000, 0x000000008ff00000, 0x000000008ff00000|100%|HC|  |TAMS 0x000000008fe00000, 0x000000008fe00000| Complete 
| 255|0x000000008ff00000, 0x0000000090000000, 0x0000000090000000|100%| O|  |TAMS 0x000000008ff00000, 0x000000008ff00000| Untracked 
| 256|0x0000000090000000, 0x0000000090100000, 0x0000000090100000|100%| O|  |TAMS 0x0000000090000000, 0x0000000090000000| Untracked 
| 257|0x0000000090100000, 0x0000000090200000, 0x0000000090200000|100%| O|  |TAMS 0x0000000090200000, 0x0000000090100000| Untracked 
| 258|0x0000000090200000, 0x0000000090300000, 0x0000000090300000|100%| O|  |TAMS 0x0000000090200000, 0x0000000090200000| Untracked 
| 259|0x0000000090300000, 0x0000000090400000, 0x0000000090400000|100%| O|  |TAMS 0x0000000090300000, 0x0000000090300000| Untracked 
| 260|0x0000000090400000, 0x0000000090500000, 0x0000000090500000|100%| O|  |TAMS 0x0000000090500000, 0x0000000090400000| Untracked 
| 261|0x0000000090500000, 0x0000000090600000, 0x0000000090600000|100%| O|  |TAMS 0x0000000090500000, 0x0000000090500000| Untracked 
| 262|0x0000000090600000, 0x0000000090700000, 0x0000000090700000|100%| O|  |TAMS 0x0000000090600000, 0x0000000090600000| Untracked 
| 263|0x0000000090700000, 0x0000000090800000, 0x0000000090800000|100%| O|  |TAMS 0x0000000090700000, 0x0000000090700000| Untracked 
| 264|0x0000000090800000, 0x0000000090900000, 0x0000000090900000|100%| O|  |TAMS 0x0000000090800000, 0x0000000090800000| Untracked 
| 265|0x0000000090900000, 0x0000000090a00000, 0x0000000090a00000|100%| O|  |TAMS 0x0000000090900000, 0x0000000090900000| Untracked 
| 266|0x0000000090a00000, 0x0000000090b00000, 0x0000000090b00000|100%| O|  |TAMS 0x0000000090a00000, 0x0000000090a00000| Untracked 
| 267|0x0000000090b00000, 0x0000000090c00000, 0x0000000090c00000|100%| O|  |TAMS 0x0000000090c00000, 0x0000000090b00000| Untracked 
| 268|0x0000000090c00000, 0x0000000090d00000, 0x0000000090d00000|100%| O|  |TAMS 0x0000000090c00000, 0x0000000090c00000| Untracked 
| 269|0x0000000090d00000, 0x0000000090e00000, 0x0000000090e00000|100%| O|  |TAMS 0x0000000090d00000, 0x0000000090d00000| Untracked 
| 270|0x0000000090e00000, 0x0000000090f00000, 0x0000000090f00000|100%| O|  |TAMS 0x0000000090e00000, 0x0000000090e00000| Untracked 
| 271|0x0000000090f00000, 0x0000000091000000, 0x0000000091000000|100%| O|  |TAMS 0x0000000090f00000, 0x0000000090f00000| Untracked 
| 272|0x0000000091000000, 0x0000000091000000, 0x0000000091100000|  0%| F|  |TAMS 0x0000000091000000, 0x0000000091000000| Untracked 
| 273|0x0000000091100000, 0x0000000091200000, 0x0000000091200000|100%| O|  |TAMS 0x0000000091100000, 0x0000000091100000| Untracked 
| 274|0x0000000091200000, 0x0000000091300000, 0x0000000091300000|100%| O|  |TAMS 0x0000000091300000, 0x0000000091200000| Untracked 
| 275|0x0000000091300000, 0x0000000091400000, 0x0000000091400000|100%| O|  |TAMS 0x0000000091400000, 0x0000000091300000| Untracked 
| 276|0x0000000091400000, 0x0000000091500000, 0x0000000091500000|100%| O|  |TAMS 0x0000000091500000, 0x0000000091400000| Untracked 
| 277|0x0000000091500000, 0x0000000091600000, 0x0000000091600000|100%| O|  |TAMS 0x0000000091500000, 0x0000000091500000| Untracked 
| 278|0x0000000091600000, 0x0000000091700000, 0x0000000091700000|100%| O|  |TAMS 0x0000000091600000, 0x0000000091600000| Untracked 
| 279|0x0000000091700000, 0x0000000091800000, 0x0000000091800000|100%| O|  |TAMS 0x0000000091800000, 0x0000000091700000| Untracked 
| 280|0x0000000091800000, 0x0000000091900000, 0x0000000091900000|100%| O|  |TAMS 0x0000000091900000, 0x0000000091800000| Untracked 
| 281|0x0000000091900000, 0x0000000091a00000, 0x0000000091a00000|100%| O|  |TAMS 0x0000000091a00000, 0x0000000091900000| Untracked 
| 282|0x0000000091a00000, 0x0000000091b00000, 0x0000000091b00000|100%| O|  |TAMS 0x0000000091b00000, 0x0000000091a00000| Untracked 
| 283|0x0000000091b00000, 0x0000000091c00000, 0x0000000091c00000|100%| O|  |TAMS 0x0000000091b00000, 0x0000000091b00000| Untracked 
| 284|0x0000000091c00000, 0x0000000091d00000, 0x0000000091d00000|100%| O|  |TAMS 0x0000000091c00000, 0x0000000091c00000| Untracked 
| 285|0x0000000091d00000, 0x0000000091e00000, 0x0000000091e00000|100%| O|  |TAMS 0x0000000091e00000, 0x0000000091d00000| Untracked 
| 286|0x0000000091e00000, 0x0000000091f00000, 0x0000000091f00000|100%| O|  |TAMS 0x0000000091f00000, 0x0000000091e00000| Untracked 
| 287|0x0000000091f00000, 0x0000000092000000, 0x0000000092000000|100%| O|  |TAMS 0x0000000092000000, 0x0000000091f00000| Untracked 
| 288|0x0000000092000000, 0x0000000092100000, 0x0000000092100000|100%| O|  |TAMS 0x0000000092100000, 0x0000000092000000| Untracked 
| 289|0x0000000092100000, 0x0000000092200000, 0x0000000092200000|100%| O|  |TAMS 0x0000000092200000, 0x0000000092100000| Untracked 
| 290|0x0000000092200000, 0x0000000092300000, 0x0000000092300000|100%| O|  |TAMS 0x0000000092300000, 0x0000000092200000| Untracked 
| 291|0x0000000092300000, 0x0000000092400000, 0x0000000092400000|100%| O|  |TAMS 0x0000000092400000, 0x0000000092300000| Untracked 
| 292|0x0000000092400000, 0x0000000092500000, 0x0000000092500000|100%| O|  |TAMS 0x0000000092500000, 0x0000000092400000| Untracked 
| 293|0x0000000092500000, 0x0000000092600000, 0x0000000092600000|100%| O|  |TAMS 0x0000000092600000, 0x0000000092500000| Untracked 
| 294|0x0000000092600000, 0x0000000092700000, 0x0000000092700000|100%| O|  |TAMS 0x0000000092700000, 0x0000000092600000| Untracked 
| 295|0x0000000092700000, 0x0000000092800000, 0x0000000092800000|100%| O|  |TAMS 0x0000000092800000, 0x0000000092700000| Untracked 
| 296|0x0000000092800000, 0x0000000092900000, 0x0000000092900000|100%| O|  |TAMS 0x0000000092900000, 0x0000000092800000| Untracked 
| 297|0x0000000092900000, 0x0000000092a00000, 0x0000000092a00000|100%| O|  |TAMS 0x0000000092a00000, 0x0000000092900000| Untracked 
| 298|0x0000000092a00000, 0x0000000092b00000, 0x0000000092b00000|100%| O|  |TAMS 0x0000000092b00000, 0x0000000092a00000| Untracked 
| 299|0x0000000092b00000, 0x0000000092c00000, 0x0000000092c00000|100%| O|  |TAMS 0x0000000092c00000, 0x0000000092b00000| Untracked 
| 300|0x0000000092c00000, 0x0000000092d00000, 0x0000000092d00000|100%| O|  |TAMS 0x0000000092d00000, 0x0000000092c00000| Untracked 
| 301|0x0000000092d00000, 0x0000000092e00000, 0x0000000092e00000|100%| O|  |TAMS 0x0000000092e00000, 0x0000000092d00000| Untracked 
| 302|0x0000000092e00000, 0x0000000092f00000, 0x0000000092f00000|100%| O|  |TAMS 0x0000000092e00000, 0x0000000092e00000| Untracked 
| 303|0x0000000092f00000, 0x0000000093000000, 0x0000000093000000|100%| O|  |TAMS 0x0000000092f00000, 0x0000000092f00000| Untracked 
| 304|0x0000000093000000, 0x0000000093000000, 0x0000000093100000|  0%| F|  |TAMS 0x0000000093000000, 0x0000000093000000| Untracked 
| 305|0x0000000093100000, 0x0000000093200000, 0x0000000093200000|100%| O|  |TAMS 0x0000000093100000, 0x0000000093100000| Untracked 
| 306|0x0000000093200000, 0x0000000093300000, 0x0000000093300000|100%| O|  |TAMS 0x0000000093200000, 0x0000000093200000| Untracked 
| 307|0x0000000093300000, 0x0000000093300000, 0x0000000093400000|  0%| F|  |TAMS 0x0000000093300000, 0x0000000093300000| Untracked 
| 308|0x0000000093400000, 0x0000000093500000, 0x0000000093500000|100%| O|  |TAMS 0x0000000093400000, 0x0000000093400000| Untracked 
| 309|0x0000000093500000, 0x0000000093600000, 0x0000000093600000|100%| O|  |TAMS 0x0000000093500000, 0x0000000093500000| Untracked 
| 310|0x0000000093600000, 0x0000000093700000, 0x0000000093700000|100%| O|  |TAMS 0x0000000093600000, 0x0000000093600000| Untracked 
| 311|0x0000000093700000, 0x0000000093800000, 0x0000000093800000|100%| O|  |TAMS 0x0000000093800000, 0x0000000093700000| Untracked 
| 312|0x0000000093800000, 0x0000000093900000, 0x0000000093900000|100%| O|  |TAMS 0x0000000093800000, 0x0000000093800000| Untracked 
| 313|0x0000000093900000, 0x0000000093a00000, 0x0000000093a00000|100%| O|  |TAMS 0x0000000093900000, 0x0000000093900000| Untracked 
| 314|0x0000000093a00000, 0x0000000093b00000, 0x0000000093b00000|100%| O|  |TAMS 0x0000000093a00000, 0x0000000093a00000| Untracked 
| 315|0x0000000093b00000, 0x0000000093c00000, 0x0000000093c00000|100%| O|  |TAMS 0x0000000093b00000, 0x0000000093b00000| Untracked 
| 316|0x0000000093c00000, 0x0000000093d00000, 0x0000000093d00000|100%| O|  |TAMS 0x0000000093c00000, 0x0000000093c00000| Untracked 
| 317|0x0000000093d00000, 0x0000000093e00000, 0x0000000093e00000|100%| O|  |TAMS 0x0000000093d00000, 0x0000000093d00000| Untracked 
| 318|0x0000000093e00000, 0x0000000093e00000, 0x0000000093f00000|  0%| F|  |TAMS 0x0000000093e00000, 0x0000000093e00000| Untracked 
| 319|0x0000000093f00000, 0x0000000094000000, 0x0000000094000000|100%| O|  |TAMS 0x0000000093f00000, 0x0000000093f00000| Untracked 
| 320|0x0000000094000000, 0x0000000094100000, 0x0000000094100000|100%| O|  |TAMS 0x0000000094100000, 0x0000000094000000| Untracked 
| 321|0x0000000094100000, 0x0000000094200000, 0x0000000094200000|100%| O|  |TAMS 0x0000000094200000, 0x0000000094100000| Untracked 
| 322|0x0000000094200000, 0x0000000094300000, 0x0000000094300000|100%| O|  |TAMS 0x0000000094300000, 0x0000000094200000| Untracked 
| 323|0x0000000094300000, 0x0000000094400000, 0x0000000094400000|100%| O|  |TAMS 0x0000000094300000, 0x0000000094300000| Untracked 
| 324|0x0000000094400000, 0x0000000094500000, 0x0000000094500000|100%| O|  |TAMS 0x0000000094400000, 0x0000000094400000| Untracked 
| 325|0x0000000094500000, 0x0000000094600000, 0x0000000094600000|100%| O|  |TAMS 0x0000000094500000, 0x0000000094500000| Untracked 
| 326|0x0000000094600000, 0x0000000094700000, 0x0000000094700000|100%| O|  |TAMS 0x0000000094700000, 0x0000000094600000| Untracked 
| 327|0x0000000094700000, 0x0000000094800000, 0x0000000094800000|100%| O|  |TAMS 0x0000000094800000, 0x0000000094700000| Untracked 
| 328|0x0000000094800000, 0x0000000094900000, 0x0000000094900000|100%| O|  |TAMS 0x0000000094900000, 0x0000000094800000| Untracked 
| 329|0x0000000094900000, 0x0000000094900000, 0x0000000094a00000|  0%| F|  |TAMS 0x0000000094900000, 0x0000000094900000| Untracked 
| 330|0x0000000094a00000, 0x0000000094b00000, 0x0000000094b00000|100%| O|  |TAMS 0x0000000094b00000, 0x0000000094a00000| Untracked 
| 331|0x0000000094b00000, 0x0000000094c00000, 0x0000000094c00000|100%| O|  |TAMS 0x0000000094c00000, 0x0000000094b00000| Untracked 
| 332|0x0000000094c00000, 0x0000000094d00000, 0x0000000094d00000|100%| O|  |TAMS 0x0000000094c00000, 0x0000000094c00000| Untracked 
| 333|0x0000000094d00000, 0x0000000094e00000, 0x0000000094e00000|100%| O|  |TAMS 0x0000000094e00000, 0x0000000094d00000| Untracked 
| 334|0x0000000094e00000, 0x0000000094f00000, 0x0000000094f00000|100%| O|  |TAMS 0x0000000094e00000, 0x0000000094e00000| Untracked 
| 335|0x0000000094f00000, 0x0000000095000000, 0x0000000095000000|100%| O|  |TAMS 0x0000000095000000, 0x0000000094f00000| Untracked 
| 336|0x0000000095000000, 0x0000000095000000, 0x0000000095100000|  0%| F|  |TAMS 0x0000000095000000, 0x0000000095000000| Untracked 
| 337|0x0000000095100000, 0x0000000095200000, 0x0000000095200000|100%| O|  |TAMS 0x0000000095200000, 0x0000000095100000| Untracked 
| 338|0x0000000095200000, 0x0000000095300000, 0x0000000095300000|100%| O|  |TAMS 0x0000000095200000, 0x0000000095200000| Untracked 
| 339|0x0000000095300000, 0x0000000095400000, 0x0000000095400000|100%| O|  |TAMS 0x0000000095300000, 0x0000000095300000| Untracked 
| 340|0x0000000095400000, 0x0000000095500000, 0x0000000095500000|100%| O|  |TAMS 0x0000000095500000, 0x0000000095400000| Untracked 
| 341|0x0000000095500000, 0x0000000095500000, 0x0000000095600000|  0%| F|  |TAMS 0x0000000095500000, 0x0000000095500000| Untracked 
| 342|0x0000000095600000, 0x0000000095700000, 0x0000000095700000|100%| O|  |TAMS 0x0000000095700000, 0x0000000095600000| Untracked 
| 343|0x0000000095700000, 0x0000000095700000, 0x0000000095800000|  0%| F|  |TAMS 0x0000000095700000, 0x0000000095700000| Untracked 
| 344|0x0000000095800000, 0x0000000095900000, 0x0000000095900000|100%| O|  |TAMS 0x0000000095900000, 0x0000000095800000| Untracked 
| 345|0x0000000095900000, 0x0000000095900000, 0x0000000095a00000|  0%| F|  |TAMS 0x0000000095900000, 0x0000000095900000| Untracked 
| 346|0x0000000095a00000, 0x0000000095b00000, 0x0000000095b00000|100%| O|  |TAMS 0x0000000095a00000, 0x0000000095a00000| Untracked 
| 347|0x0000000095b00000, 0x0000000095b00000, 0x0000000095c00000|  0%| F|  |TAMS 0x0000000095b00000, 0x0000000095b00000| Untracked 
| 348|0x0000000095c00000, 0x0000000095d00000, 0x0000000095d00000|100%| O|  |TAMS 0x0000000095d00000, 0x0000000095c00000| Untracked 
| 349|0x0000000095d00000, 0x0000000095e00000, 0x0000000095e00000|100%| O|  |TAMS 0x0000000095e00000, 0x0000000095d00000| Untracked 
| 350|0x0000000095e00000, 0x0000000095f00000, 0x0000000095f00000|100%| O|  |TAMS 0x0000000095f00000, 0x0000000095e00000| Untracked 
| 351|0x0000000095f00000, 0x0000000096000000, 0x0000000096000000|100%| O|  |TAMS 0x0000000096000000, 0x0000000095f00000| Untracked 
| 352|0x0000000096000000, 0x0000000096100000, 0x0000000096100000|100%| O|  |TAMS 0x0000000096100000, 0x0000000096000000| Untracked 
| 353|0x0000000096100000, 0x0000000096200000, 0x0000000096200000|100%| O|  |TAMS 0x0000000096100000, 0x0000000096100000| Untracked 
| 354|0x0000000096200000, 0x0000000096300000, 0x0000000096300000|100%| O|  |TAMS 0x0000000096300000, 0x0000000096200000| Untracked 
| 355|0x0000000096300000, 0x0000000096400000, 0x0000000096400000|100%| O|  |TAMS 0x0000000096400000, 0x0000000096300000| Untracked 
| 356|0x0000000096400000, 0x0000000096500000, 0x0000000096500000|100%| O|  |TAMS 0x0000000096500000, 0x0000000096400000| Untracked 
| 357|0x0000000096500000, 0x0000000096600000, 0x0000000096600000|100%| O|  |TAMS 0x0000000096500000, 0x0000000096500000| Untracked 
| 358|0x0000000096600000, 0x0000000096700000, 0x0000000096700000|100%| O|  |TAMS 0x0000000096700000, 0x0000000096600000| Untracked 
| 359|0x0000000096700000, 0x0000000096800000, 0x0000000096800000|100%| O|  |TAMS 0x0000000096800000, 0x0000000096700000| Untracked 
| 360|0x0000000096800000, 0x0000000096900000, 0x0000000096900000|100%| O|  |TAMS 0x0000000096900000, 0x0000000096800000| Untracked 
| 361|0x0000000096900000, 0x0000000096900000, 0x0000000096a00000|  0%| F|  |TAMS 0x0000000096900000, 0x0000000096900000| Untracked 
| 362|0x0000000096a00000, 0x0000000096b00000, 0x0000000096b00000|100%| O|  |TAMS 0x0000000096b00000, 0x0000000096a00000| Untracked 
| 363|0x0000000096b00000, 0x0000000096c00000, 0x0000000096c00000|100%| O|  |TAMS 0x0000000096c00000, 0x0000000096b00000| Untracked 
| 364|0x0000000096c00000, 0x0000000096c00000, 0x0000000096d00000|  0%| F|  |TAMS 0x0000000096c00000, 0x0000000096c00000| Untracked 
| 365|0x0000000096d00000, 0x0000000096e00000, 0x0000000096e00000|100%| O|  |TAMS 0x0000000096e00000, 0x0000000096d00000| Untracked 
| 366|0x0000000096e00000, 0x0000000096f00000, 0x0000000096f00000|100%| O|  |TAMS 0x0000000096f00000, 0x0000000096e00000| Untracked 
| 367|0x0000000096f00000, 0x0000000096f00000, 0x0000000097000000|  0%| F|  |TAMS 0x0000000096f00000, 0x0000000096f00000| Untracked 
| 368|0x0000000097000000, 0x0000000097000000, 0x0000000097100000|  0%| F|  |TAMS 0x0000000097000000, 0x0000000097000000| Untracked 
| 369|0x0000000097100000, 0x0000000097100000, 0x0000000097200000|  0%| F|  |TAMS 0x0000000097100000, 0x0000000097100000| Untracked 
| 370|0x0000000097200000, 0x0000000097300000, 0x0000000097300000|100%| O|  |TAMS 0x0000000097200000, 0x0000000097200000| Untracked 
| 371|0x0000000097300000, 0x0000000097400000, 0x0000000097400000|100%| O|  |TAMS 0x0000000097300000, 0x0000000097300000| Untracked 
| 372|0x0000000097400000, 0x0000000097500000, 0x0000000097500000|100%| O|  |TAMS 0x0000000097400000, 0x0000000097400000| Untracked 
| 373|0x0000000097500000, 0x0000000097500000, 0x0000000097600000|  0%| F|  |TAMS 0x0000000097500000, 0x0000000097500000| Untracked 
| 374|0x0000000097600000, 0x0000000097600000, 0x0000000097700000|  0%| F|  |TAMS 0x0000000097600000, 0x0000000097600000| Untracked 
| 375|0x0000000097700000, 0x0000000097700000, 0x0000000097800000|  0%| F|  |TAMS 0x0000000097700000, 0x0000000097700000| Untracked 
| 376|0x0000000097800000, 0x0000000097800000, 0x0000000097900000|  0%| F|  |TAMS 0x0000000097800000, 0x0000000097800000| Untracked 
| 377|0x0000000097900000, 0x0000000097900000, 0x0000000097a00000|  0%| F|  |TAMS 0x0000000097900000, 0x0000000097900000| Untracked 
| 378|0x0000000097a00000, 0x0000000097a00000, 0x0000000097b00000|  0%| F|  |TAMS 0x0000000097a00000, 0x0000000097a00000| Untracked 
| 379|0x0000000097b00000, 0x0000000097c00000, 0x0000000097c00000|100%| O|  |TAMS 0x0000000097b00000, 0x0000000097b00000| Untracked 
| 380|0x0000000097c00000, 0x0000000097d00000, 0x0000000097d00000|100%| O|  |TAMS 0x0000000097c00000, 0x0000000097c00000| Untracked 
| 381|0x0000000097d00000, 0x0000000097e00000, 0x0000000097e00000|100%| O|  |TAMS 0x0000000097d00000, 0x0000000097d00000| Untracked 
| 382|0x0000000097e00000, 0x0000000097f00000, 0x0000000097f00000|100%| O|  |TAMS 0x0000000097e00000, 0x0000000097e00000| Untracked 
| 383|0x0000000097f00000, 0x0000000097f00000, 0x0000000098000000|  0%| F|  |TAMS 0x0000000097f00000, 0x0000000097f00000| Untracked 
| 384|0x0000000098000000, 0x0000000098000000, 0x0000000098100000|  0%| F|  |TAMS 0x0000000098000000, 0x0000000098000000| Untracked 
| 385|0x0000000098100000, 0x0000000098100000, 0x0000000098200000|  0%| F|  |TAMS 0x0000000098100000, 0x0000000098100000| Untracked 
| 386|0x0000000098200000, 0x0000000098200000, 0x0000000098300000|  0%| F|  |TAMS 0x0000000098200000, 0x0000000098200000| Untracked 
| 387|0x0000000098300000, 0x0000000098300000, 0x0000000098400000|  0%| F|  |TAMS 0x0000000098300000, 0x0000000098300000| Untracked 
| 388|0x0000000098400000, 0x0000000098400000, 0x0000000098500000|  0%| F|  |TAMS 0x0000000098400000, 0x0000000098400000| Untracked 
| 389|0x0000000098500000, 0x0000000098600000, 0x0000000098600000|100%| O|  |TAMS 0x0000000098500000, 0x0000000098500000| Untracked 
| 390|0x0000000098600000, 0x0000000098700000, 0x0000000098700000|100%| O|  |TAMS 0x0000000098600000, 0x0000000098600000| Untracked 
| 391|0x0000000098700000, 0x0000000098800000, 0x0000000098800000|100%| O|  |TAMS 0x0000000098700000, 0x0000000098700000| Untracked 
| 392|0x0000000098800000, 0x0000000098900000, 0x0000000098900000|100%| O|  |TAMS 0x0000000098800000, 0x0000000098800000| Untracked 
| 393|0x0000000098900000, 0x0000000098a00000, 0x0000000098a00000|100%| O|  |TAMS 0x0000000098900000, 0x0000000098900000| Untracked 
| 394|0x0000000098a00000, 0x0000000098b00000, 0x0000000098b00000|100%| O|  |TAMS 0x0000000098a00000, 0x0000000098a00000| Untracked 
| 395|0x0000000098b00000, 0x0000000098c00000, 0x0000000098c00000|100%| O|  |TAMS 0x0000000098b00000, 0x0000000098b00000| Untracked 
| 396|0x0000000098c00000, 0x0000000098d00000, 0x0000000098d00000|100%| O|  |TAMS 0x0000000098c00000, 0x0000000098c00000| Untracked 
| 397|0x0000000098d00000, 0x0000000098d00000, 0x0000000098e00000|  0%| F|  |TAMS 0x0000000098d00000, 0x0000000098d00000| Untracked 
| 398|0x0000000098e00000, 0x0000000098e00000, 0x0000000098f00000|  0%| F|  |TAMS 0x0000000098e00000, 0x0000000098e00000| Untracked 
| 399|0x0000000098f00000, 0x0000000098f00000, 0x0000000099000000|  0%| F|  |TAMS 0x0000000098f00000, 0x0000000098f00000| Untracked 
| 400|0x0000000099000000, 0x0000000099000000, 0x0000000099100000|  0%| F|  |TAMS 0x0000000099000000, 0x0000000099000000| Untracked 
| 401|0x0000000099100000, 0x0000000099100000, 0x0000000099200000|  0%| F|  |TAMS 0x0000000099100000, 0x0000000099100000| Untracked 
| 402|0x0000000099200000, 0x0000000099200000, 0x0000000099300000|  0%| F|  |TAMS 0x0000000099200000, 0x0000000099200000| Untracked 
| 403|0x0000000099300000, 0x0000000099300000, 0x0000000099400000|  0%| F|  |TAMS 0x0000000099300000, 0x0000000099300000| Untracked 
| 404|0x0000000099400000, 0x0000000099400000, 0x0000000099500000|  0%| F|  |TAMS 0x0000000099400000, 0x0000000099400000| Untracked 
| 405|0x0000000099500000, 0x0000000099500000, 0x0000000099600000|  0%| F|  |TAMS 0x0000000099500000, 0x0000000099500000| Untracked 
| 406|0x0000000099600000, 0x0000000099600000, 0x0000000099700000|  0%| F|  |TAMS 0x0000000099600000, 0x0000000099600000| Untracked 
| 407|0x0000000099700000, 0x0000000099700000, 0x0000000099800000|  0%| F|  |TAMS 0x0000000099700000, 0x0000000099700000| Untracked 
| 408|0x0000000099800000, 0x0000000099800000, 0x0000000099900000|  0%| F|  |TAMS 0x0000000099800000, 0x0000000099800000| Untracked 
| 409|0x0000000099900000, 0x0000000099900000, 0x0000000099a00000|  0%| F|  |TAMS 0x0000000099900000, 0x0000000099900000| Untracked 
| 410|0x0000000099a00000, 0x0000000099a00000, 0x0000000099b00000|  0%| F|  |TAMS 0x0000000099a00000, 0x0000000099a00000| Untracked 
| 411|0x0000000099b00000, 0x0000000099b00000, 0x0000000099c00000|  0%| F|  |TAMS 0x0000000099b00000, 0x0000000099b00000| Untracked 
| 412|0x0000000099c00000, 0x0000000099c00000, 0x0000000099d00000|  0%| F|  |TAMS 0x0000000099c00000, 0x0000000099c00000| Untracked 
| 413|0x0000000099d00000, 0x0000000099d00000, 0x0000000099e00000|  0%| F|  |TAMS 0x0000000099d00000, 0x0000000099d00000| Untracked 
| 414|0x0000000099e00000, 0x0000000099f00000, 0x0000000099f00000|100%| O|  |TAMS 0x0000000099f00000, 0x0000000099e00000| Untracked 
| 415|0x0000000099f00000, 0x000000009a000000, 0x000000009a000000|100%| O|  |TAMS 0x000000009a000000, 0x0000000099f00000| Untracked 
| 416|0x000000009a000000, 0x000000009a100000, 0x000000009a100000|100%| O|  |TAMS 0x000000009a100000, 0x000000009a000000| Untracked 
| 417|0x000000009a100000, 0x000000009a100000, 0x000000009a200000|  0%| F|  |TAMS 0x000000009a100000, 0x000000009a100000| Untracked 
| 418|0x000000009a200000, 0x000000009a200000, 0x000000009a300000|  0%| F|  |TAMS 0x000000009a200000, 0x000000009a200000| Untracked 
| 419|0x000000009a300000, 0x000000009a300000, 0x000000009a400000|  0%| F|  |TAMS 0x000000009a300000, 0x000000009a300000| Untracked 
| 420|0x000000009a400000, 0x000000009a400000, 0x000000009a500000|  0%| F|  |TAMS 0x000000009a400000, 0x000000009a400000| Untracked 
| 421|0x000000009a500000, 0x000000009a500000, 0x000000009a600000|  0%| F|  |TAMS 0x000000009a500000, 0x000000009a500000| Untracked 
| 422|0x000000009a600000, 0x000000009a600000, 0x000000009a700000|  0%| F|  |TAMS 0x000000009a600000, 0x000000009a600000| Untracked 
| 423|0x000000009a700000, 0x000000009a700000, 0x000000009a800000|  0%| F|  |TAMS 0x000000009a700000, 0x000000009a700000| Untracked 
| 424|0x000000009a800000, 0x000000009a800000, 0x000000009a900000|  0%| F|  |TAMS 0x000000009a800000, 0x000000009a800000| Untracked 
| 425|0x000000009a900000, 0x000000009aa00000, 0x000000009aa00000|100%| O|  |TAMS 0x000000009aa00000, 0x000000009a900000| Untracked 
| 426|0x000000009aa00000, 0x000000009aa00000, 0x000000009ab00000|  0%| F|  |TAMS 0x000000009aa00000, 0x000000009aa00000| Untracked 
| 427|0x000000009ab00000, 0x000000009ab00000, 0x000000009ac00000|  0%| F|  |TAMS 0x000000009ab00000, 0x000000009ab00000| Untracked 
| 428|0x000000009ac00000, 0x000000009ac00000, 0x000000009ad00000|  0%| F|  |TAMS 0x000000009ac00000, 0x000000009ac00000| Untracked 
| 429|0x000000009ad00000, 0x000000009ad00000, 0x000000009ae00000|  0%| F|  |TAMS 0x000000009ad00000, 0x000000009ad00000| Untracked 
| 430|0x000000009ae00000, 0x000000009ae00000, 0x000000009af00000|  0%| F|  |TAMS 0x000000009ae00000, 0x000000009ae00000| Untracked 
| 431|0x000000009af00000, 0x000000009af00000, 0x000000009b000000|  0%| F|  |TAMS 0x000000009af00000, 0x000000009af00000| Untracked 
| 432|0x000000009b000000, 0x000000009b000000, 0x000000009b100000|  0%| F|  |TAMS 0x000000009b000000, 0x000000009b000000| Untracked 
| 433|0x000000009b100000, 0x000000009b100000, 0x000000009b200000|  0%| F|  |TAMS 0x000000009b100000, 0x000000009b100000| Untracked 
| 434|0x000000009b200000, 0x000000009b200000, 0x000000009b300000|  0%| F|  |TAMS 0x000000009b200000, 0x000000009b200000| Untracked 
| 435|0x000000009b300000, 0x000000009b300000, 0x000000009b400000|  0%| F|  |TAMS 0x000000009b300000, 0x000000009b300000| Untracked 
| 436|0x000000009b400000, 0x000000009b400000, 0x000000009b500000|  0%| F|  |TAMS 0x000000009b400000, 0x000000009b400000| Untracked 
| 437|0x000000009b500000, 0x000000009b500000, 0x000000009b600000|  0%| F|  |TAMS 0x000000009b500000, 0x000000009b500000| Untracked 
| 438|0x000000009b600000, 0x000000009b600000, 0x000000009b700000|  0%| F|  |TAMS 0x000000009b600000, 0x000000009b600000| Untracked 
| 439|0x000000009b700000, 0x000000009b700000, 0x000000009b800000|  0%| F|  |TAMS 0x000000009b700000, 0x000000009b700000| Untracked 
| 440|0x000000009b800000, 0x000000009b800000, 0x000000009b900000|  0%| F|  |TAMS 0x000000009b800000, 0x000000009b800000| Untracked 
| 441|0x000000009b900000, 0x000000009b900000, 0x000000009ba00000|  0%| F|  |TAMS 0x000000009b900000, 0x000000009b900000| Untracked 
| 442|0x000000009ba00000, 0x000000009ba00000, 0x000000009bb00000|  0%| F|  |TAMS 0x000000009ba00000, 0x000000009ba00000| Untracked 
| 443|0x000000009bb00000, 0x000000009bb00000, 0x000000009bc00000|  0%| F|  |TAMS 0x000000009bb00000, 0x000000009bb00000| Untracked 
| 444|0x000000009bc00000, 0x000000009bc00000, 0x000000009bd00000|  0%| F|  |TAMS 0x000000009bc00000, 0x000000009bc00000| Untracked 
| 445|0x000000009bd00000, 0x000000009bd00000, 0x000000009be00000|  0%| F|  |TAMS 0x000000009bd00000, 0x000000009bd00000| Untracked 
| 446|0x000000009be00000, 0x000000009be00000, 0x000000009bf00000|  0%| F|  |TAMS 0x000000009be00000, 0x000000009be00000| Untracked 
| 447|0x000000009bf00000, 0x000000009bf00000, 0x000000009c000000|  0%| F|  |TAMS 0x000000009bf00000, 0x000000009bf00000| Untracked 
| 448|0x000000009c000000, 0x000000009c000000, 0x000000009c100000|  0%| F|  |TAMS 0x000000009c000000, 0x000000009c000000| Untracked 
| 449|0x000000009c100000, 0x000000009c100000, 0x000000009c200000|  0%| F|  |TAMS 0x000000009c100000, 0x000000009c100000| Untracked 
| 450|0x000000009c200000, 0x000000009c200000, 0x000000009c300000|  0%| F|  |TAMS 0x000000009c200000, 0x000000009c200000| Untracked 
| 451|0x000000009c300000, 0x000000009c300000, 0x000000009c400000|  0%| F|  |TAMS 0x000000009c300000, 0x000000009c300000| Untracked 
| 452|0x000000009c400000, 0x000000009c400000, 0x000000009c500000|  0%| F|  |TAMS 0x000000009c400000, 0x000000009c400000| Untracked 
| 453|0x000000009c500000, 0x000000009c500000, 0x000000009c600000|  0%| F|  |TAMS 0x000000009c500000, 0x000000009c500000| Untracked 
| 454|0x000000009c600000, 0x000000009c600000, 0x000000009c700000|  0%| F|  |TAMS 0x000000009c600000, 0x000000009c600000| Untracked 
| 455|0x000000009c700000, 0x000000009c700000, 0x000000009c800000|  0%| F|  |TAMS 0x000000009c700000, 0x000000009c700000| Untracked 
| 456|0x000000009c800000, 0x000000009c800000, 0x000000009c900000|  0%| F|  |TAMS 0x000000009c800000, 0x000000009c800000| Untracked 
| 457|0x000000009c900000, 0x000000009c900000, 0x000000009ca00000|  0%| F|  |TAMS 0x000000009c900000, 0x000000009c900000| Untracked 
| 458|0x000000009ca00000, 0x000000009ca00000, 0x000000009cb00000|  0%| F|  |TAMS 0x000000009ca00000, 0x000000009ca00000| Untracked 
| 459|0x000000009cb00000, 0x000000009cb00000, 0x000000009cc00000|  0%| F|  |TAMS 0x000000009cb00000, 0x000000009cb00000| Untracked 
| 460|0x000000009cc00000, 0x000000009cc00000, 0x000000009cd00000|  0%| F|  |TAMS 0x000000009cc00000, 0x000000009cc00000| Untracked 
| 461|0x000000009cd00000, 0x000000009cd00000, 0x000000009ce00000|  0%| F|  |TAMS 0x000000009cd00000, 0x000000009cd00000| Untracked 
| 462|0x000000009ce00000, 0x000000009ce00000, 0x000000009cf00000|  0%| F|  |TAMS 0x000000009ce00000, 0x000000009ce00000| Untracked 
| 463|0x000000009cf00000, 0x000000009cf00000, 0x000000009d000000|  0%| F|  |TAMS 0x000000009cf00000, 0x000000009cf00000| Untracked 
| 464|0x000000009d000000, 0x000000009d000000, 0x000000009d100000|  0%| F|  |TAMS 0x000000009d000000, 0x000000009d000000| Untracked 
| 465|0x000000009d100000, 0x000000009d100000, 0x000000009d200000|  0%| F|  |TAMS 0x000000009d100000, 0x000000009d100000| Untracked 
| 466|0x000000009d200000, 0x000000009d200000, 0x000000009d300000|  0%| F|  |TAMS 0x000000009d200000, 0x000000009d200000| Untracked 
| 467|0x000000009d300000, 0x000000009d300000, 0x000000009d400000|  0%| F|  |TAMS 0x000000009d300000, 0x000000009d300000| Untracked 
| 468|0x000000009d400000, 0x000000009d400000, 0x000000009d500000|  0%| F|  |TAMS 0x000000009d400000, 0x000000009d400000| Untracked 
| 469|0x000000009d500000, 0x000000009d500000, 0x000000009d600000|  0%| F|  |TAMS 0x000000009d500000, 0x000000009d500000| Untracked 
| 470|0x000000009d600000, 0x000000009d600000, 0x000000009d700000|  0%| F|  |TAMS 0x000000009d600000, 0x000000009d600000| Untracked 
| 471|0x000000009d700000, 0x000000009d700000, 0x000000009d800000|  0%| F|  |TAMS 0x000000009d700000, 0x000000009d700000| Untracked 
| 472|0x000000009d800000, 0x000000009d800000, 0x000000009d900000|  0%| F|  |TAMS 0x000000009d800000, 0x000000009d800000| Untracked 
| 473|0x000000009d900000, 0x000000009d900000, 0x000000009da00000|  0%| F|  |TAMS 0x000000009d900000, 0x000000009d900000| Untracked 
| 474|0x000000009da00000, 0x000000009da00000, 0x000000009db00000|  0%| F|  |TAMS 0x000000009da00000, 0x000000009da00000| Untracked 
| 475|0x000000009db00000, 0x000000009db00000, 0x000000009dc00000|  0%| F|  |TAMS 0x000000009db00000, 0x000000009db00000| Untracked 
| 476|0x000000009dc00000, 0x000000009dc00000, 0x000000009dd00000|  0%| F|  |TAMS 0x000000009dc00000, 0x000000009dc00000| Untracked 
| 477|0x000000009dd00000, 0x000000009dd00000, 0x000000009de00000|  0%| F|  |TAMS 0x000000009dd00000, 0x000000009dd00000| Untracked 
| 478|0x000000009de00000, 0x000000009de00000, 0x000000009df00000|  0%| F|  |TAMS 0x000000009de00000, 0x000000009de00000| Untracked 
| 479|0x000000009df00000, 0x000000009df00000, 0x000000009e000000|  0%| F|  |TAMS 0x000000009df00000, 0x000000009df00000| Untracked 
| 480|0x000000009e000000, 0x000000009e000000, 0x000000009e100000|  0%| F|  |TAMS 0x000000009e000000, 0x000000009e000000| Untracked 
| 481|0x000000009e100000, 0x000000009e100000, 0x000000009e200000|  0%| F|  |TAMS 0x000000009e100000, 0x000000009e100000| Untracked 
| 482|0x000000009e200000, 0x000000009e200000, 0x000000009e300000|  0%| F|  |TAMS 0x000000009e200000, 0x000000009e200000| Untracked 
| 483|0x000000009e300000, 0x000000009e300000, 0x000000009e400000|  0%| F|  |TAMS 0x000000009e300000, 0x000000009e300000| Untracked 
| 484|0x000000009e400000, 0x000000009e400000, 0x000000009e500000|  0%| F|  |TAMS 0x000000009e400000, 0x000000009e400000| Untracked 
| 485|0x000000009e500000, 0x000000009e500000, 0x000000009e600000|  0%| F|  |TAMS 0x000000009e500000, 0x000000009e500000| Untracked 
| 486|0x000000009e600000, 0x000000009e600000, 0x000000009e700000|  0%| F|  |TAMS 0x000000009e600000, 0x000000009e600000| Untracked 
| 487|0x000000009e700000, 0x000000009e700000, 0x000000009e800000|  0%| F|  |TAMS 0x000000009e700000, 0x000000009e700000| Untracked 
| 488|0x000000009e800000, 0x000000009e800000, 0x000000009e900000|  0%| F|  |TAMS 0x000000009e800000, 0x000000009e800000| Untracked 
| 489|0x000000009e900000, 0x000000009e900000, 0x000000009ea00000|  0%| F|  |TAMS 0x000000009e900000, 0x000000009e900000| Untracked 
| 490|0x000000009ea00000, 0x000000009ea00000, 0x000000009eb00000|  0%| F|  |TAMS 0x000000009ea00000, 0x000000009ea00000| Untracked 
| 491|0x000000009eb00000, 0x000000009eb00000, 0x000000009ec00000|  0%| F|  |TAMS 0x000000009eb00000, 0x000000009eb00000| Untracked 
| 492|0x000000009ec00000, 0x000000009ec00000, 0x000000009ed00000|  0%| F|  |TAMS 0x000000009ec00000, 0x000000009ec00000| Untracked 
| 493|0x000000009ed00000, 0x000000009ed00000, 0x000000009ee00000|  0%| F|  |TAMS 0x000000009ed00000, 0x000000009ed00000| Untracked 
| 494|0x000000009ee00000, 0x000000009ee00000, 0x000000009ef00000|  0%| F|  |TAMS 0x000000009ee00000, 0x000000009ee00000| Untracked 
| 495|0x000000009ef00000, 0x000000009ef00000, 0x000000009f000000|  0%| F|  |TAMS 0x000000009ef00000, 0x000000009ef00000| Untracked 
| 496|0x000000009f000000, 0x000000009f000000, 0x000000009f100000|  0%| F|  |TAMS 0x000000009f000000, 0x000000009f000000| Untracked 
| 497|0x000000009f100000, 0x000000009f100000, 0x000000009f200000|  0%| F|  |TAMS 0x000000009f100000, 0x000000009f100000| Untracked 
| 498|0x000000009f200000, 0x000000009f200000, 0x000000009f300000|  0%| F|  |TAMS 0x000000009f200000, 0x000000009f200000| Untracked 
| 499|0x000000009f300000, 0x000000009f300000, 0x000000009f400000|  0%| F|  |TAMS 0x000000009f300000, 0x000000009f300000| Untracked 
| 500|0x000000009f400000, 0x000000009f400000, 0x000000009f500000|  0%| F|  |TAMS 0x000000009f400000, 0x000000009f400000| Untracked 
| 501|0x000000009f500000, 0x000000009f500000, 0x000000009f600000|  0%| F|  |TAMS 0x000000009f500000, 0x000000009f500000| Untracked 
| 502|0x000000009f600000, 0x000000009f600000, 0x000000009f700000|  0%| F|  |TAMS 0x000000009f600000, 0x000000009f600000| Untracked 
| 503|0x000000009f700000, 0x000000009f700000, 0x000000009f800000|  0%| F|  |TAMS 0x000000009f700000, 0x000000009f700000| Untracked 
| 504|0x000000009f800000, 0x000000009f800000, 0x000000009f900000|  0%| F|  |TAMS 0x000000009f800000, 0x000000009f800000| Untracked 
| 505|0x000000009f900000, 0x000000009f900000, 0x000000009fa00000|  0%| F|  |TAMS 0x000000009f900000, 0x000000009f900000| Untracked 
| 506|0x000000009fa00000, 0x000000009fa00000, 0x000000009fb00000|  0%| F|  |TAMS 0x000000009fa00000, 0x000000009fa00000| Untracked 
| 507|0x000000009fb00000, 0x000000009fb00000, 0x000000009fc00000|  0%| F|  |TAMS 0x000000009fb00000, 0x000000009fb00000| Untracked 
| 508|0x000000009fc00000, 0x000000009fc00000, 0x000000009fd00000|  0%| F|  |TAMS 0x000000009fc00000, 0x000000009fc00000| Untracked 
| 509|0x000000009fd00000, 0x000000009fd00000, 0x000000009fe00000|  0%| F|  |TAMS 0x000000009fd00000, 0x000000009fd00000| Untracked 
| 510|0x000000009fe00000, 0x000000009fe00000, 0x000000009ff00000|  0%| F|  |TAMS 0x000000009fe00000, 0x000000009fe00000| Untracked 
| 511|0x000000009ff00000, 0x000000009ff00000, 0x00000000a0000000|  0%| F|  |TAMS 0x000000009ff00000, 0x000000009ff00000| Untracked 
| 512|0x00000000a0000000, 0x00000000a0000000, 0x00000000a0100000|  0%| F|  |TAMS 0x00000000a0000000, 0x00000000a0000000| Untracked 
| 513|0x00000000a0100000, 0x00000000a0100000, 0x00000000a0200000|  0%| F|  |TAMS 0x00000000a0100000, 0x00000000a0100000| Untracked 
| 514|0x00000000a0200000, 0x00000000a0200000, 0x00000000a0300000|  0%| F|  |TAMS 0x00000000a0200000, 0x00000000a0200000| Untracked 
| 515|0x00000000a0300000, 0x00000000a0300000, 0x00000000a0400000|  0%| F|  |TAMS 0x00000000a0300000, 0x00000000a0300000| Untracked 
| 516|0x00000000a0400000, 0x00000000a0400000, 0x00000000a0500000|  0%| F|  |TAMS 0x00000000a0400000, 0x00000000a0400000| Untracked 
| 517|0x00000000a0500000, 0x00000000a0500000, 0x00000000a0600000|  0%| F|  |TAMS 0x00000000a0500000, 0x00000000a0500000| Untracked 
| 518|0x00000000a0600000, 0x00000000a0600000, 0x00000000a0700000|  0%| F|  |TAMS 0x00000000a0600000, 0x00000000a0600000| Untracked 
| 519|0x00000000a0700000, 0x00000000a0700000, 0x00000000a0800000|  0%| F|  |TAMS 0x00000000a0700000, 0x00000000a0700000| Untracked 
| 520|0x00000000a0800000, 0x00000000a0800000, 0x00000000a0900000|  0%| F|  |TAMS 0x00000000a0800000, 0x00000000a0800000| Untracked 
| 521|0x00000000a0900000, 0x00000000a0900000, 0x00000000a0a00000|  0%| F|  |TAMS 0x00000000a0900000, 0x00000000a0900000| Untracked 
| 522|0x00000000a0a00000, 0x00000000a0a00000, 0x00000000a0b00000|  0%| F|  |TAMS 0x00000000a0a00000, 0x00000000a0a00000| Untracked 
| 523|0x00000000a0b00000, 0x00000000a0b00000, 0x00000000a0c00000|  0%| F|  |TAMS 0x00000000a0b00000, 0x00000000a0b00000| Untracked 
| 524|0x00000000a0c00000, 0x00000000a0c00000, 0x00000000a0d00000|  0%| F|  |TAMS 0x00000000a0c00000, 0x00000000a0c00000| Untracked 
| 525|0x00000000a0d00000, 0x00000000a0d00000, 0x00000000a0e00000|  0%| F|  |TAMS 0x00000000a0d00000, 0x00000000a0d00000| Untracked 
| 526|0x00000000a0e00000, 0x00000000a0e00000, 0x00000000a0f00000|  0%| F|  |TAMS 0x00000000a0e00000, 0x00000000a0e00000| Untracked 
| 527|0x00000000a0f00000, 0x00000000a0f00000, 0x00000000a1000000|  0%| F|  |TAMS 0x00000000a0f00000, 0x00000000a0f00000| Untracked 
| 528|0x00000000a1000000, 0x00000000a1000000, 0x00000000a1100000|  0%| F|  |TAMS 0x00000000a1000000, 0x00000000a1000000| Untracked 
| 529|0x00000000a1100000, 0x00000000a1100000, 0x00000000a1200000|  0%| F|  |TAMS 0x00000000a1100000, 0x00000000a1100000| Untracked 
| 530|0x00000000a1200000, 0x00000000a1200000, 0x00000000a1300000|  0%| F|  |TAMS 0x00000000a1200000, 0x00000000a1200000| Untracked 
| 531|0x00000000a1300000, 0x00000000a1300000, 0x00000000a1400000|  0%| F|  |TAMS 0x00000000a1300000, 0x00000000a1300000| Untracked 
| 532|0x00000000a1400000, 0x00000000a1400000, 0x00000000a1500000|  0%| F|  |TAMS 0x00000000a1400000, 0x00000000a1400000| Untracked 
| 533|0x00000000a1500000, 0x00000000a1500000, 0x00000000a1600000|  0%| F|  |TAMS 0x00000000a1500000, 0x00000000a1500000| Untracked 
| 534|0x00000000a1600000, 0x00000000a1600000, 0x00000000a1700000|  0%| F|  |TAMS 0x00000000a1600000, 0x00000000a1600000| Untracked 
| 535|0x00000000a1700000, 0x00000000a1700000, 0x00000000a1800000|  0%| F|  |TAMS 0x00000000a1700000, 0x00000000a1700000| Untracked 
| 536|0x00000000a1800000, 0x00000000a1800000, 0x00000000a1900000|  0%| F|  |TAMS 0x00000000a1800000, 0x00000000a1800000| Untracked 
| 537|0x00000000a1900000, 0x00000000a1900000, 0x00000000a1a00000|  0%| F|  |TAMS 0x00000000a1900000, 0x00000000a1900000| Untracked 
| 538|0x00000000a1a00000, 0x00000000a1a00000, 0x00000000a1b00000|  0%| F|  |TAMS 0x00000000a1a00000, 0x00000000a1a00000| Untracked 
| 539|0x00000000a1b00000, 0x00000000a1b00000, 0x00000000a1c00000|  0%| F|  |TAMS 0x00000000a1b00000, 0x00000000a1b00000| Untracked 
| 540|0x00000000a1c00000, 0x00000000a1c00000, 0x00000000a1d00000|  0%| F|  |TAMS 0x00000000a1c00000, 0x00000000a1c00000| Untracked 
| 541|0x00000000a1d00000, 0x00000000a1d00000, 0x00000000a1e00000|  0%| F|  |TAMS 0x00000000a1d00000, 0x00000000a1d00000| Untracked 
| 542|0x00000000a1e00000, 0x00000000a1e00000, 0x00000000a1f00000|  0%| F|  |TAMS 0x00000000a1e00000, 0x00000000a1e00000| Untracked 
| 543|0x00000000a1f00000, 0x00000000a1f00000, 0x00000000a2000000|  0%| F|  |TAMS 0x00000000a1f00000, 0x00000000a1f00000| Untracked 
| 544|0x00000000a2000000, 0x00000000a2000000, 0x00000000a2100000|  0%| F|  |TAMS 0x00000000a2000000, 0x00000000a2000000| Untracked 
| 545|0x00000000a2100000, 0x00000000a2100000, 0x00000000a2200000|  0%| F|  |TAMS 0x00000000a2100000, 0x00000000a2100000| Untracked 
| 546|0x00000000a2200000, 0x00000000a2200000, 0x00000000a2300000|  0%| F|  |TAMS 0x00000000a2200000, 0x00000000a2200000| Untracked 
| 547|0x00000000a2300000, 0x00000000a2300000, 0x00000000a2400000|  0%| F|  |TAMS 0x00000000a2300000, 0x00000000a2300000| Untracked 
| 548|0x00000000a2400000, 0x00000000a2400000, 0x00000000a2500000|  0%| F|  |TAMS 0x00000000a2400000, 0x00000000a2400000| Untracked 
| 549|0x00000000a2500000, 0x00000000a2500000, 0x00000000a2600000|  0%| F|  |TAMS 0x00000000a2500000, 0x00000000a2500000| Untracked 
| 550|0x00000000a2600000, 0x00000000a2600000, 0x00000000a2700000|  0%| F|  |TAMS 0x00000000a2600000, 0x00000000a2600000| Untracked 
| 551|0x00000000a2700000, 0x00000000a2700000, 0x00000000a2800000|  0%| F|  |TAMS 0x00000000a2700000, 0x00000000a2700000| Untracked 
| 552|0x00000000a2800000, 0x00000000a2800000, 0x00000000a2900000|  0%| F|  |TAMS 0x00000000a2800000, 0x00000000a2800000| Untracked 
| 553|0x00000000a2900000, 0x00000000a2900000, 0x00000000a2a00000|  0%| F|  |TAMS 0x00000000a2900000, 0x00000000a2900000| Untracked 
| 554|0x00000000a2a00000, 0x00000000a2a00000, 0x00000000a2b00000|  0%| F|  |TAMS 0x00000000a2a00000, 0x00000000a2a00000| Untracked 
| 555|0x00000000a2b00000, 0x00000000a2b00000, 0x00000000a2c00000|  0%| F|  |TAMS 0x00000000a2b00000, 0x00000000a2b00000| Untracked 
| 556|0x00000000a2c00000, 0x00000000a2c00000, 0x00000000a2d00000|  0%| F|  |TAMS 0x00000000a2c00000, 0x00000000a2c00000| Untracked 
| 557|0x00000000a2d00000, 0x00000000a2d00000, 0x00000000a2e00000|  0%| F|  |TAMS 0x00000000a2d00000, 0x00000000a2d00000| Untracked 
| 558|0x00000000a2e00000, 0x00000000a2e00000, 0x00000000a2f00000|  0%| F|  |TAMS 0x00000000a2e00000, 0x00000000a2e00000| Untracked 
| 559|0x00000000a2f00000, 0x00000000a2f00000, 0x00000000a3000000|  0%| F|  |TAMS 0x00000000a2f00000, 0x00000000a2f00000| Untracked 
| 560|0x00000000a3000000, 0x00000000a3000000, 0x00000000a3100000|  0%| F|  |TAMS 0x00000000a3000000, 0x00000000a3000000| Untracked 
| 561|0x00000000a3100000, 0x00000000a3100000, 0x00000000a3200000|  0%| F|  |TAMS 0x00000000a3100000, 0x00000000a3100000| Untracked 
| 562|0x00000000a3200000, 0x00000000a3200000, 0x00000000a3300000|  0%| F|  |TAMS 0x00000000a3200000, 0x00000000a3200000| Untracked 
| 563|0x00000000a3300000, 0x00000000a3300000, 0x00000000a3400000|  0%| F|  |TAMS 0x00000000a3300000, 0x00000000a3300000| Untracked 
| 564|0x00000000a3400000, 0x00000000a3400000, 0x00000000a3500000|  0%| F|  |TAMS 0x00000000a3400000, 0x00000000a3400000| Untracked 
| 565|0x00000000a3500000, 0x00000000a3500000, 0x00000000a3600000|  0%| F|  |TAMS 0x00000000a3500000, 0x00000000a3500000| Untracked 
| 566|0x00000000a3600000, 0x00000000a3600000, 0x00000000a3700000|  0%| F|  |TAMS 0x00000000a3600000, 0x00000000a3600000| Untracked 
| 567|0x00000000a3700000, 0x00000000a3700000, 0x00000000a3800000|  0%| F|  |TAMS 0x00000000a3700000, 0x00000000a3700000| Untracked 
| 568|0x00000000a3800000, 0x00000000a3800000, 0x00000000a3900000|  0%| F|  |TAMS 0x00000000a3800000, 0x00000000a3800000| Untracked 
| 569|0x00000000a3900000, 0x00000000a3900000, 0x00000000a3a00000|  0%| F|  |TAMS 0x00000000a3900000, 0x00000000a3900000| Untracked 
| 570|0x00000000a3a00000, 0x00000000a3a00000, 0x00000000a3b00000|  0%| F|  |TAMS 0x00000000a3a00000, 0x00000000a3a00000| Untracked 
| 571|0x00000000a3b00000, 0x00000000a3b00000, 0x00000000a3c00000|  0%| F|  |TAMS 0x00000000a3b00000, 0x00000000a3b00000| Untracked 
| 572|0x00000000a3c00000, 0x00000000a3c00000, 0x00000000a3d00000|  0%| F|  |TAMS 0x00000000a3c00000, 0x00000000a3c00000| Untracked 
| 573|0x00000000a3d00000, 0x00000000a3d00000, 0x00000000a3e00000|  0%| F|  |TAMS 0x00000000a3d00000, 0x00000000a3d00000| Untracked 
| 574|0x00000000a3e00000, 0x00000000a3e00000, 0x00000000a3f00000|  0%| F|  |TAMS 0x00000000a3e00000, 0x00000000a3e00000| Untracked 
| 575|0x00000000a3f00000, 0x00000000a3f00000, 0x00000000a4000000|  0%| F|  |TAMS 0x00000000a3f00000, 0x00000000a3f00000| Untracked 
| 576|0x00000000a4000000, 0x00000000a4000000, 0x00000000a4100000|  0%| F|  |TAMS 0x00000000a4000000, 0x00000000a4000000| Untracked 
| 577|0x00000000a4100000, 0x00000000a4200000, 0x00000000a4200000|100%| O|  |TAMS 0x00000000a4200000, 0x00000000a4100000| Untracked 
| 578|0x00000000a4200000, 0x00000000a4200000, 0x00000000a4300000|  0%| F|  |TAMS 0x00000000a4200000, 0x00000000a4200000| Untracked 
| 579|0x00000000a4300000, 0x00000000a4300000, 0x00000000a4400000|  0%| F|  |TAMS 0x00000000a4300000, 0x00000000a4300000| Untracked 
| 580|0x00000000a4400000, 0x00000000a4400000, 0x00000000a4500000|  0%| F|  |TAMS 0x00000000a4400000, 0x00000000a4400000| Untracked 
| 581|0x00000000a4500000, 0x00000000a4500000, 0x00000000a4600000|  0%| F|  |TAMS 0x00000000a4500000, 0x00000000a4500000| Untracked 
| 582|0x00000000a4600000, 0x00000000a4600000, 0x00000000a4700000|  0%| F|  |TAMS 0x00000000a4600000, 0x00000000a4600000| Untracked 
| 583|0x00000000a4700000, 0x00000000a4700000, 0x00000000a4800000|  0%| F|  |TAMS 0x00000000a4700000, 0x00000000a4700000| Untracked 
| 584|0x00000000a4800000, 0x00000000a4800000, 0x00000000a4900000|  0%| F|  |TAMS 0x00000000a4800000, 0x00000000a4800000| Untracked 
| 585|0x00000000a4900000, 0x00000000a4900000, 0x00000000a4a00000|  0%| F|  |TAMS 0x00000000a4900000, 0x00000000a4900000| Untracked 
| 586|0x00000000a4a00000, 0x00000000a4a00000, 0x00000000a4b00000|  0%| F|  |TAMS 0x00000000a4a00000, 0x00000000a4a00000| Untracked 
| 587|0x00000000a4b00000, 0x00000000a4b00000, 0x00000000a4c00000|  0%| F|  |TAMS 0x00000000a4b00000, 0x00000000a4b00000| Untracked 
| 588|0x00000000a4c00000, 0x00000000a4c00000, 0x00000000a4d00000|  0%| F|  |TAMS 0x00000000a4c00000, 0x00000000a4c00000| Untracked 
| 589|0x00000000a4d00000, 0x00000000a4d00000, 0x00000000a4e00000|  0%| F|  |TAMS 0x00000000a4d00000, 0x00000000a4d00000| Untracked 
| 590|0x00000000a4e00000, 0x00000000a4e00000, 0x00000000a4f00000|  0%| F|  |TAMS 0x00000000a4e00000, 0x00000000a4e00000| Untracked 
| 591|0x00000000a4f00000, 0x00000000a4f00000, 0x00000000a5000000|  0%| F|  |TAMS 0x00000000a4f00000, 0x00000000a4f00000| Untracked 
| 592|0x00000000a5000000, 0x00000000a5000000, 0x00000000a5100000|  0%| F|  |TAMS 0x00000000a5000000, 0x00000000a5000000| Untracked 
| 593|0x00000000a5100000, 0x00000000a5100000, 0x00000000a5200000|  0%| F|  |TAMS 0x00000000a5100000, 0x00000000a5100000| Untracked 
| 594|0x00000000a5200000, 0x00000000a5200000, 0x00000000a5300000|  0%| F|  |TAMS 0x00000000a5200000, 0x00000000a5200000| Untracked 
| 595|0x00000000a5300000, 0x00000000a5300000, 0x00000000a5400000|  0%| F|  |TAMS 0x00000000a5300000, 0x00000000a5300000| Untracked 
| 596|0x00000000a5400000, 0x00000000a5400000, 0x00000000a5500000|  0%| F|  |TAMS 0x00000000a5400000, 0x00000000a5400000| Untracked 
| 597|0x00000000a5500000, 0x00000000a5500000, 0x00000000a5600000|  0%| F|  |TAMS 0x00000000a5500000, 0x00000000a5500000| Untracked 
| 598|0x00000000a5600000, 0x00000000a5600000, 0x00000000a5700000|  0%| F|  |TAMS 0x00000000a5600000, 0x00000000a5600000| Untracked 
| 599|0x00000000a5700000, 0x00000000a5700000, 0x00000000a5800000|  0%| F|  |TAMS 0x00000000a5700000, 0x00000000a5700000| Untracked 
| 600|0x00000000a5800000, 0x00000000a5800000, 0x00000000a5900000|  0%| F|  |TAMS 0x00000000a5800000, 0x00000000a5800000| Untracked 
| 601|0x00000000a5900000, 0x00000000a5900000, 0x00000000a5a00000|  0%| F|  |TAMS 0x00000000a5900000, 0x00000000a5900000| Untracked 
| 602|0x00000000a5a00000, 0x00000000a5a00000, 0x00000000a5b00000|  0%| F|  |TAMS 0x00000000a5a00000, 0x00000000a5a00000| Untracked 
| 603|0x00000000a5b00000, 0x00000000a5b00000, 0x00000000a5c00000|  0%| F|  |TAMS 0x00000000a5b00000, 0x00000000a5b00000| Untracked 
| 604|0x00000000a5c00000, 0x00000000a5c00000, 0x00000000a5d00000|  0%| F|  |TAMS 0x00000000a5c00000, 0x00000000a5c00000| Untracked 
| 605|0x00000000a5d00000, 0x00000000a5d00000, 0x00000000a5e00000|  0%| F|  |TAMS 0x00000000a5d00000, 0x00000000a5d00000| Untracked 
| 606|0x00000000a5e00000, 0x00000000a5e00000, 0x00000000a5f00000|  0%| F|  |TAMS 0x00000000a5e00000, 0x00000000a5e00000| Untracked 
| 607|0x00000000a5f00000, 0x00000000a5f00000, 0x00000000a6000000|  0%| F|  |TAMS 0x00000000a5f00000, 0x00000000a5f00000| Untracked 
| 608|0x00000000a6000000, 0x00000000a6000000, 0x00000000a6100000|  0%| F|  |TAMS 0x00000000a6000000, 0x00000000a6000000| Untracked 
| 609|0x00000000a6100000, 0x00000000a6100000, 0x00000000a6200000|  0%| F|  |TAMS 0x00000000a6100000, 0x00000000a6100000| Untracked 
| 610|0x00000000a6200000, 0x00000000a6200000, 0x00000000a6300000|  0%| F|  |TAMS 0x00000000a6200000, 0x00000000a6200000| Untracked 
| 611|0x00000000a6300000, 0x00000000a6300000, 0x00000000a6400000|  0%| F|  |TAMS 0x00000000a6300000, 0x00000000a6300000| Untracked 
| 612|0x00000000a6400000, 0x00000000a6400000, 0x00000000a6500000|  0%| F|  |TAMS 0x00000000a6400000, 0x00000000a6400000| Untracked 
| 613|0x00000000a6500000, 0x00000000a6500000, 0x00000000a6600000|  0%| F|  |TAMS 0x00000000a6500000, 0x00000000a6500000| Untracked 
| 614|0x00000000a6600000, 0x00000000a6600000, 0x00000000a6700000|  0%| F|  |TAMS 0x00000000a6600000, 0x00000000a6600000| Untracked 
| 615|0x00000000a6700000, 0x00000000a6700000, 0x00000000a6800000|  0%| F|  |TAMS 0x00000000a6700000, 0x00000000a6700000| Untracked 
| 616|0x00000000a6800000, 0x00000000a6800000, 0x00000000a6900000|  0%| F|  |TAMS 0x00000000a6800000, 0x00000000a6800000| Untracked 
| 617|0x00000000a6900000, 0x00000000a6900000, 0x00000000a6a00000|  0%| F|  |TAMS 0x00000000a6900000, 0x00000000a6900000| Untracked 
| 618|0x00000000a6a00000, 0x00000000a6a00000, 0x00000000a6b00000|  0%| F|  |TAMS 0x00000000a6a00000, 0x00000000a6a00000| Untracked 
| 619|0x00000000a6b00000, 0x00000000a6b00000, 0x00000000a6c00000|  0%| F|  |TAMS 0x00000000a6b00000, 0x00000000a6b00000| Untracked 
| 620|0x00000000a6c00000, 0x00000000a6c00000, 0x00000000a6d00000|  0%| F|  |TAMS 0x00000000a6c00000, 0x00000000a6c00000| Untracked 
| 621|0x00000000a6d00000, 0x00000000a6d00000, 0x00000000a6e00000|  0%| F|  |TAMS 0x00000000a6d00000, 0x00000000a6d00000| Untracked 
| 622|0x00000000a6e00000, 0x00000000a6e00000, 0x00000000a6f00000|  0%| F|  |TAMS 0x00000000a6e00000, 0x00000000a6e00000| Untracked 
| 623|0x00000000a6f00000, 0x00000000a6f00000, 0x00000000a7000000|  0%| F|  |TAMS 0x00000000a6f00000, 0x00000000a6f00000| Untracked 
| 624|0x00000000a7000000, 0x00000000a7000000, 0x00000000a7100000|  0%| F|  |TAMS 0x00000000a7000000, 0x00000000a7000000| Untracked 
| 625|0x00000000a7100000, 0x00000000a7100000, 0x00000000a7200000|  0%| F|  |TAMS 0x00000000a7100000, 0x00000000a7100000| Untracked 
| 626|0x00000000a7200000, 0x00000000a7200000, 0x00000000a7300000|  0%| F|  |TAMS 0x00000000a7200000, 0x00000000a7200000| Untracked 
| 627|0x00000000a7300000, 0x00000000a7300000, 0x00000000a7400000|  0%| F|  |TAMS 0x00000000a7300000, 0x00000000a7300000| Untracked 
| 628|0x00000000a7400000, 0x00000000a7400000, 0x00000000a7500000|  0%| F|  |TAMS 0x00000000a7400000, 0x00000000a7400000| Untracked 
| 629|0x00000000a7500000, 0x00000000a7500000, 0x00000000a7600000|  0%| F|  |TAMS 0x00000000a7500000, 0x00000000a7500000| Untracked 
| 630|0x00000000a7600000, 0x00000000a7600000, 0x00000000a7700000|  0%| F|  |TAMS 0x00000000a7600000, 0x00000000a7600000| Untracked 
| 631|0x00000000a7700000, 0x00000000a7700000, 0x00000000a7800000|  0%| F|  |TAMS 0x00000000a7700000, 0x00000000a7700000| Untracked 
| 632|0x00000000a7800000, 0x00000000a7800000, 0x00000000a7900000|  0%| F|  |TAMS 0x00000000a7800000, 0x00000000a7800000| Untracked 
| 633|0x00000000a7900000, 0x00000000a7900000, 0x00000000a7a00000|  0%| F|  |TAMS 0x00000000a7900000, 0x00000000a7900000| Untracked 
| 634|0x00000000a7a00000, 0x00000000a7a00000, 0x00000000a7b00000|  0%| F|  |TAMS 0x00000000a7a00000, 0x00000000a7a00000| Untracked 
| 635|0x00000000a7b00000, 0x00000000a7b00000, 0x00000000a7c00000|  0%| F|  |TAMS 0x00000000a7b00000, 0x00000000a7b00000| Untracked 
| 636|0x00000000a7c00000, 0x00000000a7c00000, 0x00000000a7d00000|  0%| F|  |TAMS 0x00000000a7c00000, 0x00000000a7c00000| Untracked 
| 637|0x00000000a7d00000, 0x00000000a7d00000, 0x00000000a7e00000|  0%| F|  |TAMS 0x00000000a7d00000, 0x00000000a7d00000| Untracked 
| 638|0x00000000a7e00000, 0x00000000a7e00000, 0x00000000a7f00000|  0%| F|  |TAMS 0x00000000a7e00000, 0x00000000a7e00000| Untracked 
| 639|0x00000000a7f00000, 0x00000000a7f00000, 0x00000000a8000000|  0%| F|  |TAMS 0x00000000a7f00000, 0x00000000a7f00000| Untracked 
| 640|0x00000000a8000000, 0x00000000a8000000, 0x00000000a8100000|  0%| F|  |TAMS 0x00000000a8000000, 0x00000000a8000000| Untracked 
| 641|0x00000000a8100000, 0x00000000a8100000, 0x00000000a8200000|  0%| F|  |TAMS 0x00000000a8100000, 0x00000000a8100000| Untracked 
| 642|0x00000000a8200000, 0x00000000a8200000, 0x00000000a8300000|  0%| F|  |TAMS 0x00000000a8200000, 0x00000000a8200000| Untracked 
| 643|0x00000000a8300000, 0x00000000a8300000, 0x00000000a8400000|  0%| F|  |TAMS 0x00000000a8300000, 0x00000000a8300000| Untracked 
| 644|0x00000000a8400000, 0x00000000a8400000, 0x00000000a8500000|  0%| F|  |TAMS 0x00000000a8400000, 0x00000000a8400000| Untracked 
| 645|0x00000000a8500000, 0x00000000a8500000, 0x00000000a8600000|  0%| F|  |TAMS 0x00000000a8500000, 0x00000000a8500000| Untracked 
| 646|0x00000000a8600000, 0x00000000a8600000, 0x00000000a8700000|  0%| F|  |TAMS 0x00000000a8600000, 0x00000000a8600000| Untracked 
| 647|0x00000000a8700000, 0x00000000a8700000, 0x00000000a8800000|  0%| F|  |TAMS 0x00000000a8700000, 0x00000000a8700000| Untracked 
| 648|0x00000000a8800000, 0x00000000a8800000, 0x00000000a8900000|  0%| F|  |TAMS 0x00000000a8800000, 0x00000000a8800000| Untracked 
| 649|0x00000000a8900000, 0x00000000a8900000, 0x00000000a8a00000|  0%| F|  |TAMS 0x00000000a8900000, 0x00000000a8900000| Untracked 
| 650|0x00000000a8a00000, 0x00000000a8a00000, 0x00000000a8b00000|  0%| F|  |TAMS 0x00000000a8a00000, 0x00000000a8a00000| Untracked 
| 651|0x00000000a8b00000, 0x00000000a8b00000, 0x00000000a8c00000|  0%| F|  |TAMS 0x00000000a8b00000, 0x00000000a8b00000| Untracked 
| 652|0x00000000a8c00000, 0x00000000a8c00000, 0x00000000a8d00000|  0%| F|  |TAMS 0x00000000a8c00000, 0x00000000a8c00000| Untracked 
| 653|0x00000000a8d00000, 0x00000000a8d00000, 0x00000000a8e00000|  0%| F|  |TAMS 0x00000000a8d00000, 0x00000000a8d00000| Untracked 
| 654|0x00000000a8e00000, 0x00000000a8e00000, 0x00000000a8f00000|  0%| F|  |TAMS 0x00000000a8e00000, 0x00000000a8e00000| Untracked 
| 655|0x00000000a8f00000, 0x00000000a8f00000, 0x00000000a9000000|  0%| F|  |TAMS 0x00000000a8f00000, 0x00000000a8f00000| Untracked 
| 656|0x00000000a9000000, 0x00000000a9000000, 0x00000000a9100000|  0%| F|  |TAMS 0x00000000a9000000, 0x00000000a9000000| Untracked 
| 657|0x00000000a9100000, 0x00000000a9100000, 0x00000000a9200000|  0%| F|  |TAMS 0x00000000a9100000, 0x00000000a9100000| Untracked 
| 658|0x00000000a9200000, 0x00000000a9200000, 0x00000000a9300000|  0%| F|  |TAMS 0x00000000a9200000, 0x00000000a9200000| Untracked 
| 659|0x00000000a9300000, 0x00000000a9300000, 0x00000000a9400000|  0%| F|  |TAMS 0x00000000a9300000, 0x00000000a9300000| Untracked 
| 660|0x00000000a9400000, 0x00000000a9400000, 0x00000000a9500000|  0%| F|  |TAMS 0x00000000a9400000, 0x00000000a9400000| Untracked 
| 661|0x00000000a9500000, 0x00000000a9500000, 0x00000000a9600000|  0%| F|  |TAMS 0x00000000a9500000, 0x00000000a9500000| Untracked 
| 662|0x00000000a9600000, 0x00000000a9600000, 0x00000000a9700000|  0%| F|  |TAMS 0x00000000a9600000, 0x00000000a9600000| Untracked 
| 663|0x00000000a9700000, 0x00000000a9700000, 0x00000000a9800000|  0%| F|  |TAMS 0x00000000a9700000, 0x00000000a9700000| Untracked 
| 664|0x00000000a9800000, 0x00000000a9800000, 0x00000000a9900000|  0%| F|  |TAMS 0x00000000a9800000, 0x00000000a9800000| Untracked 
| 665|0x00000000a9900000, 0x00000000a9900000, 0x00000000a9a00000|  0%| F|  |TAMS 0x00000000a9900000, 0x00000000a9900000| Untracked 
| 666|0x00000000a9a00000, 0x00000000a9a00000, 0x00000000a9b00000|  0%| F|  |TAMS 0x00000000a9a00000, 0x00000000a9a00000| Untracked 
| 667|0x00000000a9b00000, 0x00000000a9b00000, 0x00000000a9c00000|  0%| F|  |TAMS 0x00000000a9b00000, 0x00000000a9b00000| Untracked 
| 668|0x00000000a9c00000, 0x00000000a9c00000, 0x00000000a9d00000|  0%| F|  |TAMS 0x00000000a9c00000, 0x00000000a9c00000| Untracked 
| 669|0x00000000a9d00000, 0x00000000a9d00000, 0x00000000a9e00000|  0%| F|  |TAMS 0x00000000a9d00000, 0x00000000a9d00000| Untracked 
| 670|0x00000000a9e00000, 0x00000000a9e00000, 0x00000000a9f00000|  0%| F|  |TAMS 0x00000000a9e00000, 0x00000000a9e00000| Untracked 
| 671|0x00000000a9f00000, 0x00000000a9f00000, 0x00000000aa000000|  0%| F|  |TAMS 0x00000000a9f00000, 0x00000000a9f00000| Untracked 
| 672|0x00000000aa000000, 0x00000000aa000000, 0x00000000aa100000|  0%| F|  |TAMS 0x00000000aa000000, 0x00000000aa000000| Untracked 
| 673|0x00000000aa100000, 0x00000000aa100000, 0x00000000aa200000|  0%| F|  |TAMS 0x00000000aa100000, 0x00000000aa100000| Untracked 
| 674|0x00000000aa200000, 0x00000000aa200000, 0x00000000aa300000|  0%| F|  |TAMS 0x00000000aa200000, 0x00000000aa200000| Untracked 
| 675|0x00000000aa300000, 0x00000000aa300000, 0x00000000aa400000|  0%| F|  |TAMS 0x00000000aa300000, 0x00000000aa300000| Untracked 
| 676|0x00000000aa400000, 0x00000000aa400000, 0x00000000aa500000|  0%| F|  |TAMS 0x00000000aa400000, 0x00000000aa400000| Untracked 
| 677|0x00000000aa500000, 0x00000000aa500000, 0x00000000aa600000|  0%| F|  |TAMS 0x00000000aa500000, 0x00000000aa500000| Untracked 
| 678|0x00000000aa600000, 0x00000000aa600000, 0x00000000aa700000|  0%| F|  |TAMS 0x00000000aa600000, 0x00000000aa600000| Untracked 
| 679|0x00000000aa700000, 0x00000000aa700000, 0x00000000aa800000|  0%| F|  |TAMS 0x00000000aa700000, 0x00000000aa700000| Untracked 
| 680|0x00000000aa800000, 0x00000000aa900000, 0x00000000aa900000|100%|HS|  |TAMS 0x00000000aa900000, 0x00000000aa800000| Complete 
| 681|0x00000000aa900000, 0x00000000aa900000, 0x00000000aaa00000|  0%| F|  |TAMS 0x00000000aa900000, 0x00000000aa900000| Untracked 
| 682|0x00000000aaa00000, 0x00000000aaa00000, 0x00000000aab00000|  0%| F|  |TAMS 0x00000000aaa00000, 0x00000000aaa00000| Untracked 
| 683|0x00000000aab00000, 0x00000000aab00000, 0x00000000aac00000|  0%| F|  |TAMS 0x00000000aab00000, 0x00000000aab00000| Untracked 
| 684|0x00000000aac00000, 0x00000000aac00000, 0x00000000aad00000|  0%| F|  |TAMS 0x00000000aac00000, 0x00000000aac00000| Untracked 
| 685|0x00000000aad00000, 0x00000000aae00000, 0x00000000aae00000|100%|HS|  |TAMS 0x00000000aae00000, 0x00000000aad00000| Complete 
| 686|0x00000000aae00000, 0x00000000aae00000, 0x00000000aaf00000|  0%| F|  |TAMS 0x00000000aae00000, 0x00000000aae00000| Untracked 
| 687|0x00000000aaf00000, 0x00000000aaf00000, 0x00000000ab000000|  0%| F|  |TAMS 0x00000000aaf00000, 0x00000000aaf00000| Untracked 
| 688|0x00000000ab000000, 0x00000000ab000000, 0x00000000ab100000|  0%| F|  |TAMS 0x00000000ab000000, 0x00000000ab000000| Untracked 
| 689|0x00000000ab100000, 0x00000000ab100000, 0x00000000ab200000|  0%| F|  |TAMS 0x00000000ab100000, 0x00000000ab100000| Untracked 
| 690|0x00000000ab200000, 0x00000000ab200000, 0x00000000ab300000|  0%| F|  |TAMS 0x00000000ab200000, 0x00000000ab200000| Untracked 
| 691|0x00000000ab300000, 0x00000000ab300000, 0x00000000ab400000|  0%| F|  |TAMS 0x00000000ab300000, 0x00000000ab300000| Untracked 
| 692|0x00000000ab400000, 0x00000000ab400000, 0x00000000ab500000|  0%| F|  |TAMS 0x00000000ab400000, 0x00000000ab400000| Untracked 
| 693|0x00000000ab500000, 0x00000000ab500000, 0x00000000ab600000|  0%| F|  |TAMS 0x00000000ab500000, 0x00000000ab500000| Untracked 
| 694|0x00000000ab600000, 0x00000000ab700000, 0x00000000ab700000|100%|HS|  |TAMS 0x00000000ab700000, 0x00000000ab600000| Complete 
| 695|0x00000000ab700000, 0x00000000ab800000, 0x00000000ab800000|100%|HS|  |TAMS 0x00000000ab800000, 0x00000000ab700000| Complete 
| 696|0x00000000ab800000, 0x00000000ab900000, 0x00000000ab900000|100%|HC|  |TAMS 0x00000000ab900000, 0x00000000ab800000| Complete 
| 697|0x00000000ab900000, 0x00000000ab900000, 0x00000000aba00000|  0%| F|  |TAMS 0x00000000ab900000, 0x00000000ab900000| Untracked 
| 698|0x00000000aba00000, 0x00000000abb00000, 0x00000000abb00000|100%|HS|  |TAMS 0x00000000abb00000, 0x00000000aba00000| Complete 
| 699|0x00000000abb00000, 0x00000000abc00000, 0x00000000abc00000|100%|HC|  |TAMS 0x00000000abc00000, 0x00000000abb00000| Complete 
| 700|0x00000000abc00000, 0x00000000abd00000, 0x00000000abd00000|100%| O|  |TAMS 0x00000000abc00000, 0x00000000abc00000| Untracked 
| 701|0x00000000abd00000, 0x00000000abe00000, 0x00000000abe00000|100%|HS|  |TAMS 0x00000000abe00000, 0x00000000abd00000| Complete 
| 702|0x00000000abe00000, 0x00000000abf00000, 0x00000000abf00000|100%|HS|  |TAMS 0x00000000abf00000, 0x00000000abe00000| Complete 
| 703|0x00000000abf00000, 0x00000000ac000000, 0x00000000ac000000|100%|HS|  |TAMS 0x00000000ac000000, 0x00000000abf00000| Complete 
| 704|0x00000000ac000000, 0x00000000ac100000, 0x00000000ac100000|100%|HC|  |TAMS 0x00000000ac100000, 0x00000000ac000000| Complete 
| 705|0x00000000ac100000, 0x00000000ac100000, 0x00000000ac200000|  0%| F|  |TAMS 0x00000000ac100000, 0x00000000ac100000| Untracked 
| 706|0x00000000ac200000, 0x00000000ac300000, 0x00000000ac300000|100%|HS|  |TAMS 0x00000000ac300000, 0x00000000ac200000| Complete 
| 707|0x00000000ac300000, 0x00000000ac400000, 0x00000000ac400000|100%|HC|  |TAMS 0x00000000ac400000, 0x00000000ac300000| Complete 
| 708|0x00000000ac400000, 0x00000000ac500000, 0x00000000ac500000|100%|HC|  |TAMS 0x00000000ac500000, 0x00000000ac400000| Complete 
| 709|0x00000000ac500000, 0x00000000ac600000, 0x00000000ac600000|100%|HC|  |TAMS 0x00000000ac600000, 0x00000000ac500000| Complete 
| 710|0x00000000ac600000, 0x00000000ac700000, 0x00000000ac700000|100%|HS|  |TAMS 0x00000000ac700000, 0x00000000ac600000| Complete 
| 711|0x00000000ac700000, 0x00000000ac700000, 0x00000000ac800000|  0%| F|  |TAMS 0x00000000ac700000, 0x00000000ac700000| Untracked 
| 712|0x00000000ac800000, 0x00000000ac800000, 0x00000000ac900000|  0%| F|  |TAMS 0x00000000ac800000, 0x00000000ac800000| Untracked 
| 713|0x00000000ac900000, 0x00000000ac900000, 0x00000000aca00000|  0%| F|  |TAMS 0x00000000ac900000, 0x00000000ac900000| Untracked 
| 714|0x00000000aca00000, 0x00000000aca00000, 0x00000000acb00000|  0%| F|  |TAMS 0x00000000aca00000, 0x00000000aca00000| Untracked 
| 715|0x00000000acb00000, 0x00000000acb00000, 0x00000000acc00000|  0%| F|  |TAMS 0x00000000acb00000, 0x00000000acb00000| Untracked 
| 716|0x00000000acc00000, 0x00000000acc00000, 0x00000000acd00000|  0%| F|  |TAMS 0x00000000acc00000, 0x00000000acc00000| Untracked 
| 717|0x00000000acd00000, 0x00000000ace00000, 0x00000000ace00000|100%| O|  |TAMS 0x00000000acd00000, 0x00000000acd00000| Untracked 
| 718|0x00000000ace00000, 0x00000000acf00000, 0x00000000acf00000|100%| O|  |TAMS 0x00000000ace00000, 0x00000000ace00000| Untracked 
| 719|0x00000000acf00000, 0x00000000ad000000, 0x00000000ad000000|100%| O|  |TAMS 0x00000000acf00000, 0x00000000acf00000| Untracked 
| 720|0x00000000ad000000, 0x00000000ad100000, 0x00000000ad100000|100%| O|  |TAMS 0x00000000ad000000, 0x00000000ad000000| Untracked 
| 721|0x00000000ad100000, 0x00000000ad200000, 0x00000000ad200000|100%|HS|  |TAMS 0x00000000ad200000, 0x00000000ad100000| Complete 
| 722|0x00000000ad200000, 0x00000000ad300000, 0x00000000ad300000|100%| O|  |TAMS 0x00000000ad200000, 0x00000000ad200000| Untracked 
| 723|0x00000000ad300000, 0x00000000ad400000, 0x00000000ad400000|100%|HS|  |TAMS 0x00000000ad400000, 0x00000000ad300000| Complete 
| 724|0x00000000ad400000, 0x00000000ad500000, 0x00000000ad500000|100%|HS|  |TAMS 0x00000000ad500000, 0x00000000ad400000| Complete 
| 725|0x00000000ad500000, 0x00000000ad600000, 0x00000000ad600000|100%|HC|  |TAMS 0x00000000ad600000, 0x00000000ad500000| Complete 
| 726|0x00000000ad600000, 0x00000000ad700000, 0x00000000ad700000|100%|HC|  |TAMS 0x00000000ad700000, 0x00000000ad600000| Complete 
| 727|0x00000000ad700000, 0x00000000ad800000, 0x00000000ad800000|100%|HC|  |TAMS 0x00000000ad800000, 0x00000000ad700000| Complete 
| 728|0x00000000ad800000, 0x00000000ad900000, 0x00000000ad900000|100%|HC|  |TAMS 0x00000000ad900000, 0x00000000ad800000| Complete 
| 729|0x00000000ad900000, 0x00000000ada00000, 0x00000000ada00000|100%|HS|  |TAMS 0x00000000ada00000, 0x00000000ad900000| Complete 
| 730|0x00000000ada00000, 0x00000000adb00000, 0x00000000adb00000|100%|HC|  |TAMS 0x00000000adb00000, 0x00000000ada00000| Complete 
| 731|0x00000000adb00000, 0x00000000adc00000, 0x00000000adc00000|100%|HC|  |TAMS 0x00000000adc00000, 0x00000000adb00000| Complete 
| 732|0x00000000adc00000, 0x00000000add00000, 0x00000000add00000|100%|HC|  |TAMS 0x00000000add00000, 0x00000000adc00000| Complete 
| 733|0x00000000add00000, 0x00000000ade00000, 0x00000000ade00000|100%|HS|  |TAMS 0x00000000ade00000, 0x00000000add00000| Complete 
| 734|0x00000000ade00000, 0x00000000adf00000, 0x00000000adf00000|100%|HC|  |TAMS 0x00000000adf00000, 0x00000000ade00000| Complete 
| 735|0x00000000adf00000, 0x00000000ae000000, 0x00000000ae000000|100%|HS|  |TAMS 0x00000000ae000000, 0x00000000adf00000| Complete 
| 736|0x00000000ae000000, 0x00000000ae100000, 0x00000000ae100000|100%|HC|  |TAMS 0x00000000ae100000, 0x00000000ae000000| Complete 
| 737|0x00000000ae100000, 0x00000000ae200000, 0x00000000ae200000|100%|HS|  |TAMS 0x00000000ae200000, 0x00000000ae100000| Complete 
| 738|0x00000000ae200000, 0x00000000ae300000, 0x00000000ae300000|100%|HC|  |TAMS 0x00000000ae300000, 0x00000000ae200000| Complete 
| 739|0x00000000ae300000, 0x00000000ae400000, 0x00000000ae400000|100%|HS|  |TAMS 0x00000000ae400000, 0x00000000ae300000| Complete 
| 740|0x00000000ae400000, 0x00000000ae500000, 0x00000000ae500000|100%|HC|  |TAMS 0x00000000ae500000, 0x00000000ae400000| Complete 
| 741|0x00000000ae500000, 0x00000000ae600000, 0x00000000ae600000|100%|HC|  |TAMS 0x00000000ae600000, 0x00000000ae500000| Complete 
| 742|0x00000000ae600000, 0x00000000ae700000, 0x00000000ae700000|100%| O|  |TAMS 0x00000000ae600000, 0x00000000ae600000| Untracked 
| 743|0x00000000ae700000, 0x00000000ae800000, 0x00000000ae800000|100%| O|  |TAMS 0x00000000ae700000, 0x00000000ae700000| Untracked 
| 744|0x00000000ae800000, 0x00000000ae900000, 0x00000000ae900000|100%| O|  |TAMS 0x00000000ae800000, 0x00000000ae800000| Untracked 
| 745|0x00000000ae900000, 0x00000000aea00000, 0x00000000aea00000|100%| O|  |TAMS 0x00000000ae900000, 0x00000000ae900000| Untracked 
| 746|0x00000000aea00000, 0x00000000aea00000, 0x00000000aeb00000|  0%| F|  |TAMS 0x00000000aea00000, 0x00000000aea00000| Untracked 
| 747|0x00000000aeb00000, 0x00000000aeb00000, 0x00000000aec00000|  0%| F|  |TAMS 0x00000000aeb00000, 0x00000000aeb00000| Untracked 
| 748|0x00000000aec00000, 0x00000000aed00000, 0x00000000aed00000|100%|HS|  |TAMS 0x00000000aed00000, 0x00000000aec00000| Complete 
| 749|0x00000000aed00000, 0x00000000aee00000, 0x00000000aee00000|100%|HC|  |TAMS 0x00000000aee00000, 0x00000000aed00000| Complete 
| 750|0x00000000aee00000, 0x00000000aef00000, 0x00000000aef00000|100%|HC|  |TAMS 0x00000000aef00000, 0x00000000aee00000| Complete 
| 751|0x00000000aef00000, 0x00000000af000000, 0x00000000af000000|100%|HC|  |TAMS 0x00000000af000000, 0x00000000aef00000| Complete 
| 752|0x00000000af000000, 0x00000000af000000, 0x00000000af100000|  0%| F|  |TAMS 0x00000000af000000, 0x00000000af000000| Untracked 
| 753|0x00000000af100000, 0x00000000af200000, 0x00000000af200000|100%|HS|  |TAMS 0x00000000af200000, 0x00000000af100000| Complete 
| 754|0x00000000af200000, 0x00000000af300000, 0x00000000af300000|100%|HC|  |TAMS 0x00000000af300000, 0x00000000af200000| Complete 
| 755|0x00000000af300000, 0x00000000af400000, 0x00000000af400000|100%|HC|  |TAMS 0x00000000af400000, 0x00000000af300000| Complete 
| 756|0x00000000af400000, 0x00000000af500000, 0x00000000af500000|100%|HC|  |TAMS 0x00000000af500000, 0x00000000af400000| Complete 
| 757|0x00000000af500000, 0x00000000af600000, 0x00000000af600000|100%|HC|  |TAMS 0x00000000af600000, 0x00000000af500000| Complete 
| 758|0x00000000af600000, 0x00000000af600000, 0x00000000af700000|  0%| F|  |TAMS 0x00000000af600000, 0x00000000af600000| Untracked 
| 759|0x00000000af700000, 0x00000000af700000, 0x00000000af800000|  0%| F|  |TAMS 0x00000000af700000, 0x00000000af700000| Untracked 
| 760|0x00000000af800000, 0x00000000af900000, 0x00000000af900000|100%|HS|  |TAMS 0x00000000af900000, 0x00000000af800000| Complete 
| 761|0x00000000af900000, 0x00000000afa00000, 0x00000000afa00000|100%|HC|  |TAMS 0x00000000afa00000, 0x00000000af900000| Complete 
| 762|0x00000000afa00000, 0x00000000afa00000, 0x00000000afb00000|  0%| F|  |TAMS 0x00000000afa00000, 0x00000000afa00000| Untracked 
| 763|0x00000000afb00000, 0x00000000afc00000, 0x00000000afc00000|100%|HS|  |TAMS 0x00000000afc00000, 0x00000000afb00000| Complete 
| 764|0x00000000afc00000, 0x00000000afd00000, 0x00000000afd00000|100%|HS|  |TAMS 0x00000000afc00000, 0x00000000afc00000| Complete 
| 765|0x00000000afd00000, 0x00000000afe00000, 0x00000000afe00000|100%|HC|  |TAMS 0x00000000afd00000, 0x00000000afd00000| Complete 
| 766|0x00000000afe00000, 0x00000000afe00000, 0x00000000aff00000|  0%| F|  |TAMS 0x00000000afe00000, 0x00000000afe00000| Untracked 
| 767|0x00000000aff00000, 0x00000000aff00000, 0x00000000b0000000|  0%| F|  |TAMS 0x00000000aff00000, 0x00000000aff00000| Untracked 
| 768|0x00000000b0000000, 0x00000000b0000000, 0x00000000b0100000|  0%| F|  |TAMS 0x00000000b0000000, 0x00000000b0000000| Untracked 
| 769|0x00000000b0100000, 0x00000000b0100000, 0x00000000b0200000|  0%| F|  |TAMS 0x00000000b0100000, 0x00000000b0100000| Untracked 
| 770|0x00000000b0200000, 0x00000000b0300000, 0x00000000b0300000|100%|HS|  |TAMS 0x00000000b0300000, 0x00000000b0200000| Complete 
| 771|0x00000000b0300000, 0x00000000b0400000, 0x00000000b0400000|100%|HC|  |TAMS 0x00000000b0400000, 0x00000000b0300000| Complete 
| 772|0x00000000b0400000, 0x00000000b0500000, 0x00000000b0500000|100%|HC|  |TAMS 0x00000000b0500000, 0x00000000b0400000| Complete 
| 773|0x00000000b0500000, 0x00000000b0600000, 0x00000000b0600000|100%|HC|  |TAMS 0x00000000b0600000, 0x00000000b0500000| Complete 
| 774|0x00000000b0600000, 0x00000000b0600000, 0x00000000b0700000|  0%| F|  |TAMS 0x00000000b0600000, 0x00000000b0600000| Untracked 
| 775|0x00000000b0700000, 0x00000000b0700000, 0x00000000b0800000|  0%| F|  |TAMS 0x00000000b0700000, 0x00000000b0700000| Untracked 
| 776|0x00000000b0800000, 0x00000000b0800000, 0x00000000b0900000|  0%| F|  |TAMS 0x00000000b0800000, 0x00000000b0800000| Untracked 
| 777|0x00000000b0900000, 0x00000000b0a00000, 0x00000000b0a00000|100%|HS|  |TAMS 0x00000000b0a00000, 0x00000000b0900000| Complete 
| 778|0x00000000b0a00000, 0x00000000b0b00000, 0x00000000b0b00000|100%|HC|  |TAMS 0x00000000b0b00000, 0x00000000b0a00000| Complete 
| 779|0x00000000b0b00000, 0x00000000b0c00000, 0x00000000b0c00000|100%|HS|  |TAMS 0x00000000b0b00000, 0x00000000b0b00000| Complete 
| 780|0x00000000b0c00000, 0x00000000b0d00000, 0x00000000b0d00000|100%|HC|  |TAMS 0x00000000b0c00000, 0x00000000b0c00000| Complete 
| 781|0x00000000b0d00000, 0x00000000b0e00000, 0x00000000b0e00000|100%|HC|  |TAMS 0x00000000b0d00000, 0x00000000b0d00000| Complete 
| 782|0x00000000b0e00000, 0x00000000b0f00000, 0x00000000b0f00000|100%|HS|  |TAMS 0x00000000b0f00000, 0x00000000b0e00000| Complete 
| 783|0x00000000b0f00000, 0x00000000b1000000, 0x00000000b1000000|100%|HC|  |TAMS 0x00000000b1000000, 0x00000000b0f00000| Complete 
| 784|0x00000000b1000000, 0x00000000b1000000, 0x00000000b1100000|  0%| F|  |TAMS 0x00000000b1000000, 0x00000000b1000000| Untracked 
| 785|0x00000000b1100000, 0x00000000b1200000, 0x00000000b1200000|100%|HS|  |TAMS 0x00000000b1200000, 0x00000000b1100000| Complete 
| 786|0x00000000b1200000, 0x00000000b1200000, 0x00000000b1300000|  0%| F|  |TAMS 0x00000000b1200000, 0x00000000b1200000| Untracked 
| 787|0x00000000b1300000, 0x00000000b1300000, 0x00000000b1400000|  0%| F|  |TAMS 0x00000000b1300000, 0x00000000b1300000| Untracked 
| 788|0x00000000b1400000, 0x00000000b1400000, 0x00000000b1500000|  0%| F|  |TAMS 0x00000000b1400000, 0x00000000b1400000| Untracked 
| 789|0x00000000b1500000, 0x00000000b1500000, 0x00000000b1600000|  0%| F|  |TAMS 0x00000000b1500000, 0x00000000b1500000| Untracked 
| 790|0x00000000b1600000, 0x00000000b1600000, 0x00000000b1700000|  0%| F|  |TAMS 0x00000000b1600000, 0x00000000b1600000| Untracked 
| 791|0x00000000b1700000, 0x00000000b1700000, 0x00000000b1800000|  0%| F|  |TAMS 0x00000000b1700000, 0x00000000b1700000| Untracked 
| 792|0x00000000b1800000, 0x00000000b1800000, 0x00000000b1900000|  0%| F|  |TAMS 0x00000000b1800000, 0x00000000b1800000| Untracked 
| 793|0x00000000b1900000, 0x00000000b1900000, 0x00000000b1a00000|  0%| F|  |TAMS 0x00000000b1900000, 0x00000000b1900000| Untracked 
| 794|0x00000000b1a00000, 0x00000000b1a00000, 0x00000000b1b00000|  0%| F|  |TAMS 0x00000000b1a00000, 0x00000000b1a00000| Untracked 
| 795|0x00000000b1b00000, 0x00000000b1b00000, 0x00000000b1c00000|  0%| F|  |TAMS 0x00000000b1b00000, 0x00000000b1b00000| Untracked 
| 796|0x00000000b1c00000, 0x00000000b1c00000, 0x00000000b1d00000|  0%| F|  |TAMS 0x00000000b1c00000, 0x00000000b1c00000| Untracked 
| 797|0x00000000b1d00000, 0x00000000b1d00000, 0x00000000b1e00000|  0%| F|  |TAMS 0x00000000b1d00000, 0x00000000b1d00000| Untracked 
| 798|0x00000000b1e00000, 0x00000000b1e00000, 0x00000000b1f00000|  0%| F|  |TAMS 0x00000000b1e00000, 0x00000000b1e00000| Untracked 
| 799|0x00000000b1f00000, 0x00000000b1f00000, 0x00000000b2000000|  0%| F|  |TAMS 0x00000000b1f00000, 0x00000000b1f00000| Untracked 
| 800|0x00000000b2000000, 0x00000000b2000000, 0x00000000b2100000|  0%| F|  |TAMS 0x00000000b2000000, 0x00000000b2000000| Untracked 
| 801|0x00000000b2100000, 0x00000000b2100000, 0x00000000b2200000|  0%| F|  |TAMS 0x00000000b2100000, 0x00000000b2100000| Untracked 
| 802|0x00000000b2200000, 0x00000000b2200000, 0x00000000b2300000|  0%| F|  |TAMS 0x00000000b2200000, 0x00000000b2200000| Untracked 
| 803|0x00000000b2300000, 0x00000000b2300000, 0x00000000b2400000|  0%| F|  |TAMS 0x00000000b2300000, 0x00000000b2300000| Untracked 
| 804|0x00000000b2400000, 0x00000000b2400000, 0x00000000b2500000|  0%| F|  |TAMS 0x00000000b2400000, 0x00000000b2400000| Untracked 
| 805|0x00000000b2500000, 0x00000000b2500000, 0x00000000b2600000|  0%| F|  |TAMS 0x00000000b2500000, 0x00000000b2500000| Untracked 
| 806|0x00000000b2600000, 0x00000000b2600000, 0x00000000b2700000|  0%| F|  |TAMS 0x00000000b2600000, 0x00000000b2600000| Untracked 
| 807|0x00000000b2700000, 0x00000000b2700000, 0x00000000b2800000|  0%| F|  |TAMS 0x00000000b2700000, 0x00000000b2700000| Untracked 
| 808|0x00000000b2800000, 0x00000000b2800000, 0x00000000b2900000|  0%| F|  |TAMS 0x00000000b2800000, 0x00000000b2800000| Untracked 
| 809|0x00000000b2900000, 0x00000000b2900000, 0x00000000b2a00000|  0%| F|  |TAMS 0x00000000b2900000, 0x00000000b2900000| Untracked 
| 810|0x00000000b2a00000, 0x00000000b2a00000, 0x00000000b2b00000|  0%| F|  |TAMS 0x00000000b2a00000, 0x00000000b2a00000| Untracked 
| 811|0x00000000b2b00000, 0x00000000b2b00000, 0x00000000b2c00000|  0%| F|  |TAMS 0x00000000b2b00000, 0x00000000b2b00000| Untracked 
| 812|0x00000000b2c00000, 0x00000000b2c00000, 0x00000000b2d00000|  0%| F|  |TAMS 0x00000000b2c00000, 0x00000000b2c00000| Untracked 
| 813|0x00000000b2d00000, 0x00000000b2d00000, 0x00000000b2e00000|  0%| F|  |TAMS 0x00000000b2d00000, 0x00000000b2d00000| Untracked 
| 814|0x00000000b2e00000, 0x00000000b2e00000, 0x00000000b2f00000|  0%| F|  |TAMS 0x00000000b2e00000, 0x00000000b2e00000| Untracked 
| 815|0x00000000b2f00000, 0x00000000b2f00000, 0x00000000b3000000|  0%| F|  |TAMS 0x00000000b2f00000, 0x00000000b2f00000| Untracked 
| 816|0x00000000b3000000, 0x00000000b3000000, 0x00000000b3100000|  0%| F|  |TAMS 0x00000000b3000000, 0x00000000b3000000| Untracked 
| 817|0x00000000b3100000, 0x00000000b3100000, 0x00000000b3200000|  0%| F|  |TAMS 0x00000000b3100000, 0x00000000b3100000| Untracked 
| 818|0x00000000b3200000, 0x00000000b3200000, 0x00000000b3300000|  0%| F|  |TAMS 0x00000000b3200000, 0x00000000b3200000| Untracked 
| 819|0x00000000b3300000, 0x00000000b3300000, 0x00000000b3400000|  0%| F|  |TAMS 0x00000000b3300000, 0x00000000b3300000| Untracked 
| 820|0x00000000b3400000, 0x00000000b3400000, 0x00000000b3500000|  0%| F|  |TAMS 0x00000000b3400000, 0x00000000b3400000| Untracked 
| 821|0x00000000b3500000, 0x00000000b3500000, 0x00000000b3600000|  0%| F|  |TAMS 0x00000000b3500000, 0x00000000b3500000| Untracked 
| 822|0x00000000b3600000, 0x00000000b3600000, 0x00000000b3700000|  0%| F|  |TAMS 0x00000000b3600000, 0x00000000b3600000| Untracked 
| 823|0x00000000b3700000, 0x00000000b3700000, 0x00000000b3800000|  0%| F|  |TAMS 0x00000000b3700000, 0x00000000b3700000| Untracked 
| 824|0x00000000b3800000, 0x00000000b3800000, 0x00000000b3900000|  0%| F|  |TAMS 0x00000000b3800000, 0x00000000b3800000| Untracked 
| 825|0x00000000b3900000, 0x00000000b3900000, 0x00000000b3a00000|  0%| F|  |TAMS 0x00000000b3900000, 0x00000000b3900000| Untracked 
| 826|0x00000000b3a00000, 0x00000000b3a00000, 0x00000000b3b00000|  0%| F|  |TAMS 0x00000000b3a00000, 0x00000000b3a00000| Untracked 
| 827|0x00000000b3b00000, 0x00000000b3b00000, 0x00000000b3c00000|  0%| F|  |TAMS 0x00000000b3b00000, 0x00000000b3b00000| Untracked 
| 828|0x00000000b3c00000, 0x00000000b3c00000, 0x00000000b3d00000|  0%| F|  |TAMS 0x00000000b3c00000, 0x00000000b3c00000| Untracked 
| 829|0x00000000b3d00000, 0x00000000b3d00000, 0x00000000b3e00000|  0%| F|  |TAMS 0x00000000b3d00000, 0x00000000b3d00000| Untracked 
| 830|0x00000000b3e00000, 0x00000000b3e00000, 0x00000000b3f00000|  0%| F|  |TAMS 0x00000000b3e00000, 0x00000000b3e00000| Untracked 
| 831|0x00000000b3f00000, 0x00000000b3f00000, 0x00000000b4000000|  0%| F|  |TAMS 0x00000000b3f00000, 0x00000000b3f00000| Untracked 
| 832|0x00000000b4000000, 0x00000000b4000000, 0x00000000b4100000|  0%| F|  |TAMS 0x00000000b4000000, 0x00000000b4000000| Untracked 
| 833|0x00000000b4100000, 0x00000000b4100000, 0x00000000b4200000|  0%| F|  |TAMS 0x00000000b4100000, 0x00000000b4100000| Untracked 
| 834|0x00000000b4200000, 0x00000000b4200000, 0x00000000b4300000|  0%| F|  |TAMS 0x00000000b4200000, 0x00000000b4200000| Untracked 
| 835|0x00000000b4300000, 0x00000000b4300000, 0x00000000b4400000|  0%| F|  |TAMS 0x00000000b4300000, 0x00000000b4300000| Untracked 
| 836|0x00000000b4400000, 0x00000000b4400000, 0x00000000b4500000|  0%| F|  |TAMS 0x00000000b4400000, 0x00000000b4400000| Untracked 
| 837|0x00000000b4500000, 0x00000000b4500000, 0x00000000b4600000|  0%| F|  |TAMS 0x00000000b4500000, 0x00000000b4500000| Untracked 
| 838|0x00000000b4600000, 0x00000000b4600000, 0x00000000b4700000|  0%| F|  |TAMS 0x00000000b4600000, 0x00000000b4600000| Untracked 
| 839|0x00000000b4700000, 0x00000000b4700000, 0x00000000b4800000|  0%| F|  |TAMS 0x00000000b4700000, 0x00000000b4700000| Untracked 
| 840|0x00000000b4800000, 0x00000000b4800000, 0x00000000b4900000|  0%| F|  |TAMS 0x00000000b4800000, 0x00000000b4800000| Untracked 
| 841|0x00000000b4900000, 0x00000000b4900000, 0x00000000b4a00000|  0%| F|  |TAMS 0x00000000b4900000, 0x00000000b4900000| Untracked 
| 842|0x00000000b4a00000, 0x00000000b4a00000, 0x00000000b4b00000|  0%| F|  |TAMS 0x00000000b4a00000, 0x00000000b4a00000| Untracked 
| 843|0x00000000b4b00000, 0x00000000b4b00000, 0x00000000b4c00000|  0%| F|  |TAMS 0x00000000b4b00000, 0x00000000b4b00000| Untracked 
| 844|0x00000000b4c00000, 0x00000000b4c00000, 0x00000000b4d00000|  0%| F|  |TAMS 0x00000000b4c00000, 0x00000000b4c00000| Untracked 
| 845|0x00000000b4d00000, 0x00000000b4d00000, 0x00000000b4e00000|  0%| F|  |TAMS 0x00000000b4d00000, 0x00000000b4d00000| Untracked 
| 846|0x00000000b4e00000, 0x00000000b4e00000, 0x00000000b4f00000|  0%| F|  |TAMS 0x00000000b4e00000, 0x00000000b4e00000| Untracked 
| 847|0x00000000b4f00000, 0x00000000b4f00000, 0x00000000b5000000|  0%| F|  |TAMS 0x00000000b4f00000, 0x00000000b4f00000| Untracked 
| 848|0x00000000b5000000, 0x00000000b5000000, 0x00000000b5100000|  0%| F|  |TAMS 0x00000000b5000000, 0x00000000b5000000| Untracked 
| 849|0x00000000b5100000, 0x00000000b5100000, 0x00000000b5200000|  0%| F|  |TAMS 0x00000000b5100000, 0x00000000b5100000| Untracked 
| 850|0x00000000b5200000, 0x00000000b5200000, 0x00000000b5300000|  0%| F|  |TAMS 0x00000000b5200000, 0x00000000b5200000| Untracked 
| 851|0x00000000b5300000, 0x00000000b5300000, 0x00000000b5400000|  0%| F|  |TAMS 0x00000000b5300000, 0x00000000b5300000| Untracked 
| 852|0x00000000b5400000, 0x00000000b5400000, 0x00000000b5500000|  0%| F|  |TAMS 0x00000000b5400000, 0x00000000b5400000| Untracked 
| 853|0x00000000b5500000, 0x00000000b5500000, 0x00000000b5600000|  0%| F|  |TAMS 0x00000000b5500000, 0x00000000b5500000| Untracked 
| 854|0x00000000b5600000, 0x00000000b5600000, 0x00000000b5700000|  0%| F|  |TAMS 0x00000000b5600000, 0x00000000b5600000| Untracked 
| 855|0x00000000b5700000, 0x00000000b5700000, 0x00000000b5800000|  0%| F|  |TAMS 0x00000000b5700000, 0x00000000b5700000| Untracked 
| 856|0x00000000b5800000, 0x00000000b5800000, 0x00000000b5900000|  0%| F|  |TAMS 0x00000000b5800000, 0x00000000b5800000| Untracked 
| 857|0x00000000b5900000, 0x00000000b5900000, 0x00000000b5a00000|  0%| F|  |TAMS 0x00000000b5900000, 0x00000000b5900000| Untracked 
| 858|0x00000000b5a00000, 0x00000000b5a00000, 0x00000000b5b00000|  0%| F|  |TAMS 0x00000000b5a00000, 0x00000000b5a00000| Untracked 
| 859|0x00000000b5b00000, 0x00000000b5b00000, 0x00000000b5c00000|  0%| F|  |TAMS 0x00000000b5b00000, 0x00000000b5b00000| Untracked 
| 860|0x00000000b5c00000, 0x00000000b5c00000, 0x00000000b5d00000|  0%| F|  |TAMS 0x00000000b5c00000, 0x00000000b5c00000| Untracked 
| 861|0x00000000b5d00000, 0x00000000b5d00000, 0x00000000b5e00000|  0%| F|  |TAMS 0x00000000b5d00000, 0x00000000b5d00000| Untracked 
| 862|0x00000000b5e00000, 0x00000000b5e00000, 0x00000000b5f00000|  0%| F|  |TAMS 0x00000000b5e00000, 0x00000000b5e00000| Untracked 
| 863|0x00000000b5f00000, 0x00000000b5f00000, 0x00000000b6000000|  0%| F|  |TAMS 0x00000000b5f00000, 0x00000000b5f00000| Untracked 
| 864|0x00000000b6000000, 0x00000000b6000000, 0x00000000b6100000|  0%| F|  |TAMS 0x00000000b6000000, 0x00000000b6000000| Untracked 
| 865|0x00000000b6100000, 0x00000000b6100000, 0x00000000b6200000|  0%| F|  |TAMS 0x00000000b6100000, 0x00000000b6100000| Untracked 
| 866|0x00000000b6200000, 0x00000000b6200000, 0x00000000b6300000|  0%| F|  |TAMS 0x00000000b6200000, 0x00000000b6200000| Untracked 
| 867|0x00000000b6300000, 0x00000000b6300000, 0x00000000b6400000|  0%| F|  |TAMS 0x00000000b6300000, 0x00000000b6300000| Untracked 
| 868|0x00000000b6400000, 0x00000000b6400000, 0x00000000b6500000|  0%| F|  |TAMS 0x00000000b6400000, 0x00000000b6400000| Untracked 
| 869|0x00000000b6500000, 0x00000000b6500000, 0x00000000b6600000|  0%| F|  |TAMS 0x00000000b6500000, 0x00000000b6500000| Untracked 
| 870|0x00000000b6600000, 0x00000000b6600000, 0x00000000b6700000|  0%| F|  |TAMS 0x00000000b6600000, 0x00000000b6600000| Untracked 
| 871|0x00000000b6700000, 0x00000000b6700000, 0x00000000b6800000|  0%| F|  |TAMS 0x00000000b6700000, 0x00000000b6700000| Untracked 
| 872|0x00000000b6800000, 0x00000000b6800000, 0x00000000b6900000|  0%| F|  |TAMS 0x00000000b6800000, 0x00000000b6800000| Untracked 
| 873|0x00000000b6900000, 0x00000000b6900000, 0x00000000b6a00000|  0%| F|  |TAMS 0x00000000b6900000, 0x00000000b6900000| Untracked 
| 874|0x00000000b6a00000, 0x00000000b6a00000, 0x00000000b6b00000|  0%| F|  |TAMS 0x00000000b6a00000, 0x00000000b6a00000| Untracked 
| 875|0x00000000b6b00000, 0x00000000b6b00000, 0x00000000b6c00000|  0%| F|  |TAMS 0x00000000b6b00000, 0x00000000b6b00000| Untracked 
| 876|0x00000000b6c00000, 0x00000000b6c00000, 0x00000000b6d00000|  0%| F|  |TAMS 0x00000000b6c00000, 0x00000000b6c00000| Untracked 
| 877|0x00000000b6d00000, 0x00000000b6d00000, 0x00000000b6e00000|  0%| F|  |TAMS 0x00000000b6d00000, 0x00000000b6d00000| Untracked 
| 878|0x00000000b6e00000, 0x00000000b6e00000, 0x00000000b6f00000|  0%| F|  |TAMS 0x00000000b6e00000, 0x00000000b6e00000| Untracked 
| 879|0x00000000b6f00000, 0x00000000b6f00000, 0x00000000b7000000|  0%| F|  |TAMS 0x00000000b6f00000, 0x00000000b6f00000| Untracked 
| 880|0x00000000b7000000, 0x00000000b7000000, 0x00000000b7100000|  0%| F|  |TAMS 0x00000000b7000000, 0x00000000b7000000| Untracked 
| 881|0x00000000b7100000, 0x00000000b7100000, 0x00000000b7200000|  0%| F|  |TAMS 0x00000000b7100000, 0x00000000b7100000| Untracked 
| 882|0x00000000b7200000, 0x00000000b7200000, 0x00000000b7300000|  0%| F|  |TAMS 0x00000000b7200000, 0x00000000b7200000| Untracked 
| 883|0x00000000b7300000, 0x00000000b7300000, 0x00000000b7400000|  0%| F|  |TAMS 0x00000000b7300000, 0x00000000b7300000| Untracked 
| 884|0x00000000b7400000, 0x00000000b7400000, 0x00000000b7500000|  0%| F|  |TAMS 0x00000000b7400000, 0x00000000b7400000| Untracked 
| 885|0x00000000b7500000, 0x00000000b7500000, 0x00000000b7600000|  0%| F|  |TAMS 0x00000000b7500000, 0x00000000b7500000| Untracked 
| 886|0x00000000b7600000, 0x00000000b7600000, 0x00000000b7700000|  0%| F|  |TAMS 0x00000000b7600000, 0x00000000b7600000| Untracked 
| 887|0x00000000b7700000, 0x00000000b7700000, 0x00000000b7800000|  0%| F|  |TAMS 0x00000000b7700000, 0x00000000b7700000| Untracked 
| 888|0x00000000b7800000, 0x00000000b7800000, 0x00000000b7900000|  0%| F|  |TAMS 0x00000000b7800000, 0x00000000b7800000| Untracked 
| 889|0x00000000b7900000, 0x00000000b7900000, 0x00000000b7a00000|  0%| F|  |TAMS 0x00000000b7900000, 0x00000000b7900000| Untracked 
| 890|0x00000000b7a00000, 0x00000000b7a00000, 0x00000000b7b00000|  0%| F|  |TAMS 0x00000000b7a00000, 0x00000000b7a00000| Untracked 
| 891|0x00000000b7b00000, 0x00000000b7b00000, 0x00000000b7c00000|  0%| F|  |TAMS 0x00000000b7b00000, 0x00000000b7b00000| Untracked 
| 892|0x00000000b7c00000, 0x00000000b7c00000, 0x00000000b7d00000|  0%| F|  |TAMS 0x00000000b7c00000, 0x00000000b7c00000| Untracked 
| 893|0x00000000b7d00000, 0x00000000b7d00000, 0x00000000b7e00000|  0%| F|  |TAMS 0x00000000b7d00000, 0x00000000b7d00000| Untracked 
| 894|0x00000000b7e00000, 0x00000000b7e00000, 0x00000000b7f00000|  0%| F|  |TAMS 0x00000000b7e00000, 0x00000000b7e00000| Untracked 
| 895|0x00000000b7f00000, 0x00000000b7f00000, 0x00000000b8000000|  0%| F|  |TAMS 0x00000000b7f00000, 0x00000000b7f00000| Untracked 
| 896|0x00000000b8000000, 0x00000000b8000000, 0x00000000b8100000|  0%| F|  |TAMS 0x00000000b8000000, 0x00000000b8000000| Untracked 
| 897|0x00000000b8100000, 0x00000000b8100000, 0x00000000b8200000|  0%| F|  |TAMS 0x00000000b8100000, 0x00000000b8100000| Untracked 
| 898|0x00000000b8200000, 0x00000000b8200000, 0x00000000b8300000|  0%| F|  |TAMS 0x00000000b8200000, 0x00000000b8200000| Untracked 
| 899|0x00000000b8300000, 0x00000000b8300000, 0x00000000b8400000|  0%| F|  |TAMS 0x00000000b8300000, 0x00000000b8300000| Untracked 
| 900|0x00000000b8400000, 0x00000000b8400000, 0x00000000b8500000|  0%| F|  |TAMS 0x00000000b8400000, 0x00000000b8400000| Untracked 
| 901|0x00000000b8500000, 0x00000000b8500000, 0x00000000b8600000|  0%| F|  |TAMS 0x00000000b8500000, 0x00000000b8500000| Untracked 
| 902|0x00000000b8600000, 0x00000000b8600000, 0x00000000b8700000|  0%| F|  |TAMS 0x00000000b8600000, 0x00000000b8600000| Untracked 
| 903|0x00000000b8700000, 0x00000000b8700000, 0x00000000b8800000|  0%| F|  |TAMS 0x00000000b8700000, 0x00000000b8700000| Untracked 
| 904|0x00000000b8800000, 0x00000000b8800000, 0x00000000b8900000|  0%| F|  |TAMS 0x00000000b8800000, 0x00000000b8800000| Untracked 
| 905|0x00000000b8900000, 0x00000000b8900000, 0x00000000b8a00000|  0%| F|  |TAMS 0x00000000b8900000, 0x00000000b8900000| Untracked 
| 906|0x00000000b8a00000, 0x00000000b8a00000, 0x00000000b8b00000|  0%| F|  |TAMS 0x00000000b8a00000, 0x00000000b8a00000| Untracked 
| 907|0x00000000b8b00000, 0x00000000b8b00000, 0x00000000b8c00000|  0%| F|  |TAMS 0x00000000b8b00000, 0x00000000b8b00000| Untracked 
| 908|0x00000000b8c00000, 0x00000000b8c00000, 0x00000000b8d00000|  0%| F|  |TAMS 0x00000000b8c00000, 0x00000000b8c00000| Untracked 
| 909|0x00000000b8d00000, 0x00000000b8d00000, 0x00000000b8e00000|  0%| F|  |TAMS 0x00000000b8d00000, 0x00000000b8d00000| Untracked 
| 910|0x00000000b8e00000, 0x00000000b8e00000, 0x00000000b8f00000|  0%| F|  |TAMS 0x00000000b8e00000, 0x00000000b8e00000| Untracked 
| 911|0x00000000b8f00000, 0x00000000b8f00000, 0x00000000b9000000|  0%| F|  |TAMS 0x00000000b8f00000, 0x00000000b8f00000| Untracked 
| 912|0x00000000b9000000, 0x00000000b9000000, 0x00000000b9100000|  0%| F|  |TAMS 0x00000000b9000000, 0x00000000b9000000| Untracked 
| 913|0x00000000b9100000, 0x00000000b9100000, 0x00000000b9200000|  0%| F|  |TAMS 0x00000000b9100000, 0x00000000b9100000| Untracked 
| 914|0x00000000b9200000, 0x00000000b9200000, 0x00000000b9300000|  0%| F|  |TAMS 0x00000000b9200000, 0x00000000b9200000| Untracked 
| 915|0x00000000b9300000, 0x00000000b9300000, 0x00000000b9400000|  0%| F|  |TAMS 0x00000000b9300000, 0x00000000b9300000| Untracked 
| 916|0x00000000b9400000, 0x00000000b9400000, 0x00000000b9500000|  0%| F|  |TAMS 0x00000000b9400000, 0x00000000b9400000| Untracked 
| 917|0x00000000b9500000, 0x00000000b9500000, 0x00000000b9600000|  0%| F|  |TAMS 0x00000000b9500000, 0x00000000b9500000| Untracked 
| 918|0x00000000b9600000, 0x00000000b9600000, 0x00000000b9700000|  0%| F|  |TAMS 0x00000000b9600000, 0x00000000b9600000| Untracked 
| 919|0x00000000b9700000, 0x00000000b9700000, 0x00000000b9800000|  0%| F|  |TAMS 0x00000000b9700000, 0x00000000b9700000| Untracked 
| 920|0x00000000b9800000, 0x00000000b9800000, 0x00000000b9900000|  0%| F|  |TAMS 0x00000000b9800000, 0x00000000b9800000| Untracked 
| 921|0x00000000b9900000, 0x00000000b9900000, 0x00000000b9a00000|  0%| F|  |TAMS 0x00000000b9900000, 0x00000000b9900000| Untracked 
| 922|0x00000000b9a00000, 0x00000000b9a00000, 0x00000000b9b00000|  0%| F|  |TAMS 0x00000000b9a00000, 0x00000000b9a00000| Untracked 
| 923|0x00000000b9b00000, 0x00000000b9b00000, 0x00000000b9c00000|  0%| F|  |TAMS 0x00000000b9b00000, 0x00000000b9b00000| Untracked 
| 924|0x00000000b9c00000, 0x00000000b9c00000, 0x00000000b9d00000|  0%| F|  |TAMS 0x00000000b9c00000, 0x00000000b9c00000| Untracked 
| 925|0x00000000b9d00000, 0x00000000b9d00000, 0x00000000b9e00000|  0%| F|  |TAMS 0x00000000b9d00000, 0x00000000b9d00000| Untracked 
| 926|0x00000000b9e00000, 0x00000000b9e00000, 0x00000000b9f00000|  0%| F|  |TAMS 0x00000000b9e00000, 0x00000000b9e00000| Untracked 
| 927|0x00000000b9f00000, 0x00000000b9f00000, 0x00000000ba000000|  0%| F|  |TAMS 0x00000000b9f00000, 0x00000000b9f00000| Untracked 
| 928|0x00000000ba000000, 0x00000000ba000000, 0x00000000ba100000|  0%| F|  |TAMS 0x00000000ba000000, 0x00000000ba000000| Untracked 
| 929|0x00000000ba100000, 0x00000000ba100000, 0x00000000ba200000|  0%| F|  |TAMS 0x00000000ba100000, 0x00000000ba100000| Untracked 
| 930|0x00000000ba200000, 0x00000000ba200000, 0x00000000ba300000|  0%| F|  |TAMS 0x00000000ba200000, 0x00000000ba200000| Untracked 
| 931|0x00000000ba300000, 0x00000000ba300000, 0x00000000ba400000|  0%| F|  |TAMS 0x00000000ba300000, 0x00000000ba300000| Untracked 
| 932|0x00000000ba400000, 0x00000000ba400000, 0x00000000ba500000|  0%| F|  |TAMS 0x00000000ba400000, 0x00000000ba400000| Untracked 
| 933|0x00000000ba500000, 0x00000000ba500000, 0x00000000ba600000|  0%| F|  |TAMS 0x00000000ba500000, 0x00000000ba500000| Untracked 
| 934|0x00000000ba600000, 0x00000000ba600000, 0x00000000ba700000|  0%| F|  |TAMS 0x00000000ba600000, 0x00000000ba600000| Untracked 
| 935|0x00000000ba700000, 0x00000000ba700000, 0x00000000ba800000|  0%| F|  |TAMS 0x00000000ba700000, 0x00000000ba700000| Untracked 
| 936|0x00000000ba800000, 0x00000000ba800000, 0x00000000ba900000|  0%| F|  |TAMS 0x00000000ba800000, 0x00000000ba800000| Untracked 
| 937|0x00000000ba900000, 0x00000000ba900000, 0x00000000baa00000|  0%| F|  |TAMS 0x00000000ba900000, 0x00000000ba900000| Untracked 
| 938|0x00000000baa00000, 0x00000000baa00000, 0x00000000bab00000|  0%| F|  |TAMS 0x00000000baa00000, 0x00000000baa00000| Untracked 
| 939|0x00000000bab00000, 0x00000000bab00000, 0x00000000bac00000|  0%| F|  |TAMS 0x00000000bab00000, 0x00000000bab00000| Untracked 
| 940|0x00000000bac00000, 0x00000000bac00000, 0x00000000bad00000|  0%| F|  |TAMS 0x00000000bac00000, 0x00000000bac00000| Untracked 
| 941|0x00000000bad00000, 0x00000000bad00000, 0x00000000bae00000|  0%| F|  |TAMS 0x00000000bad00000, 0x00000000bad00000| Untracked 
| 942|0x00000000bae00000, 0x00000000bae00000, 0x00000000baf00000|  0%| F|  |TAMS 0x00000000bae00000, 0x00000000bae00000| Untracked 
| 943|0x00000000baf00000, 0x00000000baf00000, 0x00000000bb000000|  0%| F|  |TAMS 0x00000000baf00000, 0x00000000baf00000| Untracked 
| 944|0x00000000bb000000, 0x00000000bb000000, 0x00000000bb100000|  0%| F|  |TAMS 0x00000000bb000000, 0x00000000bb000000| Untracked 
| 945|0x00000000bb100000, 0x00000000bb100000, 0x00000000bb200000|  0%| F|  |TAMS 0x00000000bb100000, 0x00000000bb100000| Untracked 
| 946|0x00000000bb200000, 0x00000000bb200000, 0x00000000bb300000|  0%| F|  |TAMS 0x00000000bb200000, 0x00000000bb200000| Untracked 
| 947|0x00000000bb300000, 0x00000000bb300000, 0x00000000bb400000|  0%| F|  |TAMS 0x00000000bb300000, 0x00000000bb300000| Untracked 
| 948|0x00000000bb400000, 0x00000000bb400000, 0x00000000bb500000|  0%| F|  |TAMS 0x00000000bb400000, 0x00000000bb400000| Untracked 
| 949|0x00000000bb500000, 0x00000000bb500000, 0x00000000bb600000|  0%| F|  |TAMS 0x00000000bb500000, 0x00000000bb500000| Untracked 
| 950|0x00000000bb600000, 0x00000000bb600000, 0x00000000bb700000|  0%| F|  |TAMS 0x00000000bb600000, 0x00000000bb600000| Untracked 
| 951|0x00000000bb700000, 0x00000000bb700000, 0x00000000bb800000|  0%| F|  |TAMS 0x00000000bb700000, 0x00000000bb700000| Untracked 
| 952|0x00000000bb800000, 0x00000000bb800000, 0x00000000bb900000|  0%| F|  |TAMS 0x00000000bb800000, 0x00000000bb800000| Untracked 
| 953|0x00000000bb900000, 0x00000000bb900000, 0x00000000bba00000|  0%| F|  |TAMS 0x00000000bb900000, 0x00000000bb900000| Untracked 
| 954|0x00000000bba00000, 0x00000000bba00000, 0x00000000bbb00000|  0%| F|  |TAMS 0x00000000bba00000, 0x00000000bba00000| Untracked 
| 955|0x00000000bbb00000, 0x00000000bbb00000, 0x00000000bbc00000|  0%| F|  |TAMS 0x00000000bbb00000, 0x00000000bbb00000| Untracked 
| 956|0x00000000bbc00000, 0x00000000bbc00000, 0x00000000bbd00000|  0%| F|  |TAMS 0x00000000bbc00000, 0x00000000bbc00000| Untracked 
| 957|0x00000000bbd00000, 0x00000000bbd00000, 0x00000000bbe00000|  0%| F|  |TAMS 0x00000000bbd00000, 0x00000000bbd00000| Untracked 
| 958|0x00000000bbe00000, 0x00000000bbe00000, 0x00000000bbf00000|  0%| F|  |TAMS 0x00000000bbe00000, 0x00000000bbe00000| Untracked 
| 959|0x00000000bbf00000, 0x00000000bbf00000, 0x00000000bc000000|  0%| F|  |TAMS 0x00000000bbf00000, 0x00000000bbf00000| Untracked 
| 960|0x00000000bc000000, 0x00000000bc000000, 0x00000000bc100000|  0%| F|  |TAMS 0x00000000bc000000, 0x00000000bc000000| Untracked 
| 961|0x00000000bc100000, 0x00000000bc100000, 0x00000000bc200000|  0%| F|  |TAMS 0x00000000bc100000, 0x00000000bc100000| Untracked 
| 962|0x00000000bc200000, 0x00000000bc200000, 0x00000000bc300000|  0%| F|  |TAMS 0x00000000bc200000, 0x00000000bc200000| Untracked 
| 963|0x00000000bc300000, 0x00000000bc300000, 0x00000000bc400000|  0%| F|  |TAMS 0x00000000bc300000, 0x00000000bc300000| Untracked 
| 964|0x00000000bc400000, 0x00000000bc400000, 0x00000000bc500000|  0%| F|  |TAMS 0x00000000bc400000, 0x00000000bc400000| Untracked 
| 965|0x00000000bc500000, 0x00000000bc500000, 0x00000000bc600000|  0%| F|  |TAMS 0x00000000bc500000, 0x00000000bc500000| Untracked 
| 966|0x00000000bc600000, 0x00000000bc600000, 0x00000000bc700000|  0%| F|  |TAMS 0x00000000bc600000, 0x00000000bc600000| Untracked 
| 967|0x00000000bc700000, 0x00000000bc700000, 0x00000000bc800000|  0%| F|  |TAMS 0x00000000bc700000, 0x00000000bc700000| Untracked 
| 968|0x00000000bc800000, 0x00000000bc800000, 0x00000000bc900000|  0%| F|  |TAMS 0x00000000bc800000, 0x00000000bc800000| Untracked 
| 969|0x00000000bc900000, 0x00000000bc900000, 0x00000000bca00000|  0%| F|  |TAMS 0x00000000bc900000, 0x00000000bc900000| Untracked 
| 970|0x00000000bca00000, 0x00000000bca00000, 0x00000000bcb00000|  0%| F|  |TAMS 0x00000000bca00000, 0x00000000bca00000| Untracked 
| 971|0x00000000bcb00000, 0x00000000bcb00000, 0x00000000bcc00000|  0%| F|  |TAMS 0x00000000bcb00000, 0x00000000bcb00000| Untracked 
| 972|0x00000000bcc00000, 0x00000000bcc00000, 0x00000000bcd00000|  0%| F|  |TAMS 0x00000000bcc00000, 0x00000000bcc00000| Untracked 
| 973|0x00000000bcd00000, 0x00000000bcd00000, 0x00000000bce00000|  0%| F|  |TAMS 0x00000000bcd00000, 0x00000000bcd00000| Untracked 
| 974|0x00000000bce00000, 0x00000000bce00000, 0x00000000bcf00000|  0%| F|  |TAMS 0x00000000bce00000, 0x00000000bce00000| Untracked 
| 975|0x00000000bcf00000, 0x00000000bcf00000, 0x00000000bd000000|  0%| F|  |TAMS 0x00000000bcf00000, 0x00000000bcf00000| Untracked 
| 976|0x00000000bd000000, 0x00000000bd000000, 0x00000000bd100000|  0%| F|  |TAMS 0x00000000bd000000, 0x00000000bd000000| Untracked 
| 977|0x00000000bd100000, 0x00000000bd100000, 0x00000000bd200000|  0%| F|  |TAMS 0x00000000bd100000, 0x00000000bd100000| Untracked 
| 978|0x00000000bd200000, 0x00000000bd283660, 0x00000000bd300000| 51%| E|  |TAMS 0x00000000bd200000, 0x00000000bd200000| Complete 
| 979|0x00000000bd300000, 0x00000000bd400000, 0x00000000bd400000|100%| E|CS|TAMS 0x00000000bd300000, 0x00000000bd300000| Complete 
| 980|0x00000000bd400000, 0x00000000bd500000, 0x00000000bd500000|100%| E|CS|TAMS 0x00000000bd400000, 0x00000000bd400000| Complete 
| 981|0x00000000bd500000, 0x00000000bd600000, 0x00000000bd600000|100%| E|CS|TAMS 0x00000000bd500000, 0x00000000bd500000| Complete 
| 982|0x00000000bd600000, 0x00000000bd700000, 0x00000000bd700000|100%| E|CS|TAMS 0x00000000bd600000, 0x00000000bd600000| Complete 
| 983|0x00000000bd700000, 0x00000000bd800000, 0x00000000bd800000|100%| E|CS|TAMS 0x00000000bd700000, 0x00000000bd700000| Complete 
| 984|0x00000000bd800000, 0x00000000bd900000, 0x00000000bd900000|100%| E|CS|TAMS 0x00000000bd800000, 0x00000000bd800000| Complete 
| 985|0x00000000bd900000, 0x00000000bda00000, 0x00000000bda00000|100%| E|CS|TAMS 0x00000000bd900000, 0x00000000bd900000| Complete 
| 986|0x00000000bda00000, 0x00000000bdb00000, 0x00000000bdb00000|100%| E|CS|TAMS 0x00000000bda00000, 0x00000000bda00000| Complete 
| 987|0x00000000bdb00000, 0x00000000bdc00000, 0x00000000bdc00000|100%| E|CS|TAMS 0x00000000bdb00000, 0x00000000bdb00000| Complete 
| 988|0x00000000bdc00000, 0x00000000bdd00000, 0x00000000bdd00000|100%| E|CS|TAMS 0x00000000bdc00000, 0x00000000bdc00000| Complete 
| 989|0x00000000bdd00000, 0x00000000bde00000, 0x00000000bde00000|100%| E|CS|TAMS 0x00000000bdd00000, 0x00000000bdd00000| Complete 
| 990|0x00000000bde00000, 0x00000000bdf00000, 0x00000000bdf00000|100%| E|CS|TAMS 0x00000000bde00000, 0x00000000bde00000| Complete 
| 991|0x00000000bdf00000, 0x00000000be000000, 0x00000000be000000|100%| E|CS|TAMS 0x00000000bdf00000, 0x00000000bdf00000| Complete 
| 992|0x00000000be000000, 0x00000000be100000, 0x00000000be100000|100%| E|CS|TAMS 0x00000000be000000, 0x00000000be000000| Complete 
| 993|0x00000000be100000, 0x00000000be200000, 0x00000000be200000|100%| E|CS|TAMS 0x00000000be100000, 0x00000000be100000| Complete 
| 994|0x00000000be200000, 0x00000000be300000, 0x00000000be300000|100%| E|CS|TAMS 0x00000000be200000, 0x00000000be200000| Complete 
| 995|0x00000000be300000, 0x00000000be400000, 0x00000000be400000|100%| E|CS|TAMS 0x00000000be300000, 0x00000000be300000| Complete 
| 996|0x00000000be400000, 0x00000000be500000, 0x00000000be500000|100%| E|CS|TAMS 0x00000000be400000, 0x00000000be400000| Complete 
| 997|0x00000000be500000, 0x00000000be600000, 0x00000000be600000|100%| E|CS|TAMS 0x00000000be500000, 0x00000000be500000| Complete 
| 998|0x00000000be600000, 0x00000000be700000, 0x00000000be700000|100%| E|CS|TAMS 0x00000000be600000, 0x00000000be600000| Complete 
| 999|0x00000000be700000, 0x00000000be800000, 0x00000000be800000|100%| E|CS|TAMS 0x00000000be700000, 0x00000000be700000| Complete 
|1000|0x00000000be800000, 0x00000000be900000, 0x00000000be900000|100%| E|CS|TAMS 0x00000000be800000, 0x00000000be800000| Complete 
|1001|0x00000000be900000, 0x00000000bea00000, 0x00000000bea00000|100%| E|CS|TAMS 0x00000000be900000, 0x00000000be900000| Complete 
|1002|0x00000000bea00000, 0x00000000beb00000, 0x00000000beb00000|100%| E|CS|TAMS 0x00000000bea00000, 0x00000000bea00000| Complete 
|1003|0x00000000beb00000, 0x00000000bec00000, 0x00000000bec00000|100%| E|CS|TAMS 0x00000000beb00000, 0x00000000beb00000| Complete 
|1004|0x00000000bec00000, 0x00000000bed00000, 0x00000000bed00000|100%| E|CS|TAMS 0x00000000bec00000, 0x00000000bec00000| Complete 
|1005|0x00000000bed00000, 0x00000000bee00000, 0x00000000bee00000|100%| E|CS|TAMS 0x00000000bed00000, 0x00000000bed00000| Complete 
|1006|0x00000000bee00000, 0x00000000bef00000, 0x00000000bef00000|100%| E|CS|TAMS 0x00000000bee00000, 0x00000000bee00000| Complete 
|1007|0x00000000bef00000, 0x00000000bf000000, 0x00000000bf000000|100%| E|CS|TAMS 0x00000000bef00000, 0x00000000bef00000| Complete 
|1008|0x00000000bf000000, 0x00000000bf100000, 0x00000000bf100000|100%| E|CS|TAMS 0x00000000bf000000, 0x00000000bf000000| Complete 
|1009|0x00000000bf100000, 0x00000000bf200000, 0x00000000bf200000|100%| E|CS|TAMS 0x00000000bf100000, 0x00000000bf100000| Complete 
|1010|0x00000000bf200000, 0x00000000bf300000, 0x00000000bf300000|100%| E|CS|TAMS 0x00000000bf200000, 0x00000000bf200000| Complete 
|1011|0x00000000bf300000, 0x00000000bf400000, 0x00000000bf400000|100%| E|CS|TAMS 0x00000000bf300000, 0x00000000bf300000| Complete 
|1012|0x00000000bf400000, 0x00000000bf500000, 0x00000000bf500000|100%| E|CS|TAMS 0x00000000bf400000, 0x00000000bf400000| Complete 
|1013|0x00000000bf500000, 0x00000000bf600000, 0x00000000bf600000|100%| E|CS|TAMS 0x00000000bf500000, 0x00000000bf500000| Complete 
|1014|0x00000000bf600000, 0x00000000bf700000, 0x00000000bf700000|100%| E|CS|TAMS 0x00000000bf600000, 0x00000000bf600000| Complete 
|1015|0x00000000bf700000, 0x00000000bf800000, 0x00000000bf800000|100%| E|CS|TAMS 0x00000000bf700000, 0x00000000bf700000| Complete 
|1016|0x00000000bf800000, 0x00000000bf900000, 0x00000000bf900000|100%| E|CS|TAMS 0x00000000bf800000, 0x00000000bf800000| Complete 
|1017|0x00000000bf900000, 0x00000000bfa00000, 0x00000000bfa00000|100%| E|CS|TAMS 0x00000000bf900000, 0x00000000bf900000| Complete 
|1018|0x00000000bfa00000, 0x00000000bfb00000, 0x00000000bfb00000|100%| E|CS|TAMS 0x00000000bfa00000, 0x00000000bfa00000| Complete 
|1019|0x00000000bfb00000, 0x00000000bfc00000, 0x00000000bfc00000|100%| E|CS|TAMS 0x00000000bfb00000, 0x00000000bfb00000| Complete 
|1020|0x00000000bfc00000, 0x00000000bfd00000, 0x00000000bfd00000|100%| E|CS|TAMS 0x00000000bfc00000, 0x00000000bfc00000| Complete 
|1021|0x00000000bfd00000, 0x00000000bfe00000, 0x00000000bfe00000|100%| E|CS|TAMS 0x00000000bfd00000, 0x00000000bfd00000| Complete 
|1022|0x00000000bfe00000, 0x00000000bff00000, 0x00000000bff00000|100%| E|CS|TAMS 0x00000000bfe00000, 0x00000000bfe00000| Complete 
|1023|0x00000000bff00000, 0x00000000c0000000, 0x00000000c0000000|100%| E|CS|TAMS 0x00000000bff00000, 0x00000000bff00000| Complete 
|1024|0x00000000c0000000, 0x00000000c0100000, 0x00000000c0100000|100%| E|CS|TAMS 0x00000000c0000000, 0x00000000c0000000| Complete 
|1025|0x00000000c0100000, 0x00000000c0200000, 0x00000000c0200000|100%| E|CS|TAMS 0x00000000c0100000, 0x00000000c0100000| Complete 
|1026|0x00000000c0200000, 0x00000000c0300000, 0x00000000c0300000|100%| E|CS|TAMS 0x00000000c0200000, 0x00000000c0200000| Complete 
|1027|0x00000000c0300000, 0x00000000c0400000, 0x00000000c0400000|100%| E|CS|TAMS 0x00000000c0300000, 0x00000000c0300000| Complete 
|1028|0x00000000c0400000, 0x00000000c0500000, 0x00000000c0500000|100%| E|CS|TAMS 0x00000000c0400000, 0x00000000c0400000| Complete 
|1029|0x00000000c0500000, 0x00000000c0600000, 0x00000000c0600000|100%| E|CS|TAMS 0x00000000c0500000, 0x00000000c0500000| Complete 
|1030|0x00000000c0600000, 0x00000000c0700000, 0x00000000c0700000|100%| E|CS|TAMS 0x00000000c0600000, 0x00000000c0600000| Complete 
|1031|0x00000000c0700000, 0x00000000c0800000, 0x00000000c0800000|100%| E|CS|TAMS 0x00000000c0700000, 0x00000000c0700000| Complete 
|1032|0x00000000c0800000, 0x00000000c0900000, 0x00000000c0900000|100%| E|CS|TAMS 0x00000000c0800000, 0x00000000c0800000| Complete 
|1033|0x00000000c0900000, 0x00000000c0a00000, 0x00000000c0a00000|100%| E|CS|TAMS 0x00000000c0900000, 0x00000000c0900000| Complete 
|1034|0x00000000c0a00000, 0x00000000c0b00000, 0x00000000c0b00000|100%| E|CS|TAMS 0x00000000c0a00000, 0x00000000c0a00000| Complete 
|1035|0x00000000c0b00000, 0x00000000c0c00000, 0x00000000c0c00000|100%| E|CS|TAMS 0x00000000c0b00000, 0x00000000c0b00000| Complete 
|1036|0x00000000c0c00000, 0x00000000c0d00000, 0x00000000c0d00000|100%| E|CS|TAMS 0x00000000c0c00000, 0x00000000c0c00000| Complete 
|1037|0x00000000c0d00000, 0x00000000c0e00000, 0x00000000c0e00000|100%| E|CS|TAMS 0x00000000c0d00000, 0x00000000c0d00000| Complete 
|1038|0x00000000c0e00000, 0x00000000c0f00000, 0x00000000c0f00000|100%| E|CS|TAMS 0x00000000c0e00000, 0x00000000c0e00000| Complete 
|1039|0x00000000c0f00000, 0x00000000c1000000, 0x00000000c1000000|100%| E|CS|TAMS 0x00000000c0f00000, 0x00000000c0f00000| Complete 
|1040|0x00000000c1000000, 0x00000000c1100000, 0x00000000c1100000|100%| E|CS|TAMS 0x00000000c1000000, 0x00000000c1000000| Complete 
|1041|0x00000000c1100000, 0x00000000c1200000, 0x00000000c1200000|100%| E|CS|TAMS 0x00000000c1100000, 0x00000000c1100000| Complete 
|1042|0x00000000c1200000, 0x00000000c1300000, 0x00000000c1300000|100%| E|CS|TAMS 0x00000000c1200000, 0x00000000c1200000| Complete 
|1043|0x00000000c1300000, 0x00000000c1400000, 0x00000000c1400000|100%| E|CS|TAMS 0x00000000c1300000, 0x00000000c1300000| Complete 
|1044|0x00000000c1400000, 0x00000000c1500000, 0x00000000c1500000|100%| E|CS|TAMS 0x00000000c1400000, 0x00000000c1400000| Complete 
|1045|0x00000000c1500000, 0x00000000c1600000, 0x00000000c1600000|100%| E|CS|TAMS 0x00000000c1500000, 0x00000000c1500000| Complete 
|1046|0x00000000c1600000, 0x00000000c1700000, 0x00000000c1700000|100%| E|CS|TAMS 0x00000000c1600000, 0x00000000c1600000| Complete 
|1047|0x00000000c1700000, 0x00000000c1800000, 0x00000000c1800000|100%| E|CS|TAMS 0x00000000c1700000, 0x00000000c1700000| Complete 
|1048|0x00000000c1800000, 0x00000000c1900000, 0x00000000c1900000|100%| E|CS|TAMS 0x00000000c1800000, 0x00000000c1800000| Complete 
|1049|0x00000000c1900000, 0x00000000c1a00000, 0x00000000c1a00000|100%| E|CS|TAMS 0x00000000c1900000, 0x00000000c1900000| Complete 
|1050|0x00000000c1a00000, 0x00000000c1b00000, 0x00000000c1b00000|100%| E|CS|TAMS 0x00000000c1a00000, 0x00000000c1a00000| Complete 
|1051|0x00000000c1b00000, 0x00000000c1c00000, 0x00000000c1c00000|100%| E|  |TAMS 0x00000000c1b00000, 0x00000000c1b00000| Complete 
|1052|0x00000000c1c00000, 0x00000000c1d00000, 0x00000000c1d00000|100%| E|CS|TAMS 0x00000000c1c00000, 0x00000000c1c00000| Complete 
|1053|0x00000000c1d00000, 0x00000000c1e00000, 0x00000000c1e00000|100%| E|CS|TAMS 0x00000000c1d00000, 0x00000000c1d00000| Complete 
|1054|0x00000000c1e00000, 0x00000000c1f00000, 0x00000000c1f00000|100%| E|CS|TAMS 0x00000000c1e00000, 0x00000000c1e00000| Complete 
|1055|0x00000000c1f00000, 0x00000000c2000000, 0x00000000c2000000|100%| E|CS|TAMS 0x00000000c1f00000, 0x00000000c1f00000| Complete 
|1056|0x00000000c2000000, 0x00000000c2100000, 0x00000000c2100000|100%| E|CS|TAMS 0x00000000c2000000, 0x00000000c2000000| Complete 
|1057|0x00000000c2100000, 0x00000000c2200000, 0x00000000c2200000|100%| E|CS|TAMS 0x00000000c2100000, 0x00000000c2100000| Complete 
|1058|0x00000000c2200000, 0x00000000c2300000, 0x00000000c2300000|100%| E|CS|TAMS 0x00000000c2200000, 0x00000000c2200000| Complete 
|1059|0x00000000c2300000, 0x00000000c2400000, 0x00000000c2400000|100%| E|CS|TAMS 0x00000000c2300000, 0x00000000c2300000| Complete 
|1060|0x00000000c2400000, 0x00000000c2500000, 0x00000000c2500000|100%| E|CS|TAMS 0x00000000c2400000, 0x00000000c2400000| Complete 
|1061|0x00000000c2500000, 0x00000000c2600000, 0x00000000c2600000|100%| E|CS|TAMS 0x00000000c2500000, 0x00000000c2500000| Complete 
|1062|0x00000000c2600000, 0x00000000c2700000, 0x00000000c2700000|100%| E|CS|TAMS 0x00000000c2600000, 0x00000000c2600000| Complete 
|1063|0x00000000c2700000, 0x00000000c2800000, 0x00000000c2800000|100%| E|CS|TAMS 0x00000000c2700000, 0x00000000c2700000| Complete 
|1064|0x00000000c2800000, 0x00000000c2900000, 0x00000000c2900000|100%| E|CS|TAMS 0x00000000c2800000, 0x00000000c2800000| Complete 
|1065|0x00000000c2900000, 0x00000000c2a00000, 0x00000000c2a00000|100%| E|CS|TAMS 0x00000000c2900000, 0x00000000c2900000| Complete 
|1066|0x00000000c2a00000, 0x00000000c2b00000, 0x00000000c2b00000|100%| E|CS|TAMS 0x00000000c2a00000, 0x00000000c2a00000| Complete 
|1067|0x00000000c2b00000, 0x00000000c2c00000, 0x00000000c2c00000|100%| E|CS|TAMS 0x00000000c2b00000, 0x00000000c2b00000| Complete 
|1068|0x00000000c2c00000, 0x00000000c2d00000, 0x00000000c2d00000|100%| E|CS|TAMS 0x00000000c2c00000, 0x00000000c2c00000| Complete 
|1069|0x00000000c2d00000, 0x00000000c2e00000, 0x00000000c2e00000|100%| E|CS|TAMS 0x00000000c2d00000, 0x00000000c2d00000| Complete 
|1070|0x00000000c2e00000, 0x00000000c2f00000, 0x00000000c2f00000|100%| E|CS|TAMS 0x00000000c2e00000, 0x00000000c2e00000| Complete 
|1071|0x00000000c2f00000, 0x00000000c3000000, 0x00000000c3000000|100%| E|CS|TAMS 0x00000000c2f00000, 0x00000000c2f00000| Complete 
|1072|0x00000000c3000000, 0x00000000c3100000, 0x00000000c3100000|100%| S|CS|TAMS 0x00000000c3000000, 0x00000000c3000000| Complete 
|1073|0x00000000c3100000, 0x00000000c3200000, 0x00000000c3200000|100%| S|CS|TAMS 0x00000000c3100000, 0x00000000c3100000| Complete 
|1074|0x00000000c3200000, 0x00000000c3300000, 0x00000000c3300000|100%| S|CS|TAMS 0x00000000c3200000, 0x00000000c3200000| Complete 
|1075|0x00000000c3300000, 0x00000000c3400000, 0x00000000c3400000|100%| S|CS|TAMS 0x00000000c3300000, 0x00000000c3300000| Complete 
|1076|0x00000000c3400000, 0x00000000c3500000, 0x00000000c3500000|100%| S|CS|TAMS 0x00000000c3400000, 0x00000000c3400000| Complete 
|1077|0x00000000c3500000, 0x00000000c3600000, 0x00000000c3600000|100%| S|CS|TAMS 0x00000000c3500000, 0x00000000c3500000| Complete 
|1078|0x00000000c3600000, 0x00000000c3700000, 0x00000000c3700000|100%| S|CS|TAMS 0x00000000c3600000, 0x00000000c3600000| Complete 
|1079|0x00000000c3700000, 0x00000000c3800000, 0x00000000c3800000|100%| E|CS|TAMS 0x00000000c3700000, 0x00000000c3700000| Complete 
|1080|0x00000000c3800000, 0x00000000c3900000, 0x00000000c3900000|100%| E|CS|TAMS 0x00000000c3800000, 0x00000000c3800000| Complete 
|1081|0x00000000c3900000, 0x00000000c3a00000, 0x00000000c3a00000|100%| E|CS|TAMS 0x00000000c3900000, 0x00000000c3900000| Complete 
|1082|0x00000000c3a00000, 0x00000000c3b00000, 0x00000000c3b00000|100%| E|CS|TAMS 0x00000000c3a00000, 0x00000000c3a00000| Complete 
|1083|0x00000000c3b00000, 0x00000000c3c00000, 0x00000000c3c00000|100%| E|CS|TAMS 0x00000000c3b00000, 0x00000000c3b00000| Complete 
|1084|0x00000000c3c00000, 0x00000000c3d00000, 0x00000000c3d00000|100%| E|CS|TAMS 0x00000000c3c00000, 0x00000000c3c00000| Complete 
|1085|0x00000000c3d00000, 0x00000000c3e00000, 0x00000000c3e00000|100%| E|CS|TAMS 0x00000000c3d00000, 0x00000000c3d00000| Complete 
|1086|0x00000000c3e00000, 0x00000000c3f00000, 0x00000000c3f00000|100%| E|CS|TAMS 0x00000000c3e00000, 0x00000000c3e00000| Complete 
|1087|0x00000000c3f00000, 0x00000000c4000000, 0x00000000c4000000|100%| E|CS|TAMS 0x00000000c3f00000, 0x00000000c3f00000| Complete 
|1088|0x00000000c4000000, 0x00000000c4100000, 0x00000000c4100000|100%| E|CS|TAMS 0x00000000c4000000, 0x00000000c4000000| Complete 
|1089|0x00000000c4100000, 0x00000000c4200000, 0x00000000c4200000|100%| E|CS|TAMS 0x00000000c4100000, 0x00000000c4100000| Complete 
|1090|0x00000000c4200000, 0x00000000c4300000, 0x00000000c4300000|100%| E|CS|TAMS 0x00000000c4200000, 0x00000000c4200000| Complete 
|1091|0x00000000c4300000, 0x00000000c4400000, 0x00000000c4400000|100%| E|CS|TAMS 0x00000000c4300000, 0x00000000c4300000| Complete 
|1092|0x00000000c4400000, 0x00000000c4500000, 0x00000000c4500000|100%| E|CS|TAMS 0x00000000c4400000, 0x00000000c4400000| Complete 
|1093|0x00000000c4500000, 0x00000000c4600000, 0x00000000c4600000|100%| E|CS|TAMS 0x00000000c4500000, 0x00000000c4500000| Complete 
|1094|0x00000000c4600000, 0x00000000c4700000, 0x00000000c4700000|100%| E|CS|TAMS 0x00000000c4600000, 0x00000000c4600000| Complete 
|1095|0x00000000c4700000, 0x00000000c4800000, 0x00000000c4800000|100%| E|CS|TAMS 0x00000000c4700000, 0x00000000c4700000| Complete 
|1096|0x00000000c4800000, 0x00000000c4900000, 0x00000000c4900000|100%| E|CS|TAMS 0x00000000c4800000, 0x00000000c4800000| Complete 
|1097|0x00000000c4900000, 0x00000000c4a00000, 0x00000000c4a00000|100%| E|CS|TAMS 0x00000000c4900000, 0x00000000c4900000| Complete 
|1098|0x00000000c4a00000, 0x00000000c4b00000, 0x00000000c4b00000|100%| E|CS|TAMS 0x00000000c4a00000, 0x00000000c4a00000| Complete 
|1099|0x00000000c4b00000, 0x00000000c4c00000, 0x00000000c4c00000|100%| E|CS|TAMS 0x00000000c4b00000, 0x00000000c4b00000| Complete 
|1100|0x00000000c4c00000, 0x00000000c4d00000, 0x00000000c4d00000|100%| E|CS|TAMS 0x00000000c4c00000, 0x00000000c4c00000| Complete 
|1101|0x00000000c4d00000, 0x00000000c4e00000, 0x00000000c4e00000|100%| E|CS|TAMS 0x00000000c4d00000, 0x00000000c4d00000| Complete 
|1102|0x00000000c4e00000, 0x00000000c4f00000, 0x00000000c4f00000|100%| E|CS|TAMS 0x00000000c4e00000, 0x00000000c4e00000| Complete 
|1103|0x00000000c4f00000, 0x00000000c5000000, 0x00000000c5000000|100%| E|CS|TAMS 0x00000000c4f00000, 0x00000000c4f00000| Complete 
|1104|0x00000000c5000000, 0x00000000c5100000, 0x00000000c5100000|100%| E|CS|TAMS 0x00000000c5000000, 0x00000000c5000000| Complete 
|1105|0x00000000c5100000, 0x00000000c5200000, 0x00000000c5200000|100%| E|CS|TAMS 0x00000000c5100000, 0x00000000c5100000| Complete 
|1106|0x00000000c5200000, 0x00000000c5300000, 0x00000000c5300000|100%| E|CS|TAMS 0x00000000c5200000, 0x00000000c5200000| Complete 
|1107|0x00000000c5300000, 0x00000000c5400000, 0x00000000c5400000|100%| E|CS|TAMS 0x00000000c5300000, 0x00000000c5300000| Complete 
|1108|0x00000000c5400000, 0x00000000c5500000, 0x00000000c5500000|100%| E|CS|TAMS 0x00000000c5400000, 0x00000000c5400000| Complete 
|1109|0x00000000c5500000, 0x00000000c5600000, 0x00000000c5600000|100%| E|CS|TAMS 0x00000000c5500000, 0x00000000c5500000| Complete 
|1110|0x00000000c5600000, 0x00000000c5700000, 0x00000000c5700000|100%| E|CS|TAMS 0x00000000c5600000, 0x00000000c5600000| Complete 
|1111|0x00000000c5700000, 0x00000000c5800000, 0x00000000c5800000|100%| E|CS|TAMS 0x00000000c5700000, 0x00000000c5700000| Complete 
|1112|0x00000000c5800000, 0x00000000c5900000, 0x00000000c5900000|100%| E|CS|TAMS 0x00000000c5800000, 0x00000000c5800000| Complete 
|1113|0x00000000c5900000, 0x00000000c5a00000, 0x00000000c5a00000|100%| E|CS|TAMS 0x00000000c5900000, 0x00000000c5900000| Complete 
|1114|0x00000000c5a00000, 0x00000000c5b00000, 0x00000000c5b00000|100%| E|CS|TAMS 0x00000000c5a00000, 0x00000000c5a00000| Complete 
|1115|0x00000000c5b00000, 0x00000000c5c00000, 0x00000000c5c00000|100%| E|CS|TAMS 0x00000000c5b00000, 0x00000000c5b00000| Complete 
|1116|0x00000000c5c00000, 0x00000000c5d00000, 0x00000000c5d00000|100%| E|CS|TAMS 0x00000000c5c00000, 0x00000000c5c00000| Complete 
|1117|0x00000000c5d00000, 0x00000000c5e00000, 0x00000000c5e00000|100%| E|CS|TAMS 0x00000000c5d00000, 0x00000000c5d00000| Complete 
|1118|0x00000000c5e00000, 0x00000000c5f00000, 0x00000000c5f00000|100%| E|CS|TAMS 0x00000000c5e00000, 0x00000000c5e00000| Complete 
|1119|0x00000000c5f00000, 0x00000000c6000000, 0x00000000c6000000|100%| E|CS|TAMS 0x00000000c5f00000, 0x00000000c5f00000| Complete 
|1120|0x00000000c6000000, 0x00000000c6100000, 0x00000000c6100000|100%| E|CS|TAMS 0x00000000c6000000, 0x00000000c6000000| Complete 
|1121|0x00000000c6100000, 0x00000000c6200000, 0x00000000c6200000|100%| E|CS|TAMS 0x00000000c6100000, 0x00000000c6100000| Complete 
|1122|0x00000000c6200000, 0x00000000c6300000, 0x00000000c6300000|100%| E|CS|TAMS 0x00000000c6200000, 0x00000000c6200000| Complete 
|1123|0x00000000c6300000, 0x00000000c6400000, 0x00000000c6400000|100%| E|CS|TAMS 0x00000000c6300000, 0x00000000c6300000| Complete 
|1124|0x00000000c6400000, 0x00000000c6500000, 0x00000000c6500000|100%| E|CS|TAMS 0x00000000c6400000, 0x00000000c6400000| Complete 
|1125|0x00000000c6500000, 0x00000000c6600000, 0x00000000c6600000|100%| E|CS|TAMS 0x00000000c6500000, 0x00000000c6500000| Complete 
|1126|0x00000000c6600000, 0x00000000c6700000, 0x00000000c6700000|100%| E|CS|TAMS 0x00000000c6600000, 0x00000000c6600000| Complete 
|1127|0x00000000c6700000, 0x00000000c6800000, 0x00000000c6800000|100%| E|CS|TAMS 0x00000000c6700000, 0x00000000c6700000| Complete 
|1128|0x00000000c6800000, 0x00000000c6900000, 0x00000000c6900000|100%| E|CS|TAMS 0x00000000c6800000, 0x00000000c6800000| Complete 
|1129|0x00000000c6900000, 0x00000000c6a00000, 0x00000000c6a00000|100%| E|CS|TAMS 0x00000000c6900000, 0x00000000c6900000| Complete 
|1130|0x00000000c6a00000, 0x00000000c6b00000, 0x00000000c6b00000|100%| E|CS|TAMS 0x00000000c6a00000, 0x00000000c6a00000| Complete 
|1131|0x00000000c6b00000, 0x00000000c6c00000, 0x00000000c6c00000|100%| E|CS|TAMS 0x00000000c6b00000, 0x00000000c6b00000| Complete 
|1132|0x00000000c6c00000, 0x00000000c6d00000, 0x00000000c6d00000|100%| E|CS|TAMS 0x00000000c6c00000, 0x00000000c6c00000| Complete 
|1133|0x00000000c6d00000, 0x00000000c6e00000, 0x00000000c6e00000|100%| E|CS|TAMS 0x00000000c6d00000, 0x00000000c6d00000| Complete 
|2045|0x00000000ffd00000, 0x00000000ffe00000, 0x00000000ffe00000|100%| O|  |TAMS 0x00000000ffe00000, 0x00000000ffd00000| Untracked 
|2046|0x00000000ffe00000, 0x00000000fff00000, 0x00000000fff00000|100%| O|  |TAMS 0x00000000fff00000, 0x00000000ffe00000| Untracked 
|2047|0x00000000fff00000, 0x0000000100000000, 0x0000000100000000|100%| E|CS|TAMS 0x00000000fff00000, 0x00000000fff00000| Complete 

Card table byte_map: [0x00000123a44d0000,0x00000123a48d0000] _byte_map_base: 0x00000123a40d0000

Marking Bits (Prev, Next): (CMBitMap*) 0x000001238b5f0ae0, (CMBitMap*) 0x000001238b5f0b20
 Prev Bits: [0x00000123a4cd0000, 0x00000123a6cd0000)
 Next Bits: [0x00000123a6cd0000, 0x00000123a8cd0000)

Polling page: 0x000001238b020000

Metaspace:

Usage:
  Non-class:    189.50 MB used.
      Class:     28.40 MB used.
       Both:    217.90 MB used.

Virtual space:
  Non-class space:      192.00 MB reserved,     190.19 MB (>99%) committed,  3 nodes.
      Class space:        1.00 GB reserved,      29.06 MB (  3%) committed,  1 nodes.
             Both:        1.19 GB reserved,     219.25 MB ( 18%) committed. 

Chunk freelists:
   Non-Class:  1.47 MB
       Class:  2.88 MB
        Both:  4.34 MB

MaxMetaspaceSize: unlimited
CompressedClassSpaceSize: 1.00 GB
Initial GC threshold: 21.00 MB
Current GC threshold: 364.00 MB
CDS: on
MetaspaceReclaimPolicy: balanced
 - commit_granule_bytes: 65536.
 - commit_granule_words: 8192.
 - virtual_space_node_default_size: 8388608.
 - enlarge_chunks_in_place: 1.
 - new_chunks_are_fully_committed: 0.
 - uncommit_free_chunks: 1.
 - use_allocation_guard: 0.
 - handle_deallocations: 1.


Internal statistics:

num_allocs_failed_limit: 37.
num_arena_births: 2448.
num_arena_deaths: 72.
num_vsnodes_births: 4.
num_vsnodes_deaths: 0.
num_space_committed: 3504.
num_space_uncommitted: 0.
num_chunks_returned_to_freelist: 136.
num_chunks_taken_from_freelist: 11500.
num_chunk_merges: 62.
num_chunk_splits: 8087.
num_chunks_enlarged: 5919.
num_inconsistent_stats: 0.

CodeHeap 'non-profiled nmethods': size=120000Kb used=27379Kb max_used=27379Kb free=92620Kb
 bounds [0x000001239bf20000, 0x000001239d9e0000, 0x00000123a3450000]
CodeHeap 'profiled nmethods': size=120000Kb used=65020Kb max_used=65429Kb free=54979Kb
 bounds [0x0000012394450000, 0x0000012398500000, 0x000001239b980000]
CodeHeap 'non-nmethods': size=5760Kb used=2021Kb max_used=2119Kb free=3738Kb
 bounds [0x000001239b980000, 0x000001239bbf0000, 0x000001239bf20000]
 total_blobs=33603 nmethods=32441 adapters=1070
 compilation: enabled
              stopped_count=0, restarted_count=0
 full_count=0

Compilation events (20 events):
Event: 738.779 Thread 0x00000123ab9a9080 nmethod 42085 0x000001239d9bda10 code [0x000001239d9bdbe0, 0x000001239d9be3c8]
Event: 738.779 Thread 0x00000123ab9a9080 42086       4       com.android.tools.r8.graph.J0::<init> (205 bytes)
Event: 738.815 Thread 0x00000123863dc7c0 nmethod 42179 0x000001239d9bed10 code [0x000001239d9befc0, 0x000001239d9c0f10]
Event: 738.816 Thread 0x00000123863dc7c0 42161   !   4       java.util.concurrent.ForkJoinTask::awaitDone (656 bytes)
Event: 738.820 Thread 0x00000123863dc7c0 nmethod 42161 0x000001239d9c2290 code [0x000001239d9c2420, 0x000001239d9c26c8]
Event: 738.821 Thread 0x00000123863dc7c0 33127       4       com.android.tools.r8.internal.a40::getValue (13 bytes)
Event: 738.822 Thread 0x00000123863dc7c0 nmethod 33127 0x000001239d9c2a10 code [0x000001239d9c2b80, 0x000001239d9c2c38]
Event: 738.823 Thread 0x00000123863dc7c0 32830       4       com.android.tools.r8.graph.G$a::<init> (25 bytes)
Event: 738.827 Thread 0x00000123863dc7c0 nmethod 32830 0x000001239d9c2d10 code [0x000001239d9c2e80, 0x000001239d9c3178]
Event: 738.827 Thread 0x00000123863dc7c0 32829       4       com.android.tools.r8.graph.G$a::a (51 bytes)
Event: 738.829 Thread 0x00000123863dc7c0 nmethod 32829 0x000001239d9c3210 code [0x000001239d9c3380, 0x000001239d9c34b8]
Event: 738.830 Thread 0x00000123863dc7c0 32828       4       com.android.tools.r8.graph.j0::hashCode (45 bytes)
Event: 738.830 Thread 0x00000123ab9a9080 nmethod 42086 0x000001239d9c3510 code [0x000001239d9c36e0, 0x000001239d9c43c8]
Event: 738.830 Thread 0x00000123ab9a9080 32837       4       com.android.tools.r8.internal.ja::<init> (112 bytes)
Event: 738.832 Thread 0x00000123ab9a9080 nmethod 32837 0x000001239d9c4d90 code [0x000001239d9c4f00, 0x000001239d9c5058]
Event: 738.833 Thread 0x00000123ab9a9080 33235       4       com.android.tools.r8.internal.zF::a (19 bytes)
Event: 738.833 Thread 0x00000123ab9a9080 nmethod 33235 0x000001239d9c5110 code [0x000001239d9c5280, 0x000001239d9c5318]
Event: 738.834 Thread 0x00000123ab9a9080 32836       4       com.android.tools.r8.graph.w4::a (72 bytes)
Event: 738.844 Thread 0x00000123863dc7c0 nmethod 32828 0x000001239d9c5410 code [0x000001239d9c55a0, 0x000001239d9c5a18]
Event: 738.844 Thread 0x00000123863dc7c0 40006       4       com.android.tools.r8.internal.bz0::a (25 bytes)

GC Heap History (20 events):
Event: 733.895 GC heap before
{Heap before GC invocations=176 (full 0):
 garbage-first heap   total 1044480K, used 932349K [0x0000000080000000, 0x0000000100000000)
  region size 1024K, 208 young (212992K), 18 survivors (18432K)
 Metaspace       used 220809K, committed 222144K, reserved 1245184K
  class space    used 28775K, committed 29440K, reserved 1048576K
}
Event: 733.913 GC heap after
{Heap after GC invocations=177 (full 0):
 garbage-first heap   total 1044480K, used 738619K [0x0000000080000000, 0x0000000100000000)
  region size 1024K, 19 young (19456K), 19 survivors (19456K)
 Metaspace       used 220809K, committed 222144K, reserved 1245184K
  class space    used 28775K, committed 29440K, reserved 1048576K
}
Event: 734.356 GC heap before
{Heap before GC invocations=177 (full 0):
 garbage-first heap   total 1044480K, used 926011K [0x0000000080000000, 0x0000000100000000)
  region size 1024K, 195 young (199680K), 19 survivors (19456K)
 Metaspace       used 220811K, committed 222144K, reserved 1245184K
  class space    used 28775K, committed 29440K, reserved 1048576K
}
Event: 734.369 GC heap after
{Heap after GC invocations=178 (full 0):
 garbage-first heap   total 1044480K, used 724391K [0x0000000080000000, 0x0000000100000000)
  region size 1024K, 6 young (6144K), 6 survivors (6144K)
 Metaspace       used 220811K, committed 222144K, reserved 1245184K
  class space    used 28775K, committed 29440K, reserved 1048576K
}
Event: 735.490 GC heap before
{Heap before GC invocations=178 (full 0):
 garbage-first heap   total 1044480K, used 951719K [0x0000000080000000, 0x0000000100000000)
  region size 1024K, 177 young (181248K), 6 survivors (6144K)
 Metaspace       used 221575K, committed 222912K, reserved 1245184K
  class space    used 28890K, committed 29568K, reserved 1048576K
}
Event: 735.503 GC heap after
{Heap after GC invocations=179 (full 0):
 garbage-first heap   total 1044480K, used 768561K [0x0000000080000000, 0x0000000100000000)
  region size 1024K, 14 young (14336K), 14 survivors (14336K)
 Metaspace       used 221575K, committed 222912K, reserved 1245184K
  class space    used 28890K, committed 29568K, reserved 1048576K
}
Event: 735.529 GC heap before
{Heap before GC invocations=179 (full 0):
 garbage-first heap   total 1044480K, used 838193K [0x0000000080000000, 0x0000000100000000)
  region size 1024K, 31 young (31744K), 14 survivors (14336K)
 Metaspace       used 221660K, committed 223040K, reserved 1245184K
  class space    used 28901K, committed 29632K, reserved 1048576K
}
Event: 735.542 GC heap after
{Heap after GC invocations=180 (full 0):
 garbage-first heap   total 1044480K, used 795087K [0x0000000080000000, 0x0000000100000000)
  region size 1024K, 14 young (14336K), 14 survivors (14336K)
 Metaspace       used 221660K, committed 223040K, reserved 1245184K
  class space    used 28901K, committed 29632K, reserved 1048576K
}
Event: 735.546 GC heap before
{Heap before GC invocations=180 (full 0):
 garbage-first heap   total 1044480K, used 798159K [0x0000000080000000, 0x0000000100000000)
  region size 1024K, 16 young (16384K), 14 survivors (14336K)
 Metaspace       used 221661K, committed 223040K, reserved 1245184K
  class space    used 28901K, committed 29632K, reserved 1048576K
}
Event: 735.554 GC heap after
{Heap after GC invocations=181 (full 0):
 garbage-first heap   total 1044480K, used 795452K [0x0000000080000000, 0x0000000100000000)
  region size 1024K, 6 young (6144K), 6 survivors (6144K)
 Metaspace       used 221661K, committed 223040K, reserved 1245184K
  class space    used 28901K, committed 29632K, reserved 1048576K
}
Event: 736.528 GC heap before
{Heap before GC invocations=182 (full 0):
 garbage-first heap   total 1164288K, used 763708K [0x0000000080000000, 0x0000000100000000)
  region size 1024K, 84 young (86016K), 6 survivors (6144K)
 Metaspace       used 222558K, committed 223936K, reserved 1245184K
  class space    used 29002K, committed 29696K, reserved 1048576K
}
Event: 736.552 GC heap after
{Heap after GC invocations=183 (full 0):
 garbage-first heap   total 1164288K, used 700209K [0x0000000080000000, 0x0000000100000000)
  region size 1024K, 11 young (11264K), 11 survivors (11264K)
 Metaspace       used 222558K, committed 223936K, reserved 1245184K
  class space    used 29002K, committed 29696K, reserved 1048576K
}
Event: 736.989 GC heap before
{Heap before GC invocations=183 (full 0):
 garbage-first heap   total 1164288K, used 749361K [0x0000000080000000, 0x0000000100000000)
  region size 1024K, 56 young (57344K), 11 survivors (11264K)
 Metaspace       used 222913K, committed 224256K, reserved 1245184K
  class space    used 29077K, committed 29760K, reserved 1048576K
}
Event: 737.012 GC heap after
{Heap after GC invocations=184 (full 0):
 garbage-first heap   total 1164288K, used 606000K [0x0000000080000000, 0x0000000100000000)
  region size 1024K, 7 young (7168K), 7 survivors (7168K)
 Metaspace       used 222913K, committed 224256K, reserved 1245184K
  class space    used 29077K, committed 29760K, reserved 1048576K
}
Event: 737.212 GC heap before
{Heap before GC invocations=184 (full 0):
 garbage-first heap   total 1164288K, used 656176K [0x0000000080000000, 0x0000000100000000)
  region size 1024K, 56 young (57344K), 7 survivors (7168K)
 Metaspace       used 223049K, committed 224384K, reserved 1245184K
  class space    used 29077K, committed 29760K, reserved 1048576K
}
Event: 737.247 GC heap after
{Heap after GC invocations=185 (full 0):
 garbage-first heap   total 1164288K, used 518843K [0x0000000080000000, 0x0000000100000000)
  region size 1024K, 7 young (7168K), 7 survivors (7168K)
 Metaspace       used 223049K, committed 224384K, reserved 1245184K
  class space    used 29077K, committed 29760K, reserved 1048576K
}
Event: 737.423 GC heap before
{Heap before GC invocations=185 (full 0):
 garbage-first heap   total 1164288K, used 569019K [0x0000000080000000, 0x0000000100000000)
  region size 1024K, 56 young (57344K), 7 survivors (7168K)
 Metaspace       used 223051K, committed 224384K, reserved 1245184K
  class space    used 29077K, committed 29760K, reserved 1048576K
}
Event: 737.481 GC heap after
{Heap after GC invocations=186 (full 0):
 garbage-first heap   total 1164288K, used 438249K [0x0000000080000000, 0x0000000100000000)
  region size 1024K, 7 young (7168K), 7 survivors (7168K)
 Metaspace       used 223051K, committed 224384K, reserved 1245184K
  class space    used 29077K, committed 29760K, reserved 1048576K
}
Event: 737.655 GC heap before
{Heap before GC invocations=186 (full 0):
 garbage-first heap   total 1164288K, used 487401K [0x0000000080000000, 0x0000000100000000)
  region size 1024K, 56 young (57344K), 7 survivors (7168K)
 Metaspace       used 223052K, committed 224384K, reserved 1245184K
  class space    used 29077K, committed 29760K, reserved 1048576K
}
Event: 737.703 GC heap after
{Heap after GC invocations=187 (full 0):
 garbage-first heap   total 1164288K, used 452096K [0x0000000080000000, 0x0000000100000000)
  region size 1024K, 7 young (7168K), 7 survivors (7168K)
 Metaspace       used 223052K, committed 224384K, reserved 1245184K
  class space    used 29077K, committed 29760K, reserved 1048576K
}

Deoptimization events (20 events):
Event: 738.346 Thread 0x000001238642a110 Uncommon trap: trap_request=0xffffffc6 fr.pc=0x000001239d372184 relative=0x00000000000001c4
Event: 738.346 Thread 0x000001238642a110 Uncommon trap: reason=bimorphic_or_optimized_type_check action=maybe_recompile pc=0x000001239d372184 method=com.android.tools.r8.internal.zf.b(Ljava/util/function/Predicate;)Lcom/android/tools/r8/internal/Jr0; @ 19 c2
Event: 738.346 Thread 0x000001238642a110 DEOPT PACKING pc=0x000001239d372184 sp=0x0000002172ffca80
Event: 738.346 Thread 0x000001238642a110 DEOPT UNPACKING pc=0x000001239b9d23a3 sp=0x0000002172ffca10 mode 2
Event: 738.572 Thread 0x000001238642a110 Uncommon trap: trap_request=0xffffffde fr.pc=0x000001239d93b764 relative=0x0000000000000484
Event: 738.572 Thread 0x000001238642a110 Uncommon trap: reason=class_check action=maybe_recompile pc=0x000001239d93b764 method=com.android.tools.r8.internal.wA.a(Ljava/util/function/Predicate;Ljava/util/function/Function;Lcom/android/tools/r8/internal/Er0;Lcom/android/tools/r8/internal/Fr0;)Lcom
Event: 738.572 Thread 0x000001238642a110 DEOPT PACKING pc=0x000001239d93b764 sp=0x0000002172ffc550
Event: 738.572 Thread 0x000001238642a110 DEOPT UNPACKING pc=0x000001239b9d23a3 sp=0x0000002172ffc4f8 mode 2
Event: 738.572 Thread 0x000001238642a110 Uncommon trap: trap_request=0xffffffde fr.pc=0x000001239d93b764 relative=0x0000000000000484
Event: 738.572 Thread 0x000001238642a110 Uncommon trap: reason=class_check action=maybe_recompile pc=0x000001239d93b764 method=com.android.tools.r8.internal.wA.a(Ljava/util/function/Predicate;Ljava/util/function/Function;Lcom/android/tools/r8/internal/Er0;Lcom/android/tools/r8/internal/Fr0;)Lcom
Event: 738.572 Thread 0x000001238642a110 DEOPT PACKING pc=0x000001239d93b764 sp=0x0000002172ffc430
Event: 738.572 Thread 0x000001238642a110 DEOPT UNPACKING pc=0x000001239b9d23a3 sp=0x0000002172ffc3d8 mode 2
Event: 738.572 Thread 0x000001238642a110 Uncommon trap: trap_request=0xffffffde fr.pc=0x000001239d93b764 relative=0x0000000000000484
Event: 738.572 Thread 0x000001238642a110 Uncommon trap: reason=class_check action=maybe_recompile pc=0x000001239d93b764 method=com.android.tools.r8.internal.wA.a(Ljava/util/function/Predicate;Ljava/util/function/Function;Lcom/android/tools/r8/internal/Er0;Lcom/android/tools/r8/internal/Fr0;)Lcom
Event: 738.572 Thread 0x000001238642a110 DEOPT PACKING pc=0x000001239d93b764 sp=0x0000002172ffc550
Event: 738.572 Thread 0x000001238642a110 DEOPT UNPACKING pc=0x000001239b9d23a3 sp=0x0000002172ffc4f8 mode 2
Event: 738.572 Thread 0x000001238642a110 Uncommon trap: trap_request=0xffffffde fr.pc=0x000001239d93b764 relative=0x0000000000000484
Event: 738.572 Thread 0x000001238642a110 Uncommon trap: reason=class_check action=maybe_recompile pc=0x000001239d93b764 method=com.android.tools.r8.internal.wA.a(Ljava/util/function/Predicate;Ljava/util/function/Function;Lcom/android/tools/r8/internal/Er0;Lcom/android/tools/r8/internal/Fr0;)Lcom
Event: 738.572 Thread 0x000001238642a110 DEOPT PACKING pc=0x000001239d93b764 sp=0x0000002172ffc430
Event: 738.572 Thread 0x000001238642a110 DEOPT UNPACKING pc=0x000001239b9d23a3 sp=0x0000002172ffc3d8 mode 2

Classes unloaded (20 events):
Event: 700.176 Thread 0x00000123ab987e90 Unloading class 0x00000123aea89400 'java/lang/invoke/LambdaForm$DMH+0x00000123aea89400'
Event: 700.176 Thread 0x00000123ab987e90 Unloading class 0x00000123aea88c00 'java/lang/invoke/LambdaForm$DMH+0x00000123aea88c00'
Event: 700.176 Thread 0x00000123ab987e90 Unloading class 0x00000123aea89000 'java/lang/invoke/LambdaForm$DMH+0x00000123aea89000'
Event: 700.176 Thread 0x00000123ab987e90 Unloading class 0x00000123aea88800 'java/lang/invoke/LambdaForm$DMH+0x00000123aea88800'
Event: 700.176 Thread 0x00000123ab987e90 Unloading class 0x00000123aea88000 'java/lang/invoke/LambdaForm$DMH+0x00000123aea88000'
Event: 735.741 Thread 0x00000123ab987e90 Unloading class 0x00000123aec1c400 'java/lang/invoke/LambdaForm$DMH+0x00000123aec1c400'
Event: 735.741 Thread 0x00000123ab987e90 Unloading class 0x00000123aec1c000 'java/lang/invoke/LambdaForm$DMH+0x00000123aec1c000'
Event: 735.741 Thread 0x00000123ab987e90 Unloading class 0x00000123aec0c000 'java/lang/invoke/LambdaForm$DMH+0x00000123aec0c000'
Event: 735.741 Thread 0x00000123ab987e90 Unloading class 0x00000123aec0c800 'java/lang/invoke/LambdaForm$DMH+0x00000123aec0c800'
Event: 735.741 Thread 0x00000123ab987e90 Unloading class 0x00000123aec00800 'java/lang/invoke/LambdaForm$DMH+0x00000123aec00800'
Event: 735.741 Thread 0x00000123ab987e90 Unloading class 0x00000123aebec400 'java/lang/invoke/LambdaForm$DMH+0x00000123aebec400'
Event: 735.741 Thread 0x00000123ab987e90 Unloading class 0x00000123aeb74800 'java/lang/invoke/LambdaForm$MH+0x00000123aeb74800'
Event: 735.741 Thread 0x00000123ab987e90 Unloading class 0x00000123aeb74000 'java/lang/invoke/LambdaForm$MH+0x00000123aeb74000'
Event: 735.741 Thread 0x00000123ab987e90 Unloading class 0x00000123aeb73400 'java/lang/invoke/LambdaForm$MH+0x00000123aeb73400'
Event: 735.741 Thread 0x00000123ab987e90 Unloading class 0x00000123aeb72c00 'java/lang/invoke/LambdaForm$MH+0x00000123aeb72c00'
Event: 735.741 Thread 0x00000123ab987e90 Unloading class 0x00000123aeb72800 'java/lang/invoke/LambdaForm$MH+0x00000123aeb72800'
Event: 735.741 Thread 0x00000123ab987e90 Unloading class 0x00000123aeb71c00 'java/lang/invoke/LambdaForm$MH+0x00000123aeb71c00'
Event: 735.741 Thread 0x00000123ab987e90 Unloading class 0x00000123aeb71400 'java/lang/invoke/LambdaForm$MH+0x00000123aeb71400'
Event: 735.741 Thread 0x00000123ab987e90 Unloading class 0x00000123aeb70800 'java/lang/invoke/LambdaForm$MH+0x00000123aeb70800'
Event: 735.741 Thread 0x00000123ab987e90 Unloading class 0x00000123aeb70400 'java/lang/invoke/LambdaForm$MH+0x00000123aeb70400'

Classes redefined (0 events):
No events

Internal exceptions (20 events):
Event: 735.686 Thread 0x00000124099de020 Exception <a 'sun/nio/fs/WindowsException'{0x00000000bebd39e8}> (0x00000000bebd39e8) 
thrown [s\open\src\hotspot\share\prims\jni.cpp, line 516]
Event: 735.686 Thread 0x00000123870b0030 Exception <a 'sun/nio/fs/WindowsException'{0x00000000bea39828}> (0x00000000bea39828) 
thrown [s\open\src\hotspot\share\prims\jni.cpp, line 516]
Event: 735.687 Thread 0x00000123f56dcf20 Exception <a 'sun/nio/fs/WindowsException'{0x00000000beeded30}> (0x00000000beeded30) 
thrown [s\open\src\hotspot\share\prims\jni.cpp, line 516]
Event: 736.018 Thread 0x0000012385f06bd0 Exception <a 'sun/nio/fs/WindowsException'{0x00000000c62331c0}> (0x00000000c62331c0) 
thrown [s\open\src\hotspot\share\prims\jni.cpp, line 516]
Event: 736.030 Thread 0x0000012385f06bd0 Exception <a 'sun/nio/fs/WindowsException'{0x00000000c610b250}> (0x00000000c610b250) 
thrown [s\open\src\hotspot\share\prims\jni.cpp, line 516]
Event: 736.030 Thread 0x0000012385f06bd0 Exception <a 'sun/nio/fs/WindowsException'{0x00000000c61349e0}> (0x00000000c61349e0) 
thrown [s\open\src\hotspot\share\prims\jni.cpp, line 516]
Event: 736.031 Thread 0x0000012385f06bd0 Exception <a 'sun/nio/fs/WindowsException'{0x00000000c6134a70}> (0x00000000c6134a70) 
thrown [s\open\src\hotspot\share\prims\jni.cpp, line 516]
Event: 736.031 Thread 0x0000012385f06bd0 Exception <a 'sun/nio/fs/WindowsException'{0x00000000c6135120}> (0x00000000c6135120) 
thrown [s\open\src\hotspot\share\prims\jni.cpp, line 516]
Event: 736.032 Thread 0x0000012385f06bd0 Exception <a 'sun/nio/fs/WindowsException'{0x00000000c6137658}> (0x00000000c6137658) 
thrown [s\open\src\hotspot\share\prims\jni.cpp, line 516]
Event: 736.043 Thread 0x0000012385f06bd0 Exception <a 'sun/nio/fs/WindowsException'{0x00000000c6029990}> (0x00000000c6029990) 
thrown [s\open\src\hotspot\share\prims\jni.cpp, line 516]
Event: 736.052 Thread 0x0000012385f06bd0 Exception <a 'sun/nio/fs/WindowsException'{0x00000000c60ee698}> (0x00000000c60ee698) 
thrown [s\open\src\hotspot\share\prims\jni.cpp, line 516]
Event: 736.053 Thread 0x0000012385f06bd0 Exception <a 'sun/nio/fs/WindowsException'{0x00000000c5f00150}> (0x00000000c5f00150) 
thrown [s\open\src\hotspot\share\prims\jni.cpp, line 516]
Event: 736.053 Thread 0x0000012385f06bd0 Exception <a 'sun/nio/fs/WindowsException'{0x00000000c5f001e0}> (0x00000000c5f001e0) 
thrown [s\open\src\hotspot\share\prims\jni.cpp, line 516]
Event: 736.053 Thread 0x0000012385f06bd0 Exception <a 'sun/nio/fs/WindowsException'{0x00000000c5f00580}> (0x00000000c5f00580) 
thrown [s\open\src\hotspot\share\prims\jni.cpp, line 516]
Event: 736.097 Thread 0x0000012385f06bd0 Exception <a 'sun/nio/fs/WindowsException'{0x00000000c5b80228}> (0x00000000c5b80228) 
thrown [s\open\src\hotspot\share\prims\jni.cpp, line 516]
Event: 736.098 Thread 0x0000012385f06bd0 Exception <a 'sun/nio/fs/WindowsException'{0x00000000c5b80510}> (0x00000000c5b80510) 
thrown [s\open\src\hotspot\share\prims\jni.cpp, line 516]
Event: 736.098 Thread 0x0000012385f06bd0 Exception <a 'sun/nio/fs/WindowsException'{0x00000000c5bac288}> (0x00000000c5bac288) 
thrown [s\open\src\hotspot\share\prims\jni.cpp, line 516]
Event: 736.920 Thread 0x00000124099e3b40 Exception <a 'java/lang/NoSuchMethodError'{0x00000000c48c17b8}: 'long java.lang.invoke.DirectMethodHandle$Holder.invokeStatic(java.lang.Object, java.lang.Object, java.lang.Object)'> (0x00000000c48c17b8) 
thrown [s\open\src\hotspot\share\interpreter\linkResolver.cpp, line 759]
Event: 736.920 Thread 0x00000124099dfe80 Exception <a 'java/lang/NoSuchMethodError'{0x00000000c471dbd0}: 'long java.lang.invoke.DirectMethodHandle$Holder.invokeStatic(java.lang.Object, java.lang.Object, java.lang.Object)'> (0x00000000c471dbd0) 
thrown [s\open\src\hotspot\share\interpreter\linkResolver.cpp, line 759]
Event: 736.920 Thread 0x00000124099e3120 Exception <a 'java/lang/NoSuchMethodError'{0x00000000c48f3e88}: 'long java.lang.invoke.DirectMethodHandle$Holder.invokeStatic(java.lang.Object, java.lang.Object, java.lang.Object)'> (0x00000000c48f3e88) 
thrown [s\open\src\hotspot\share\interpreter\linkResolver.cpp, line 759]

VM Operations (20 events):
Event: 736.952 Executing VM operation: HandshakeAllThreads
Event: 736.953 Executing VM operation: HandshakeAllThreads done
Event: 736.957 Executing VM operation: HandshakeAllThreads
Event: 736.957 Executing VM operation: HandshakeAllThreads done
Event: 736.976 Executing VM operation: HandshakeAllThreads
Event: 736.977 Executing VM operation: HandshakeAllThreads done
Event: 736.988 Executing VM operation: G1CollectForAllocation
Event: 737.017 Executing VM operation: G1CollectForAllocation done
Event: 737.064 Executing VM operation: HandshakeAllThreads
Event: 737.070 Executing VM operation: HandshakeAllThreads done
Event: 737.184 Executing VM operation: ICBufferFull
Event: 737.185 Executing VM operation: ICBufferFull done
Event: 737.212 Executing VM operation: G1CollectForAllocation
Event: 737.248 Executing VM operation: G1CollectForAllocation done
Event: 737.422 Executing VM operation: G1CollectForAllocation
Event: 737.483 Executing VM operation: G1CollectForAllocation done
Event: 737.654 Executing VM operation: G1CollectForAllocation
Event: 737.703 Executing VM operation: G1CollectForAllocation done
Event: 738.703 Executing VM operation: Cleanup
Event: 738.703 Executing VM operation: Cleanup done

Events (20 events):
Event: 736.905 Thread 0x00000124099e12c0 Thread added: 0x00000124099e12c0
Event: 736.906 Thread 0x00000124099ddb10 Thread added: 0x00000124099ddb10
Event: 736.908 Thread 0x00000124099e3b40 Thread added: 0x00000124099e3b40
Event: 736.910 Thread 0x00000124099e3120 Thread added: 0x00000124099e3120
Event: 736.947 loading class java/nio/HeapShortBuffer
Event: 736.948 loading class java/nio/HeapShortBuffer done
Event: 737.087 Thread 0x00000123ab9b0620 flushing nmethod 0x000001239d25b910
Event: 737.087 Thread 0x00000123ab9b0620 flushing nmethod 0x000001239d292490
Event: 737.090 Thread 0x00000123ab9b0620 flushing nmethod 0x000001239d36d110
Event: 737.098 Thread 0x00000123ab9b0620 flushing nmethod 0x000001239d7a6610
Event: 737.103 Thread 0x00000123ab9b0620 flushing nmethod 0x0000012394636710
Event: 737.178 Thread 0x00000123ab9b0620 flushing nmethod 0x00000123977ffa90
Event: 737.178 Thread 0x00000123ab9b0620 flushing nmethod 0x0000012397805490
Event: 737.179 Thread 0x00000123ab9b0620 flushing nmethod 0x0000012397943110
Event: 737.182 Thread 0x00000123ab9b0620 flushing nmethod 0x0000012397a81710
Event: 737.182 Thread 0x00000123ab9b0620 flushing nmethod 0x0000012397a9c890
Event: 737.182 Thread 0x00000123ab9b0620 flushing nmethod 0x0000012397a9d110
Event: 737.182 Thread 0x00000123ab9b0620 flushing nmethod 0x0000012397a9ee10
Event: 737.616 Thread 0x0000012384d951d0 Thread exited: 0x0000012384d951d0
Event: 737.617 Thread 0x00000124099dd600 Thread exited: 0x00000124099dd600


Dynamic libraries:
0x00007ff6a6fd0000 - 0x00007ff6a6fe0000 	C:\Program Files\Java\jdk-17\bin\java.exe
0x00007ffa1c140000 - 0x00007ffa1c3a7000 	C:\WINDOWS\SYSTEM32\ntdll.dll
0x00007ffa1a7e0000 - 0x00007ffa1a8a9000 	C:\WINDOWS\System32\KERNEL32.DLL
0x00007ffa18c80000 - 0x00007ffa19071000 	C:\WINDOWS\System32\KERNELBASE.dll
0x00007ffa19110000 - 0x00007ffa1925b000 	C:\WINDOWS\System32\ucrtbase.dll
0x00007ff9fa070000 - 0x00007ff9fa08b000 	C:\Program Files\Java\jdk-17\bin\VCRUNTIME140.dll
0x00007ffa06080000 - 0x00007ffa06099000 	C:\Program Files\Java\jdk-17\bin\jli.dll
0x00007ffa19ee0000 - 0x00007ffa19f9b000 	C:\WINDOWS\System32\ADVAPI32.dll
0x00007ffa1bf00000 - 0x00007ffa1bfa9000 	C:\WINDOWS\System32\msvcrt.dll
0x00007ffa1a8b0000 - 0x00007ffa1a957000 	C:\WINDOWS\System32\sechost.dll
0x00007ffa19fb0000 - 0x00007ffa1a0c8000 	C:\WINDOWS\System32\RPCRT4.dll
0x00007ffa1a390000 - 0x00007ffa1a555000 	C:\WINDOWS\System32\USER32.dll
0x00007ffa18c50000 - 0x00007ffa18c77000 	C:\WINDOWS\System32\win32u.dll
0x00007ffa1a270000 - 0x00007ffa1a29b000 	C:\WINDOWS\System32\GDI32.dll
0x00007ffa193d0000 - 0x00007ffa194fb000 	C:\WINDOWS\System32\gdi32full.dll
0x00007ffa18ba0000 - 0x00007ffa18c43000 	C:\WINDOWS\System32\msvcp_win.dll
0x00007ffa01eb0000 - 0x00007ffa02143000 	C:\WINDOWS\WinSxS\amd64_microsoft.windows.common-controls_6595b64144ccf1df_6.0.26100.8037_none_3e092faae333b53b\COMCTL32.dll
0x00007ffa02eb0000 - 0x00007ffa02ebb000 	C:\WINDOWS\SYSTEM32\VERSION.dll
0x00007ffa1a0d0000 - 0x00007ffa1a101000 	C:\WINDOWS\System32\IMM32.DLL
0x00007ffa07be0000 - 0x00007ffa07bec000 	C:\Program Files\Java\jdk-17\bin\vcruntime140_1.dll
0x00007ff9f36f0000 - 0x00007ff9f377e000 	C:\Program Files\Java\jdk-17\bin\msvcp140.dll
0x00007ff991610000 - 0x00007ff9921f0000 	C:\Program Files\Java\jdk-17\bin\server\jvm.dll
0x00007ffa1a560000 - 0x00007ffa1a568000 	C:\WINDOWS\System32\PSAPI.DLL
0x00007ffa0db00000 - 0x00007ffa0db35000 	C:\WINDOWS\SYSTEM32\WINMM.dll
0x00007ffa07a60000 - 0x00007ffa07a6a000 	C:\WINDOWS\SYSTEM32\WSOCK32.dll
0x00007ffa1be80000 - 0x00007ffa1bef4000 	C:\WINDOWS\System32\WS2_32.dll
0x00007ffa17770000 - 0x00007ffa1778b000 	C:\WINDOWS\SYSTEM32\kernel.appcore.dll
0x00007ffa07990000 - 0x00007ffa0799a000 	C:\Program Files\Java\jdk-17\bin\jimage.dll
0x00007ffa16770000 - 0x00007ffa169b2000 	C:\WINDOWS\SYSTEM32\DBGHELP.DLL
0x00007ffa1b220000 - 0x00007ffa1b5a2000 	C:\WINDOWS\System32\combase.dll
0x00007ffa1a960000 - 0x00007ffa1aa37000 	C:\WINDOWS\System32\OLEAUT32.dll
0x00007ff9fa3f0000 - 0x00007ff9fa42b000 	C:\WINDOWS\SYSTEM32\dbgcore.DLL
0x00007ffa19500000 - 0x00007ffa195a5000 	C:\WINDOWS\System32\bcryptPrimitives.dll
0x00007ffa04000000 - 0x00007ffa0400e000 	C:\Program Files\Java\jdk-17\bin\instrument.dll
0x00007ff9fa040000 - 0x00007ff9fa065000 	C:\Program Files\Java\jdk-17\bin\java.dll
0x00007ff9e52a0000 - 0x00007ff9e5377000 	C:\Program Files\Java\jdk-17\bin\jsvml.dll
0x00007ffa1aa40000 - 0x00007ffa1b19f000 	C:\WINDOWS\System32\SHELL32.dll
0x00007ffa19260000 - 0x00007ffa193ca000 	C:\WINDOWS\System32\wintypes.dll
0x00007ffa195b0000 - 0x00007ffa19e14000 	C:\WINDOWS\System32\windows.storage.dll
0x00007ffa1a110000 - 0x00007ffa1a207000 	C:\WINDOWS\System32\SHCORE.dll
0x00007ffa1b1b0000 - 0x00007ffa1b217000 	C:\WINDOWS\System32\shlwapi.dll
0x00007ffa18940000 - 0x00007ffa18969000 	C:\WINDOWS\SYSTEM32\profapi.dll
0x00007ff9f8e20000 - 0x00007ff9f8e38000 	C:\Program Files\Java\jdk-17\bin\zip.dll
0x00007ff9fa020000 - 0x00007ff9fa039000 	C:\Program Files\Java\jdk-17\bin\net.dll
0x00007ffa0fec0000 - 0x00007ffa0ffe7000 	C:\WINDOWS\SYSTEM32\WINHTTP.dll
0x00007ffa17cc0000 - 0x00007ffa17d2b000 	C:\WINDOWS\system32\mswsock.dll
0x00007ff9f9790000 - 0x00007ff9f97a6000 	C:\Program Files\Java\jdk-17\bin\nio.dll
0x00007ffa06070000 - 0x00007ffa06080000 	C:\Program Files\Java\jdk-17\bin\verify.dll
0x00007ffa040f0000 - 0x00007ffa04117000 	C:\Users\jirag\.gradle\native\1def1411415f61bf3af743bc5b6707747c0891f09f0c88961ee8f79bc544acac\windows-amd64\native-platform.dll
0x00007ff9de230000 - 0x00007ff9de2a8000 	C:\Users\jirag\.gradle\native\0.2.7\x86_64-windows-gnu\gradle-fileevents.dll
0x00007ffa06040000 - 0x00007ffa0604a000 	C:\Program Files\Java\jdk-17\bin\management.dll
0x00007ffa05150000 - 0x00007ffa0515b000 	C:\Program Files\Java\jdk-17\bin\management_ext.dll
0x00007ffa171b0000 - 0x00007ffa171e3000 	C:\WINDOWS\SYSTEM32\IPHLPAPI.DLL
0x00007ffa19fa0000 - 0x00007ffa19faa000 	C:\WINDOWS\System32\NSI.dll
0x00007ffa10bf0000 - 0x00007ffa10c0d000 	C:\WINDOWS\SYSTEM32\dhcpcsvc6.DLL
0x00007ffa10b50000 - 0x00007ffa10b73000 	C:\WINDOWS\SYSTEM32\dhcpcsvc.DLL
0x00007ffa17250000 - 0x00007ffa1737a000 	C:\WINDOWS\SYSTEM32\DNSAPI.dll
0x00007ffa180c0000 - 0x00007ffa180db000 	C:\WINDOWS\SYSTEM32\CRYPTSP.dll
0x00007ffa176d0000 - 0x00007ffa17709000 	C:\WINDOWS\system32\rsaenh.dll
0x00007ffa17d70000 - 0x00007ffa17da2000 	C:\WINDOWS\SYSTEM32\USERENV.dll
0x00007ffa18910000 - 0x00007ffa1893a000 	C:\WINDOWS\SYSTEM32\bcrypt.dll
0x00007ffa17f20000 - 0x00007ffa17f2c000 	C:\WINDOWS\SYSTEM32\CRYPTBASE.dll
0x00007ff9f9f40000 - 0x00007ff9f9f4e000 	C:\Program Files\Java\jdk-17\bin\sunmscapi.dll
0x00007ffa18a20000 - 0x00007ffa18b97000 	C:\WINDOWS\System32\CRYPT32.dll
0x00007ffa18220000 - 0x00007ffa18250000 	C:\WINDOWS\SYSTEM32\ncrypt.dll
0x00007ffa181d0000 - 0x00007ffa1820f000 	C:\WINDOWS\SYSTEM32\NTASN1.dll
0x00007ff9f7d90000 - 0x00007ff9f7d98000 	C:\WINDOWS\system32\wshunix.dll
0x00007ffa0f7e0000 - 0x00007ffa0f7eb000 	C:\Windows\System32\rasadhlp.dll
0x00007ffa10e00000 - 0x00007ffa10e86000 	C:\WINDOWS\System32\fwpuclnt.dll
0x00007ff9f46d0000 - 0x00007ff9f46e8000 	C:\WINDOWS\system32\napinsp.dll
0x00007ff9f2fa0000 - 0x00007ff9f2fb2000 	C:\WINDOWS\System32\winrnr.dll
0x00007ff9f2fe0000 - 0x00007ff9f3002000 	C:\WINDOWS\system32\nlansp_c.dll
0x00007ff9f33e0000 - 0x00007ff9f33f6000 	C:\WINDOWS\system32\wshbth.dll
0x00007ffa17890000 - 0x00007ffa178c6000 	C:\WINDOWS\SYSTEM32\ntmarta.dll
0x00007ffa134e0000 - 0x00007ffa1357f000 	C:\WINDOWS\system32\apphelp.dll
0x00007ffa06a50000 - 0x00007ffa06a57000 	C:\Program Files\Java\jdk-17\bin\rmi.dll

dbghelp: loaded successfully - version: 4.0.5 - missing functions: none
symbol engine: initialized successfully - sym options: 0x614 - pdb path: .;C:\Program Files\Java\jdk-17\bin;C:\WINDOWS\SYSTEM32;C:\WINDOWS\WinSxS\amd64_microsoft.windows.common-controls_6595b64144ccf1df_6.0.26100.8037_none_3e092faae333b53b;C:\Program Files\Java\jdk-17\bin\server;C:\Users\jirag\.gradle\native\1def1411415f61bf3af743bc5b6707747c0891f09f0c88961ee8f79bc544acac\windows-amd64;C:\Users\jirag\.gradle\native\0.2.7\x86_64-windows-gnu

VM Arguments:
jvm_args: --add-opens=java.base/java.lang=ALL-UNNAMED --add-opens=java.base/java.lang.invoke=ALL-UNNAMED --add-opens=java.base/java.util=ALL-UNNAMED --add-opens=java.prefs/java.util.prefs=ALL-UNNAMED --add-exports=jdk.compiler/com.sun.tools.javac.api=ALL-UNNAMED --add-exports=jdk.compiler/com.sun.tools.javac.util=ALL-UNNAMED --add-opens=java.base/java.util=ALL-UNNAMED --add-opens=java.prefs/java.util.prefs=ALL-UNNAMED --add-opens=java.base/java.nio.charset=ALL-UNNAMED --add-opens=java.base/java.net=ALL-UNNAMED --add-opens=java.base/java.util.concurrent.atomic=ALL-UNNAMED --add-opens=java.xml/javax.xml.namespace=ALL-UNNAMED -Xmx2048m -Dfile.encoding=UTF-8 -Duser.country=US -Duser.language=en -Duser.variant -javaagent:C:\Users\jirag\.gradle\wrapper\dists\gradle-8.13-bin\5xuhj0ry160q40clulazy9h7d\gradle-8.13\lib\agents\gradle-instrumentation-agent-8.13.jar 
java_command: org.gradle.launcher.daemon.bootstrap.GradleDaemon 8.13
java_class_path (initial): C:\Users\jirag\.gradle\wrapper\dists\gradle-8.13-bin\5xuhj0ry160q40clulazy9h7d\gradle-8.13\lib\gradle-daemon-main-8.13.jar
Launcher Type: SUN_STANDARD

[Global flags]
     intx CICompilerCount                          = 4                                         {product} {ergonomic}
     uint ConcGCThreads                            = 3                                         {product} {ergonomic}
     uint G1ConcRefinementThreads                  = 10                                        {product} {ergonomic}
   size_t G1HeapRegionSize                         = 1048576                                   {product} {ergonomic}
    uintx GCDrainStackTargetSize                   = 64                                        {product} {ergonomic}
   size_t InitialHeapSize                          = 264241152                                 {product} {ergonomic}
   size_t MarkStackSize                            = 4194304                                   {product} {ergonomic}
   size_t MaxHeapSize                              = 2147483648                                {product} {command line}
   size_t MaxNewSize                               = 1287651328                                {product} {ergonomic}
   size_t MinHeapDeltaBytes                        = 1048576                                   {product} {ergonomic}
   size_t MinHeapSize                              = 8388608                                   {product} {ergonomic}
    uintx NonNMethodCodeHeapSize                   = 5839372                                {pd product} {ergonomic}
    uintx NonProfiledCodeHeapSize                  = 122909434                              {pd product} {ergonomic}
    uintx ProfiledCodeHeapSize                     = 122909434                              {pd product} {ergonomic}
    uintx ReservedCodeCacheSize                    = 251658240                              {pd product} {ergonomic}
     bool SegmentedCodeCache                       = true                                      {product} {ergonomic}
   size_t SoftMaxHeapSize                          = 2147483648                             {manageable} {ergonomic}
     bool UseCompressedClassPointers               = true                           {product lp64_product} {ergonomic}
     bool UseCompressedOops                        = true                           {product lp64_product} {ergonomic}
     bool UseG1GC                                  = true                                      {product} {ergonomic}
     bool UseLargePagesIndividualAllocation        = false                                  {pd product} {ergonomic}

Logging:
Log output configuration:
 #0: stdout all=warning uptime,level,tags
 #1: stderr all=off uptime,level,tags

Environment Variables:
JAVA_HOME=C:\Program Files\Java\jdk-17\
CLASSPATH=C:\Users\jirag\AndroidStudioProjects\MedQueue\\gradle\wrapper\gradle-wrapper.jar
PATH=C:\Program Files\Common Files\Oracle\Java\javapath;C:\WINDOWS\system32;C:\WINDOWS;C:\WINDOWS\System32\Wbem;C:\WINDOWS\System32\WindowsPowerShell\v1.0\;C:\WINDOWS\System32\OpenSSH\;C:\ProgramData\chocolatey\bin;C:\Program Files\Java\jdk-17\bin;C:\Program Files\Git\cmd;C:\Program Files\nodejs\;C:\Program Files\Java\jdk-17\bin;C:\apache-maven-3.9.11\bin;C:\Users\jirag\.local\bin;C:\Users\jirag\AppData\Local\Programs\Python\Python313\Scripts\;C:\Users\jirag\AppData\Local\Programs\Python\Python313\;C:\Program Files\MySQL\MySQL Shell 8.0\bin\;C:\Users\jirag\AppData\Local\Microsoft\WindowsApps;C:\Program Files\JetBrains\IntelliJ IDEA 2025.1.1.1\bin;;C:\Users\jirag\AppData\Roaming\npm;C:\Program Files\Java\jdk-17\bin;C:\apache-maven-3.9.11\bin;C:\Users\jirag\AppData\Local\Programs\Microsoft VS Code\bin;C:\Users\jirag\AppData\Local\Programs\Warp\bin;C:\Users\jirag\AppData\Local\Programs\Antigravity\bin
USERNAME=jirag
OS=Windows_NT
PROCESSOR_IDENTIFIER=Intel64 Family 6 Model 154 Stepping 4, GenuineIntel



---------------  S Y S T E M  ---------------

OS:
 Windows 11 , 64 bit Build 26100 (10.0.26100.7920)
OS uptime: 1 days 0:59 hours
Hyper-V role detected

CPU: total 12 (initial active 12) (6 cores per cpu, 2 threads per core) family 6 model 154 stepping 4 microcode 0x434, cx8, cmov, fxsr, ht, mmx, 3dnowpref, sse, sse2, sse3, ssse3, sse4.1, sse4.2, popcnt, lzcnt, tsc, tscinvbit, avx, avx2, aes, erms, clmul, bmi1, bmi2, adx, sha, fma, vzeroupper, clflush, clflushopt, clwb, hv

Memory: 4k page, system-wide physical 16077M (1556M free)
TotalPageFile size 20941M (AvailPageFile size 2989M)
current process WorkingSet (physical memory assigned to process): 1810M, peak: 1813M
current process commit charge ("private bytes"): 1854M, peak: 1860M

vm_info: Java HotSpot(TM) 64-Bit Server VM (17.0.12+8-LTS-286) for windows-amd64 JRE (17.0.12+8-LTS-286), built on Jun  5 2024 06:46:59 by "mach5one" with MS VC++ 17.6 (VS2022)

END.
